# Blender 5.0.1
# www.blender.org
o Plane.001
v -25.000002 0.000002 -24.999998
v -24.999998 0.000002 25.000002
v 24.999998 -0.000002 -25.000002
v 24.999531 0.000021 24.999609
v -47.070202 -8.038280 -49.349743
v -50.184231 -2.230769 49.988033
v 54.451626 -0.000004 -54.451633
v 53.024597 -7.873269 45.886555
v 28.284693 0.981233 -28.264919
v 30.244625 5.892029 -31.085789
v 33.052994 9.154804 -35.735435
v 40.013031 12.665991 -40.372944
v 45.588726 13.629983 -45.034325
v 48.176949 11.987370 -47.818638
v 51.194534 9.102737 -49.013756
v 51.182579 0.006571 -51.180115
v 48.173347 -4.606269 44.972092
v 42.999142 -6.979521 41.162197
v 39.903984 -6.948185 38.027229
v 37.282116 -6.999446 34.776505
v 33.825146 -12.163791 27.389925
v 28.284748 -9.494520 24.308849
v 27.616436 -1.614912 27.011595
v 25.877733 0.199112 26.059977
v -26.414585 1.027707 -26.998207
v -28.289373 1.949687 -29.833826
v -31.527700 3.044058 -34.247612
v -33.340240 8.400317 -36.072048
v -36.638962 11.504139 -40.223042
v -41.593178 7.910861 -45.303127
v -41.256306 2.045445 -45.395195
v -43.520920 -2.769691 -45.952419
v -26.524969 3.418992 28.532238
v -28.521950 11.502873 34.463440
v -32.435284 13.825647 36.426956
v -36.116772 15.039989 37.470371
v -41.891094 18.426149 39.187393
v -46.317303 17.375025 40.740612
v -48.123241 11.802150 43.953800
v -48.917995 4.826176 46.070019
v 24.999998 -0.000002 -20.892187
v 24.999998 -0.000002 -16.725521
v 25.000000 -0.000002 -12.558856
v 25.000000 -0.000002 -8.392190
v 25.000000 -0.000002 -4.225522
v 25.000000 -0.000002 -0.000002
v 25.000000 -0.000002 4.107811
v 25.000000 -0.000002 8.274478
v 25.000000 -0.000002 12.441144
v 25.000002 -0.000002 16.607813
v 25.000002 -0.000002 20.774479
v 56.649868 3.081091 -46.432499
v 60.866074 6.242852 -40.593822
v 64.190536 13.606142 -32.862053
v 68.218529 17.192436 -23.494671
v 57.849064 13.267678 -10.144582
v 57.299500 16.761148 3.489351
v 54.758820 5.793459 9.691077
v 54.631882 5.850126 17.931980
v 55.069664 5.887716 26.598471
v 55.082699 3.851910 35.395798
v 54.165634 -1.901663 40.681747
v 28.272402 -0.000002 -23.560339
v 28.272402 -0.000002 -18.848272
v 28.272060 0.002384 -14.136233
v 28.379337 -0.083514 -9.433119
v 28.390203 -0.109286 -4.720751
v 28.355539 -0.082648 -0.007736
v 28.274046 -0.001749 4.711835
v 28.272079 0.000717 9.424195
v 28.251331 0.057759 14.140104
v 27.758223 0.309842 18.528093
v 27.492754 0.201324 23.038042
v 30.640368 4.627586 -25.702406
v 31.438402 0.280123 -21.032320
v 31.250818 1.160266 -15.695865
v 32.283993 0.237746 -10.207700
v 33.490105 -0.806536 -4.753962
v 34.756706 -1.998413 0.579952
v 31.884476 -0.318857 5.233782
v 31.113953 1.071893 10.633184
v 30.801374 2.003450 15.975801
v 30.252560 1.185280 20.571600
v 29.594728 0.170132 24.768562
v 34.486237 8.828367 -28.701162
v 33.314659 2.733415 -22.690733
v 33.011974 3.119150 -17.274561
v 33.417351 3.030118 -11.211188
v 35.747566 0.955798 -4.805148
v 35.948898 0.728415 1.171541
v 34.941154 1.282275 6.421315
v 33.905701 2.742393 12.032693
v 33.627865 4.692562 18.305765
v 33.325565 2.772030 23.551220
v 32.227753 -1.057645 26.832951
v 37.898224 10.569992 -31.527536
v 36.463398 6.811974 -24.755432
v 34.523800 5.495547 -19.142986
v 34.262634 6.188300 -12.500321
v 37.154144 3.571526 -5.138060
v 36.634251 4.041801 1.604138
v 35.189167 6.016553 7.537060
v 36.130695 7.063839 13.634851
v 36.503288 10.731252 21.665936
v 37.144581 4.541547 26.751858
v 37.363701 -1.245169 31.219149
v 45.679817 14.624325 -36.438644
v 40.278378 10.013301 -27.757277
v 36.740372 8.197255 -21.388407
v 35.892097 8.908673 -14.086556
v 37.305096 7.942075 -5.892474
v 37.803528 8.231422 2.299024
v 37.840096 9.604841 8.722576
v 39.578930 11.618048 15.378033
v 40.438995 12.696207 23.875187
v 40.999531 3.648314 29.198614
v 40.701523 -1.974457 33.897820
v 50.065788 13.194882 -38.989391
v 50.236721 14.022675 -30.749384
v 43.402382 11.071339 -22.212929
v 37.859108 11.666802 -15.841859
v 39.285831 11.132136 -6.783489
v 40.481922 14.006193 3.443373
v 42.233482 14.263284 11.179610
v 43.767258 12.449104 16.466703
v 44.396168 11.816741 24.803894
v 44.578354 7.180038 32.459229
v 44.072826 -0.028594 36.938061
v 52.148720 11.277532 -41.235992
v 53.999836 14.702813 -33.636024
v 46.846867 11.033657 -24.050316
v 41.717216 13.249239 -17.176910
v 47.601448 18.427788 -8.153246
v 49.009270 19.714594 4.807218
v 46.854553 13.582830 11.661207
v 47.481197 10.775250 16.770033
v 47.860584 7.674561 25.212294
v 47.888477 8.716412 35.264351
v 47.662678 0.217302 39.720417
v 55.602814 8.555599 -44.328598
v 57.465313 12.415195 -36.634991
v 57.615707 15.256125 -30.054512
v 58.674774 12.552236 -20.527908
v 53.083408 17.282421 -10.286486
v 53.126968 18.811255 3.687654
v 51.350712 11.904054 11.891397
v 51.155411 5.693466 16.942822
v 51.495911 8.494345 27.671928
v 51.411224 8.029037 36.918697
v 51.455048 -1.472644 42.273067
v -25.000002 0.000002 -20.835897
v -25.000002 0.000002 -16.725517
v -25.000000 -0.000008 -12.558852
v -25.000000 0.000002 -8.392186
v -25.000000 0.000002 -4.225518
v -25.000000 0.000002 0.000002
v -25.000000 0.000002 4.258526
v -25.000000 0.000002 8.595368
v -24.999998 0.000002 12.834538
v -24.999998 0.000002 16.891506
v -24.999998 0.000002 20.541771
v -54.823242 -4.095401 -46.151440
v -62.755856 0.309437 -39.292389
v -59.804447 -2.017735 -29.533356
v -58.748501 0.688354 -19.854122
v -60.716999 4.629787 -10.992772
v -55.485947 -0.432476 0.741567
v -56.936119 -0.195215 10.657449
v -51.763992 -4.514246 20.896358
v -57.315250 -1.052598 30.490452
v -59.589027 1.435034 38.484932
v -55.771103 -2.123547 44.172520
v -28.667995 2.422983 25.100130
v -28.373156 3.669898 19.959633
v -29.408648 1.643827 15.083401
v -28.968637 0.004331 9.883584
v -28.597149 0.180010 4.935139
v -28.446049 0.026801 0.092863
v -28.372553 0.296623 -4.725854
v -28.278936 0.029076 -9.429007
v -28.275120 0.004477 -14.138365
v -28.274300 0.006173 -18.849705
v -27.836994 1.258059 -23.391579
v -26.706886 11.916085 29.010529
v -28.932970 12.270247 22.395414
v -31.718115 6.896655 16.768948
v -32.357338 3.610329 11.130069
v -32.511551 0.020784 5.805174
v -32.533184 0.468066 -0.010384
v -31.771225 2.395810 -5.386102
v -31.549950 2.559797 -10.392273
v -31.532120 2.250546 -15.221162
v -31.944702 1.869539 -20.809717
v -31.500456 2.085732 -26.133549
v -30.782187 14.518720 32.480419
v -31.920811 14.907532 25.242947
v -35.701061 10.590297 18.349689
v -36.029072 7.745319 12.012448
v -35.334675 6.510157 5.772789
v -34.181252 7.753552 -1.009004
v -35.177734 4.889751 -6.107836
v -36.193134 3.151818 -11.517617
v -35.511837 3.806043 -17.206926
v -34.986347 4.439000 -22.938765
v -34.123585 4.971437 -28.427475
v -38.052326 15.008742 32.768078
v -37.831516 14.232156 26.698912
v -41.976311 13.557728 18.482237
v -40.576733 10.433064 12.759686
v -39.050705 9.103892 6.003950
v -37.215080 8.880163 -0.408567
v -38.970367 5.749810 -6.544549
v -39.436378 4.908134 -12.838441
v -38.953983 5.648412 -19.125130
v -38.276569 7.136695 -25.301256
v -37.047523 9.073841 -31.123144
v -42.773647 13.839847 35.392597
v -42.097511 8.560657 29.003021
v -46.735806 10.739138 20.529795
v -45.078072 10.385957 14.235076
v -43.237492 9.615462 6.541589
v -41.144707 8.279778 0.155570
v -42.807049 5.783601 -7.040245
v -42.860306 5.701328 -14.174599
v -42.453266 6.605452 -21.328428
v -41.923775 9.135491 -28.207245
v -41.044033 14.634852 -34.956287
v -49.861683 12.810464 35.971375
v -46.343834 8.028440 29.983095
v -48.139553 10.110575 24.213869
v -49.654484 10.658542 17.194841
v -47.960922 10.068698 6.182010
v -44.880199 7.407457 0.001050
v -46.337883 5.572491 -7.845734
v -46.433594 5.386194 -15.778549
v -46.031536 5.897727 -23.864323
v -45.334072 7.398672 -32.587353
v -44.740234 9.669758 -44.549011
v -52.514175 9.740088 38.711044
v -52.634594 10.492485 31.539249
v -49.412670 8.417695 26.200375
v -52.131966 8.723930 18.545607
v -51.015186 9.051535 6.223722
v -48.357075 4.209716 -0.472202
v -50.175396 4.646533 -8.969134
v -50.400433 4.312749 -17.333755
v -49.859261 4.167196 -25.815889
v -48.344776 4.808427 -34.670906
v -44.481010 6.355272 -44.859295
v -54.262928 4.454954 41.034733
v -55.863029 6.180536 35.118813
v -51.367672 0.989864 28.908297
v -52.842716 1.770862 21.198347
v -53.973011 6.711286 7.474278
v -52.260818 -0.254543 0.727683
v -54.919323 3.379429 -9.708836
v -55.041031 3.006082 -18.837036
v -54.562885 1.605786 -27.469604
v -53.599903 1.423186 -35.932632
v -49.001190 -0.179130 -42.922276
v -20.171089 -0.000009 25.000002
v -15.523616 0.000001 25.000002
v -10.145259 0.000001 25.000000
v -5.027728 0.000000 25.000000
v 0.000002 0.000000 25.000000
v 4.972272 -0.000000 25.000000
v 9.972272 -0.000001 25.000000
v 14.972272 -0.000001 24.999998
v 19.972273 -0.000002 24.999998
v -42.180058 1.337411 54.926243
v -36.666954 8.490545 60.031391
v -24.955046 7.478774 64.779060
v -11.204429 1.651141 56.442471
v -0.090047 1.021938 55.626736
v 10.879037 0.160408 54.634941
v 21.780281 0.004068 54.454872
v 27.340124 -19.086731 46.288315
v 41.955254 -21.137831 43.852928
v 22.488903 0.806458 28.091940
v 16.469585 0.087809 27.608118
v 11.303667 0.001833 28.267393
v 5.654484 0.000000 28.272404
v 0.000003 -0.000000 28.272404
v -5.658528 0.000095 28.274858
v -11.509070 3.153926 28.266562
v -18.171965 -0.683332 29.223598
v -23.276274 0.431778 29.404961
v 25.250742 0.153452 30.938053
v 19.266167 0.784240 31.444828
v 12.575401 1.226096 31.166199
v 6.484448 0.480360 31.531475
v 0.014667 0.164068 31.517895
v -6.326460 0.115639 31.543190
v -12.861502 3.560707 31.434481
v -20.694342 1.230744 32.619343
v -24.530024 4.835634 33.910358
v 28.547604 -3.663669 33.515129
v 21.656221 -0.163192 34.689289
v 13.659810 0.901500 34.204796
v 7.240005 0.869837 34.753368
v 0.109880 1.726758 34.534737
v -6.977335 0.560106 34.761005
v -13.805010 4.372576 34.728539
v -21.819765 4.028361 35.402790
v -25.999498 9.118836 36.354382
v 26.154449 -14.827094 27.026220
v 22.824303 -2.749047 37.229763
v 15.060320 0.685928 37.450974
v 7.970178 1.001367 38.036442
v 0.130484 3.379802 37.439476
v -7.190868 2.780108 38.032707
v -14.975779 5.597791 38.061390
v -23.666107 7.588839 39.441757
v -28.398237 10.021887 39.165070
v 28.630219 -17.219032 31.759502
v 21.562075 -13.944298 34.808498
v 16.864681 1.216753 40.795078
v 10.644448 7.491756 40.555786
v 0.159812 5.473917 40.687626
v -9.465402 4.842092 41.853111
v -16.893181 7.224337 42.072136
v -25.548174 14.378080 45.252239
v -33.004917 17.879681 40.276371
v 31.007874 -18.469349 35.761810
v 23.704798 -16.105898 37.153976
v 17.878014 0.061898 44.621433
v 11.068493 8.419033 44.294712
v -1.246221 12.209276 46.535347
v -13.293857 10.981940 48.678329
v -21.125034 14.756344 53.648087
v -29.981516 27.615332 51.038250
v -37.366383 23.116285 44.131294
v 33.527836 -19.329588 38.929287
v 25.678951 -17.415733 41.810886
v 19.162733 -0.000001 47.906822
v 11.895891 7.621663 47.796814
v -1.380044 10.689355 50.328793
v -13.436927 9.306829 51.751221
v -22.986998 14.855416 56.478397
v -32.948666 27.060822 53.229839
v -41.743286 19.884609 47.540401
v 36.614834 -19.454346 40.379025
v 27.076687 -18.634274 44.329624
v 20.471693 -0.000002 51.179226
v 10.444781 1.579074 51.346035
v -0.585669 4.653972 52.520397
v -10.613639 1.173916 52.461411
v -24.160181 11.068770 58.225182
v -34.644001 23.887634 57.600903
v -42.687012 9.362641 50.201859
v -19.995394 0.000002 -24.999998
v -15.027702 0.000001 -24.999998
v -10.027732 0.000001 -25.000000
v -5.027731 0.000000 -25.000000
v -0.000002 0.000000 -25.000000
v 4.972269 -0.000000 -25.000000
v 9.972268 -0.000001 -25.000000
v 14.972268 -0.000001 -25.000002
v 19.972269 -0.000002 -25.000002
v -38.684483 -11.428515 -50.514866
v -30.097095 -10.518248 -48.878796
v -21.781647 -2.867317 -52.744175
v -10.507964 0.312045 -55.333683
v -0.453949 -2.925701 -52.961342
v 8.509988 -2.488555 -56.173420
v 19.390207 -1.590832 -64.030258
v 30.351650 -0.867187 -69.684128
v 43.560177 0.141427 -54.555923
v -21.552794 1.052211 -27.936914
v -16.368238 1.173418 -28.284081
v -10.974872 1.313206 -28.152906
v -5.545959 0.775821 -27.686295
v -0.097554 2.710820 -27.397312
v 5.718890 2.351034 -27.782404
v 11.540641 3.232179 -27.609770
v 17.348738 3.077831 -27.656179
v 22.617922 -0.000002 -28.272406
v -23.283230 2.361006 -31.230789
v -17.671560 3.056223 -31.667809
v -11.699277 4.165362 -31.348787
v -5.505661 5.977670 -30.025419
v -0.111676 6.246068 -29.647154
v 6.435036 7.194139 -29.811424
v 12.961799 5.125910 -30.550138
v 19.451635 4.193579 -30.749325
v 25.179792 1.094882 -31.385424
v -25.520172 3.700097 -35.217533
v -19.275557 4.815376 -35.567345
v -12.568559 6.863542 -35.097210
v -5.475347 10.135024 -33.122963
v -0.123725 7.471333 -32.854294
v 7.171393 7.863850 -33.003216
v 14.348690 5.536866 -34.106731
v 21.198193 2.336885 -35.073280
v 27.663813 2.330096 -34.679268
v -27.861052 5.218425 -39.223877
v -21.282515 6.099914 -39.841137
v -13.746094 9.257166 -39.388340
v -4.256507 14.562693 -35.067394
v -0.200008 11.519394 -36.740234
v 8.005644 8.749248 -36.323139
v 16.031252 6.858401 -37.777187
v 24.070272 5.225907 -38.832474
v 31.796377 6.595913 -38.101673
v -31.111677 6.279748 -42.016624
v -24.153034 6.307168 -43.892086
v -16.567738 12.348350 -43.594082
v -8.656447 16.582932 -42.511726
v -0.033211 13.148298 -42.483143
v 8.910093 10.096821 -39.874294
v 17.416035 5.935731 -43.029099
v 28.285233 12.706573 -43.383171
v 35.582344 9.851379 -42.223469
v -34.006157 3.424692 -42.856155
v -27.447813 5.773633 -45.340248
v -19.140766 12.892634 -48.802990
v -10.538536 15.707443 -48.154114
v -0.989312 12.603438 -49.510235
v 9.616869 8.668613 -43.709385
v 18.246124 5.460012 -48.012306
v 30.125418 12.135730 -46.413639
v 39.514088 10.528263 -48.395256
v -34.718052 -2.396185 -45.111214
v -28.617252 -0.321035 -48.345875
v -19.506178 6.402178 -51.154835
v -10.469780 11.814546 -51.035774
v -0.245266 5.238265 -49.793198
v 8.862245 1.223641 -51.321972
v 17.407736 2.363375 -55.774948
v 31.683777 10.170528 -51.444000
v 41.419144 9.057909 -50.917931
v -35.800175 -6.597850 -47.716404
v -28.607187 -4.886199 -48.888096
v -21.070395 0.238734 -52.259762
v -10.276709 2.363221 -52.726246
v 0.430732 0.947314 -52.147034
v 8.599578 -0.995482 -54.536015
v 18.177086 -0.029257 -60.514454
v 28.191938 0.351483 -65.284470
v 42.189491 5.313491 -51.817890
v -51.186726 -14.196177 -54.660320
v -56.030258 -11.746387 56.078541
v 58.977692 -2.320390 -58.977463
v 58.480316 -13.061546 55.114883
v 58.731365 -2.364685 -49.134121
v 62.342232 0.941297 -42.125431
v 69.313583 9.047176 -35.229248
v 72.258850 14.533570 -24.962744
v 68.270012 10.416625 -10.395129
v 61.220985 5.155982 0.390743
v 61.292339 2.821033 9.438548
v 60.110374 5.285402 18.718769
v 61.798611 5.957865 27.297089
v 58.002659 -2.083915 33.347466
v 62.336250 -9.300091 46.848927
v -60.311779 -7.787766 -54.080303
v -67.991081 -2.863969 -43.494785
v -66.059578 -7.619930 -31.962317
v -59.723362 -9.379282 -18.177790
v -63.757610 0.142301 -10.401968
v -60.931564 -2.747324 1.229704
v -60.215183 -4.482093 11.906960
v -54.886028 -9.276004 22.742821
v -62.916454 -4.721192 33.115417
v -62.676418 -8.206758 41.270424
v -59.705746 -11.759789 48.626705
v -48.003918 -9.321868 61.476280
v -39.140640 -2.314400 69.365891
v -28.070242 1.172350 72.376907
v -14.665816 -0.120897 66.045296
v -0.307858 0.337004 62.064175
v 11.735362 -1.574673 59.848209
v 23.388716 -1.397284 59.803593
v 29.148682 -24.262821 46.807419
v 46.989426 -28.857332 48.070156
v -44.310444 -14.577323 -57.190334
v -33.639645 -16.298792 -52.304947
v -22.436445 -6.638744 -53.217896
v -11.809429 -2.234898 -59.098717
v -1.839749 -9.417365 -54.679543
v 8.846063 -5.821145 -59.695663
v 21.306000 -5.039947 -70.271851
v 33.748417 -3.972856 -76.080826
v 47.149609 -2.345112 -59.619446
v -58.977722 -377.973114 -58.977455
v -58.977711 -377.973114 58.977951
v 58.977688 -377.973114 -58.977463
v 59.357296 -377.997070 59.017448
v 58.977692 -377.973114 -49.147846
v 58.977692 -377.973114 -39.318226
v 58.977692 -377.973114 -29.488611
v 58.990551 -377.973938 -19.657656
v 59.338726 -377.995911 -9.791802
v 59.854652 -378.028473 0.091508
v 60.277355 -378.055145 9.965117
v 60.491547 -378.068665 19.817028
v 60.469002 -378.067261 29.644300
v 60.227619 -378.052032 39.448795
v 59.821419 -378.026367 49.236137
v -58.977718 -377.973114 -49.147839
v -58.977718 -377.973114 -39.318218
v -58.977718 -377.973114 -29.488604
v -58.977718 -377.973114 -19.658987
v -58.977718 -377.973114 -9.829368
v -58.977715 -377.973114 0.000249
v -58.977715 -377.973114 9.829866
v -58.977715 -377.973114 19.659483
v -58.977715 -377.973114 29.489101
v -58.977715 -377.973114 39.318718
v -58.977715 -377.973114 49.148335
v -47.182167 -377.973114 58.977951
v -35.386627 -377.973114 58.977951
v -23.591087 -377.973114 58.977947
v -11.795544 -377.973114 58.977947
v -0.000004 -377.973114 58.977947
v 11.795537 -377.973114 58.977947
v 23.591076 -377.973114 58.977947
v 35.569519 -377.984650 58.996979
v 47.598724 -377.999420 59.021297
v -47.182178 -377.973114 -58.977455
v -35.386639 -377.973114 -58.977455
v -23.591095 -377.973114 -58.977459
v -11.791394 -377.893219 -59.070847
v 0.002077 -377.933136 -59.024170
v 11.795547 -377.973053 -58.977486
v 23.591068 -377.973114 -58.977459
v 35.386608 -377.973114 -58.977463
v 47.182148 -377.973114 -58.977463
v -58.977715 -357.103516 19.659483
v -59.032475 -336.236115 19.656345
v -71.639000 -315.806641 18.772482
v -78.795441 -294.247162 19.338640
v -86.165382 -271.022400 34.501396
v -87.361565 -249.010223 36.467339
v -91.347511 -224.803070 28.240005
v -86.514015 -202.931473 16.691053
v -78.381699 -187.760101 11.635196
v -89.339302 -164.832108 26.335682
v -94.487114 -144.397141 25.841877
v -92.889069 -124.131058 24.577187
v -94.848961 -103.442764 35.550858
v -112.533607 -72.407074 39.233635
v -100.423363 -54.870384 37.306549
v -88.790115 -35.287464 27.092442
v -73.375870 -21.364252 25.225430
v -79.001129 -19.605742 13.050303
v -92.396492 -34.158882 16.218147
v -101.019302 -54.171722 26.790409
v -103.361145 -75.018272 16.781679
v -93.803185 -97.719910 -21.601854
v -95.644753 -116.325294 -33.298748
v -91.676765 -144.183456 -8.487249
v -87.550964 -167.101440 -0.554381
v -83.836182 -188.570541 -2.501980
v -89.424988 -206.697266 -2.352355
v -93.490448 -221.170593 6.276444
v -91.577637 -244.748596 12.149000
v -87.750008 -268.438110 7.254903
v -82.505173 -293.684509 6.276978
v -69.605209 -315.734619 9.080811
v -58.977715 -336.233948 9.829866
v -58.977718 -357.103516 9.829866
v 62.994209 -357.357056 -9.411364
v 66.331650 -336.991455 -9.677221
v 71.020760 -317.572235 -10.255893
v 74.546082 -297.813232 -9.845055
v 76.247154 -277.289764 -8.315256
v 82.881767 -259.309601 -9.953385
v 65.408997 -237.405869 -4.350258
v 66.427238 -212.298004 -11.267849
v 99.619148 -191.493042 -17.716999
v 102.417068 -167.928497 -15.472601
v 96.858871 -145.653412 -11.960137
v 87.316727 -124.155075 -8.993510
v 76.101311 -102.662193 -7.500951
v 67.147415 -80.381340 -9.193318
v 74.213066 -63.162983 -20.895271
v 74.409653 -50.199966 -20.570848
v 73.931816 -19.658613 -20.363712
v 79.896759 -17.350435 -9.864377
v 77.150230 -46.252754 -12.823052
v 73.205757 -62.283878 -10.997952
v 68.820305 -80.467346 -1.623245
v 78.861931 -102.243645 1.106359
v 89.199409 -124.105942 0.931734
v 97.450874 -146.132690 -1.090609
v 102.374451 -168.784103 -4.215230
v 100.540855 -192.527847 -7.068475
v 75.855469 -215.218460 -0.101705
v 77.697968 -239.958939 11.821692
v 89.995941 -259.703735 6.411109
v 79.563347 -276.399719 7.243465
v 71.309784 -295.449799 3.973883
v 73.331230 -318.509399 -0.770299
v 67.372185 -337.295685 -0.042426
v 63.463634 -357.386688 0.467108
v -47.182175 -357.103516 -58.977455
v -47.000305 -336.780304 -61.533363
v -48.390263 -318.104736 -73.264816
v -50.916016 -300.343964 -90.728638
v -66.680725 -281.528992 -111.202217
v -85.637459 -255.593765 -113.115967
v -98.026474 -239.497375 -85.580223
v -84.290649 -213.415344 -81.239380
v -75.625847 -190.769699 -74.589569
v -72.210426 -170.087387 -68.644272
v -62.372093 -146.431213 -70.836349
v -59.508606 -123.621712 -74.192841
v -64.317101 -101.627197 -81.613281
v -61.379856 -84.839157 -73.959564
v -58.455727 -68.830338 -68.385788
v -47.072197 -58.780289 -53.939888
v -47.235893 -31.431578 -51.357624
v -38.155537 -30.613880 -47.040215
v -38.568233 -58.598095 -54.282856
v -43.567051 -78.315178 -65.640434
v -50.253849 -88.984550 -72.057907
v -54.267284 -102.942505 -80.601349
v -52.803360 -122.359764 -79.772652
v -54.330341 -144.551636 -77.723854
v -58.287785 -167.806641 -76.528366
v -59.808449 -189.569565 -81.222954
v -65.014236 -213.698868 -90.348724
v -73.694031 -243.532990 -99.757195
v -69.046844 -258.646667 -126.552887
v -39.018246 -284.724152 -124.524101
v -35.372669 -302.826233 -103.074593
v -35.115433 -318.079834 -72.360893
v -35.111149 -337.032745 -62.745419
v -35.386635 -357.103516 -58.977455
v -58.977711 -357.103516 29.489101
v -59.207623 -336.243164 29.476200
v -72.505936 -315.837494 28.543774
v -77.392326 -294.514862 36.387012
v -85.348770 -273.075928 52.296680
v -86.332443 -251.072006 51.136131
v -87.960091 -228.919632 43.938332
v -90.963295 -205.196167 33.305340
v -88.314148 -185.446243 31.174677
v -74.632538 -168.903427 41.974003
v -80.137871 -148.381699 45.886307
v -81.375496 -127.569588 46.579670
v -101.917564 -101.339493 48.964901
v -111.261070 -72.307198 47.451992
v -101.906113 -54.565880 46.323017
v -81.396034 -39.980518 38.962799
v -70.368896 -23.081318 35.503067
v 84.841187 -16.385715 3.995483
v 81.693695 -43.142323 -3.205535
v 69.954689 -63.632214 -1.613260
v 71.908081 -80.409103 6.343917
v 82.749352 -101.804626 10.397706
v 91.833672 -123.982857 11.574340
v 98.691109 -146.381866 10.480435
v 103.033737 -169.263306 7.761197
v 102.595322 -193.171860 4.687571
v 81.527992 -217.656326 12.038222
v 86.608147 -238.376099 17.403843
v 65.346458 -254.028839 26.272278
v 61.831219 -271.417542 28.026028
v 71.037254 -293.022003 19.883852
v 74.949234 -319.185760 8.863283
v 68.194939 -337.611084 9.637173
v 63.472912 -357.387299 10.297691
v -26.682138 -28.006599 -46.552032
v -30.094284 -54.379883 -60.446751
v -32.992561 -74.856522 -68.016937
v -38.567120 -88.688881 -73.414055
v -43.691650 -103.415947 -80.183762
v -46.056511 -120.178207 -87.042297
v -45.329010 -141.811844 -85.442276
v -46.786461 -163.582870 -87.576065
v -39.194153 -185.701202 -84.918083
v -38.663704 -208.897919 -99.075432
v -31.772514 -233.464630 -119.801193
v -24.276608 -256.460266 -125.229233
v -18.230738 -280.478699 -120.923981
v -20.061335 -302.819489 -103.550591
v -22.624279 -318.005676 -71.619728
v -23.280138 -337.122131 -63.182060
v -23.591095 -357.103516 -58.977459
v -58.977711 -357.103516 39.318718
v -59.203415 -336.243103 39.306698
v -72.577042 -315.841125 38.371342
v -79.681580 -294.528381 52.806992
v -83.753685 -273.595093 62.014938
v -85.839439 -252.474075 61.706127
v -85.907272 -230.929657 57.253777
v -85.698608 -209.407776 48.573788
v -73.887634 -188.333481 43.097694
v -70.728668 -168.032379 46.058662
v -77.100677 -148.528641 54.359829
v -79.970413 -127.468750 55.893467
v -98.853676 -101.985069 60.197205
v -105.338486 -75.586609 57.287617
v -102.283356 -54.016373 54.731133
v -76.517593 -42.347591 47.994812
v -67.249283 -25.468088 44.320347
v 78.844719 -17.215683 18.294191
v 82.761032 -41.855873 8.438897
v 69.737892 -64.123764 7.708722
v 79.340279 -79.855934 16.018261
v 88.523613 -101.457626 21.619835
v 95.050598 -124.054810 23.829618
v 99.905052 -146.696014 23.478220
v 103.400902 -169.575943 21.153454
v 105.127693 -193.665863 17.546688
v 104.032700 -220.653915 15.021374
v 85.684364 -237.676926 30.146345
v 65.114243 -252.773392 38.220585
v 57.002148 -266.920319 36.808731
v 72.795448 -290.669586 33.555683
v 75.471489 -319.346252 18.610237
v 67.221176 -337.521545 19.583075
v 63.340633 -357.378937 20.113541
v -20.170139 -22.963419 -63.124439
v -23.617487 -42.057240 -80.689201
v -22.579569 -67.566612 -76.826950
v -28.288027 -83.559357 -83.504868
v -33.588802 -102.574913 -79.590080
v -36.756184 -118.930855 -90.722649
v -33.713531 -138.739029 -94.305664
v -28.393599 -160.087555 -100.350807
v -23.315239 -181.586578 -108.890388
v -18.300257 -204.294342 -121.088226
v -5.637052 -231.104935 -125.671440
v -2.285366 -255.933548 -123.064377
v -2.645299 -279.023010 -114.605621
v -6.710893 -301.025391 -95.833969
v -10.805552 -317.904358 -71.624046
v -11.506828 -336.961578 -62.899651
v -11.791394 -357.023621 -59.070847
v -58.977711 -357.103516 49.148335
v -59.038113 -336.236420 49.145664
v -71.758278 -315.808777 48.376835
v -80.835464 -294.635010 64.695816
v -82.862671 -273.803284 69.026810
v -83.426056 -252.930023 68.949532
v -83.655930 -231.891525 66.832771
v -78.476639 -210.545288 59.420357
v -67.884605 -187.534500 46.370056
v -69.987534 -166.984558 48.522182
v -74.648209 -148.518600 62.378777
v -83.456596 -126.203300 67.730011
v -94.760590 -102.817894 70.260750
v -99.583862 -78.413818 67.229668
v -100.446770 -54.627792 62.829754
v -66.674629 -45.655956 55.056797
v -63.184311 -27.210812 52.337826
v 64.648415 -23.701578 25.857660
v 75.462929 -43.582195 24.341145
v 72.535988 -63.696007 23.301199
v 87.976578 -80.135994 32.160194
v 94.411575 -102.119308 36.649040
v 97.478607 -124.973137 38.393787
v 99.770668 -147.593613 38.325977
v 101.980804 -170.058975 36.595608
v 103.515152 -193.589386 33.308170
v 103.501511 -220.882645 29.093927
v 93.978943 -238.122452 42.373699
v 85.414932 -255.044113 47.588207
v 53.304840 -262.510681 41.844254
v 77.762367 -291.939789 42.708393
v 75.845856 -319.490112 29.245758
v 64.374054 -336.850800 29.805330
v 63.208363 -357.370575 29.929392
v -3.240795 -26.434019 -56.174702
v -14.215324 -34.453915 -85.882225
v -12.605279 -60.720306 -83.816673
v -18.284498 -79.273064 -90.349190
v -24.175009 -101.059044 -80.150948
v -23.722202 -119.115959 -89.206329
v -16.176310 -136.809570 -104.484459
v -12.066476 -156.232315 -114.925789
v -0.446493 -180.466782 -120.032829
v 11.793777 -204.546494 -122.906868
v 16.013714 -228.674652 -126.302338
v 13.686094 -254.856384 -113.630219
v 9.891151 -277.142883 -102.983665
v 3.981339 -298.377014 -84.119011
v 0.941511 -317.754761 -70.754356
v 0.198096 -336.750946 -61.664207
v 0.002077 -357.063538 -59.024170
v -47.182167 -357.103516 58.977951
v -47.182163 -336.233917 58.977951
v -58.140999 -315.694061 62.025341
v -71.965759 -294.775085 77.617378
v -74.889740 -274.015442 77.466209
v -75.180878 -253.182602 77.426224
v -73.486107 -232.284683 77.537354
v -60.986755 -210.900299 74.839951
v -58.836002 -186.769592 48.409702
v -63.020504 -166.691330 49.796585
v -63.410496 -148.538269 75.930473
v -71.898697 -124.154526 86.382866
v -76.838043 -102.708000 87.496948
v -81.950569 -82.318794 86.032120
v -62.255699 -65.619781 74.711006
v -53.787155 -46.517075 65.877678
v -53.615547 -25.193233 66.505745
v -59.675480 -26.892490 60.013851
v -60.815094 -46.677563 61.644993
v -84.664871 -62.050568 71.351089
v -91.614410 -81.880981 77.542915
v -85.943420 -103.169922 78.273842
v -78.781723 -125.463768 76.134933
v -72.462784 -148.514175 70.723755
v -69.390114 -166.021225 50.753487
v -65.801590 -186.490601 48.876911
v -72.683487 -210.967194 69.055290
v -81.456253 -232.233536 74.131317
v -81.763885 -253.113876 74.720322
v -81.513626 -273.945648 74.753311
v -79.991058 -294.765320 73.154366
v -69.510277 -315.714783 58.933594
v -58.977711 -336.233948 58.977951
v -58.977715 -357.103516 58.977951
v 74.668106 -16.919384 44.229820
v 74.965096 -46.809837 39.128597
v 51.065708 -84.766281 54.869438
v 89.965332 -87.652344 56.005802
v 97.177429 -105.105812 55.688339
v 97.000359 -127.414413 54.536865
v 96.734398 -149.655182 54.327560
v 97.668121 -171.190048 53.835072
v 97.836212 -193.181580 53.899540
v 94.052338 -216.195740 65.625290
v 89.190224 -235.172745 58.048634
v 87.542702 -253.817764 56.168797
v 52.085678 -260.130615 44.519230
v 76.680466 -291.684906 47.418907
v 74.269600 -319.165985 40.977833
v 63.246429 -336.503418 39.762974
v 63.076084 -357.362244 39.745243
v 6.293391 -23.127842 -63.091915
v 2.621711 -42.800259 -71.012398
v -1.481556 -50.527504 -93.737083
v -6.130140 -76.602051 -93.348412
v -15.428285 -99.836990 -85.052597
v -6.615260 -121.501884 -88.603752
v 12.926611 -139.533966 -101.803436
v 12.938790 -163.222214 -95.350845
v 37.775852 -183.675323 -113.595650
v 38.161263 -204.983826 -119.742493
v 34.991272 -229.541855 -115.238647
v 27.793978 -254.332458 -102.050438
v 21.227625 -275.978973 -92.089874
v 14.613145 -296.996124 -77.288116
v 12.566063 -317.347290 -68.692360
v 11.875685 -336.465302 -60.070087
v 11.795548 -357.103455 -58.977486
v -35.386627 -357.103516 58.977951
v -35.386623 -336.233917 58.977951
v -43.370251 -315.586487 65.391777
v -57.785049 -294.893524 78.089653
v -64.105560 -274.396729 80.457367
v -68.211388 -253.452896 80.667999
v -62.022156 -232.182816 80.585335
v -48.156990 -210.792374 79.753471
v -43.522385 -188.956238 47.126617
v -48.849354 -168.528885 47.049908
v -63.000412 -138.427597 85.192863
v -66.417122 -120.071579 103.310181
v -66.762466 -101.540970 97.976883
v -62.005005 -84.456261 90.935577
v -51.629578 -66.133408 81.129967
v -45.601265 -45.812054 70.580803
v -45.878868 -21.357080 72.893646
v 78.379021 -20.471598 58.207863
v 67.146797 -48.881596 48.748135
v 46.750420 -90.470055 61.687084
v 70.799400 -98.608795 57.214867
v 91.997421 -109.903023 69.331039
v 91.865898 -130.998474 68.466766
v 89.978279 -152.935287 68.588684
v 91.205605 -173.360397 68.586891
v 92.463257 -194.437469 68.357849
v 87.937737 -214.957367 71.830620
v 85.157318 -233.590347 66.232948
v 83.647354 -251.859665 62.881851
v 52.385170 -258.662781 45.524403
v 68.651924 -289.118835 48.305618
v 69.712570 -316.748108 52.213436
v 63.114151 -336.495056 49.578823
v 62.875565 -357.349579 49.553993
v 22.417755 -23.041941 -77.691437
v 21.066025 -55.204872 -59.327862
v 16.269590 -62.859558 -74.336472
v 8.099557 -79.182892 -89.985641
v -4.412669 -100.853249 -84.837318
v 5.771045 -122.350838 -83.966179
v 18.701313 -142.252090 -83.412178
v 26.762917 -169.412674 -72.551620
v 64.734840 -190.752213 -92.477066
v 58.141464 -211.422241 -95.430328
v 49.590405 -232.787018 -94.884636
v 40.343716 -254.239624 -90.063911
v 31.471256 -275.370392 -81.703239
v 24.663277 -296.148621 -71.300781
v 23.971991 -316.664368 -65.401878
v 23.593966 -336.244019 -59.023087
v 23.591068 -357.103516 -58.977459
v 47.182152 -357.103516 -58.977463
v 47.182152 -336.233917 -58.977463
v 45.765678 -314.954773 -57.687000
v 44.186649 -294.188507 -58.823406
v 49.705940 -274.452118 -62.718773
v 59.856934 -254.386749 -67.887398
v 68.350685 -233.158539 -72.244049
v 62.577656 -212.505844 -70.859238
v 41.556503 -191.899399 -64.773010
v 34.005100 -169.392731 -52.330009
v 40.427277 -147.560104 -49.361862
v 44.593632 -128.285019 -55.337631
v 59.521618 -107.887230 -63.002110
v 66.919052 -86.737885 -60.398804
v 80.894371 -65.239616 -71.174881
v 58.190838 -45.224644 -70.576378
v 49.320671 -22.407228 -84.034691
v 61.545830 -21.648129 -61.933228
v 71.798782 -46.167408 -64.092819
v 82.889557 -67.110207 -67.234909
v 67.167114 -87.397766 -56.461620
v 70.325638 -109.514122 -61.814590
v 73.742950 -127.727852 -61.870014
v 68.344933 -146.608490 -54.534271
v 78.485863 -167.441589 -59.651878
v 52.421227 -190.722122 -55.508377
v 65.097458 -210.982391 -60.247246
v 73.275452 -233.105988 -62.521206
v 66.156868 -254.408493 -58.863194
v 57.570656 -274.099030 -55.030777
v 53.061550 -293.282135 -53.245743
v 56.271313 -314.631195 -56.365818
v 58.977688 -336.233948 -58.977463
v 58.977692 -357.103516 -58.977463
v -23.591087 -357.103516 58.977947
v -23.591087 -336.233917 58.977947
v -28.181368 -315.503479 65.902969
v -37.493843 -295.794220 76.569077
v -42.970119 -275.442627 81.751305
v -47.289799 -254.494415 84.578140
v -45.664753 -232.152237 84.564117
v -21.785084 -213.146149 67.309273
v -27.431877 -194.047455 54.197884
v -43.171165 -168.594543 46.166637
v -56.447330 -138.863525 70.029633
v -58.856548 -118.514404 102.766991
v -59.491467 -100.403236 103.077484
v -46.495216 -85.772484 91.552948
v -45.555386 -64.591331 91.031113
v -37.807655 -44.137573 77.893005
v -36.231339 -16.193321 74.862297
v -58.977718 -357.103516 -49.147839
v -58.954342 -336.319611 -49.531918
v -60.844265 -317.597992 -61.241165
v -67.407021 -297.593475 -71.313469
v -92.052353 -272.393188 -78.045555
v -109.064308 -249.433273 -76.573242
v -108.176933 -227.519073 -71.484238
v -100.162140 -206.725540 -66.121231
v -89.912827 -186.714020 -60.984951
v -74.394897 -168.772903 -56.227322
v -69.346634 -146.597015 -58.987984
v -68.426392 -123.130402 -64.633873
v -75.802605 -101.203423 -73.452354
v -69.075897 -84.812782 -66.516037
v -62.704769 -68.718643 -59.870811
v -57.839470 -49.314892 -55.135700
v -57.131565 -28.320930 -52.057163
v -52.201515 -29.540657 -56.439049
v -54.192822 -51.969788 -57.461517
v -60.727154 -69.885185 -65.493073
v -68.765457 -85.312668 -71.342468
v -72.131577 -102.144089 -77.996895
v -64.848907 -124.101799 -69.210159
v -66.073158 -147.288391 -64.870514
v -71.469223 -170.905731 -63.085022
v -83.048851 -189.762741 -68.158516
v -94.337837 -210.293655 -74.357536
v -106.248741 -231.893845 -81.703583
v -102.642479 -253.376251 -97.235474
v -78.132698 -274.779114 -87.926018
v -64.063019 -297.920288 -80.151550
v -61.014446 -317.774963 -71.971237
v -58.911301 -336.454895 -59.987858
v -58.977722 -357.103516 -58.977455
v 35.344296 -20.742157 -85.393974
v 41.362331 -45.325909 -73.561852
v 40.121624 -69.101273 -75.746468
v 40.053501 -85.221779 -80.337044
v 34.948280 -103.512405 -85.641838
v 24.599419 -124.814423 -71.102249
v 29.383274 -150.177963 -59.493645
v 28.814938 -170.604141 -60.108044
v 43.360973 -195.364166 -77.348396
v 69.933754 -211.873703 -84.938416
v 62.957413 -233.379150 -83.329239
v 51.038467 -254.336243 -78.338348
v 40.855251 -274.916870 -71.697075
v 34.418472 -295.245270 -64.977615
v 34.963676 -315.745728 -61.153515
v 35.386608 -336.233948 -58.977463
v 35.386612 -357.103516 -58.977463
v 62.356979 -357.316833 59.329639
v 62.981880 -336.486694 59.394672
v 65.622047 -315.061035 59.412468
v 47.272640 -279.173798 40.622242
v 51.839622 -258.161530 46.413174
v 78.976700 -250.542587 66.567215
v 80.155708 -232.450760 71.049164
v 82.459846 -213.968582 77.420502
v 85.500526 -194.194351 79.202774
v 84.609985 -174.349640 77.600113
v 81.719460 -155.224945 78.388657
v 83.919205 -133.340042 78.151451
v 73.093124 -115.861801 60.055016
v 60.552448 -100.412941 59.132824
v 44.335049 -86.905022 63.158211
v 59.694069 -48.147018 56.766052
v 72.075722 -18.659712 69.888939
v 49.812656 -35.507000 52.621937
v 54.662502 -46.482254 62.139462
v 41.208546 -85.726242 65.159164
v 54.505646 -99.479240 61.659515
v 62.333931 -114.039574 58.235992
v 73.632103 -129.806564 74.014824
v 70.583878 -153.930557 82.249237
v 77.282097 -174.003052 80.904266
v 79.914230 -194.339050 82.125565
v 76.972534 -212.873337 79.727600
v 74.051315 -231.607849 73.044563
v 72.502731 -250.411957 66.800034
v 48.431446 -260.293457 49.364887
v 43.578823 -283.954163 47.340782
v 56.469887 -315.085083 61.213303
v 52.711536 -336.583008 59.553406
v 51.718773 -357.389893 59.450085
v -11.795545 -357.103516 58.977947
v -10.948483 -336.287384 59.066105
v -9.049101 -315.673096 61.262280
v -17.334206 -297.039917 77.197937
v -20.877481 -276.809845 83.457108
v -24.706675 -256.190765 87.391548
v -33.173340 -235.897354 94.159782
v -11.857419 -211.844711 67.718597
v -19.257782 -194.284943 45.100655
v -29.568890 -176.069550 42.459187
v -47.629246 -140.157639 62.091125
v -52.707565 -116.452881 84.347099
v -43.633083 -102.993614 98.933426
v -36.173336 -84.622116 98.088356
v -35.066578 -62.267654 104.879395
v -26.137781 -42.822582 85.196831
v -21.891356 -16.021397 76.283272
v -58.977718 -357.103516 -39.318218
v -58.977375 -336.235168 -39.323799
v -59.943100 -317.000946 -47.943169
v -71.373199 -296.874329 -60.995750
v -103.722733 -270.374207 -67.361534
v -113.480194 -245.221756 -64.920074
v -110.425392 -223.977539 -61.191395
v -105.073341 -203.116547 -57.367764
v -99.510735 -182.081940 -53.592003
v -81.711594 -166.470551 -50.197701
v -73.975037 -145.603531 -53.394520
v -71.897125 -121.050552 -61.116741
v -79.008133 -99.603256 -69.023125
v -70.566078 -84.241814 -60.616730
v -65.265953 -67.269699 -54.076176
v -60.753349 -47.606365 -49.167904
v -61.027012 -26.138508 -44.720432
v 0.208640 -357.116699 58.999660
v 4.930040 -336.545135 59.491035
v 8.903356 -315.936981 59.966297
v 0.127092 -297.079926 72.709740
v 2.425105 -278.289948 86.082314
v 4.201968 -257.211761 85.637550
v 10.795241 -236.644592 82.558533
v 5.456665 -211.907837 65.719872
v -10.920660 -192.437073 39.863007
v -19.148609 -173.035156 35.484898
v -36.424927 -142.366791 56.408928
v -43.148205 -120.966072 63.428055
v -29.369696 -106.596230 93.229889
v -25.996269 -82.552795 107.689613
v -25.758629 -61.578983 108.417305
v -11.518811 -43.674492 85.869102
v -5.249601 -14.097585 80.507568
v -58.977718 -357.103516 -29.488604
v -58.977715 -336.233917 -29.488604
v -59.080032 -316.067719 -32.978790
v -78.227257 -295.093719 -46.509079
v -107.707520 -267.529633 -53.114742
v -116.916000 -241.758957 -53.931152
v -111.885941 -221.285522 -50.849312
v -107.350250 -200.561127 -48.422848
v -103.372566 -179.021194 -46.508789
v -87.950279 -164.516708 -44.908779
v -79.709595 -144.933945 -48.040546
v -77.294807 -118.265114 -59.541771
v -82.214775 -98.085640 -64.283264
v -73.896957 -82.581924 -56.028736
v -65.897995 -67.047905 -46.063683
v -63.984226 -45.779938 -40.530113
v -63.607681 -24.729340 -33.302105
v 65.281937 -20.585899 -55.436897
v 79.077965 -46.665058 -57.286121
v 75.201302 -69.116951 -56.882175
v 62.821735 -87.585762 -49.651176
v 65.322365 -109.638390 -49.063560
v 78.908775 -126.293755 -51.999645
v 87.722855 -145.785767 -54.671928
v 85.901428 -167.306900 -53.298534
v 67.167664 -186.814117 -41.593250
v 56.057796 -210.929367 -41.247150
v 77.364281 -233.493530 -53.446362
v 69.017990 -254.957458 -49.685936
v 62.274609 -274.582886 -46.446556
v 56.533070 -293.235870 -44.050491
v 59.232845 -314.966858 -47.151760
v 59.839924 -336.288391 -49.058109
v 58.977692 -357.103516 -49.147846
v 14.084698 -357.248016 59.216190
v 19.966398 -336.749725 59.828320
v 21.874365 -316.171997 61.044483
v 12.671883 -293.815796 58.006821
v 13.426327 -273.506683 63.304989
v 29.115997 -257.342438 84.767677
v 34.320435 -234.895660 74.241730
v 25.535011 -211.847977 65.452820
v 14.833416 -190.335495 58.150318
v -0.834815 -177.087219 33.029701
v -11.687613 -162.247940 32.275166
v -20.166172 -130.241257 52.220444
v -13.230627 -105.334618 97.769005
v 7.711639 -80.823074 104.669029
v 4.370018 -63.922527 92.372856
v 7.789998 -43.795971 78.797867
v 10.754420 -15.883194 78.465225
v -58.977715 -357.103516 -19.658987
v -58.977715 -336.233917 -19.658987
v -59.117432 -315.461395 -20.144440
v -84.558708 -293.505676 -30.894226
v -105.139725 -265.372772 -38.266682
v -116.441292 -239.745987 -41.573174
v -111.591225 -219.702332 -39.737041
v -107.155365 -199.607651 -38.871048
v -103.729118 -179.066666 -39.242107
v -92.169540 -163.528580 -39.120365
v -85.487877 -144.814346 -42.887787
v -87.312096 -115.496735 -59.934586
v -85.111671 -97.024788 -58.397999
v -78.427200 -80.654495 -50.003864
v -71.842407 -64.290405 -39.503792
v -70.137421 -43.060551 -29.282379
v -71.293640 -20.545576 -19.850527
v 64.916809 -19.978609 -48.875011
v 83.459557 -47.461876 -48.267014
v 70.565781 -68.509453 -46.797642
v 58.266693 -87.445190 -38.872559
v 65.366684 -107.456055 -36.856194
v 81.766762 -125.050339 -40.632732
v 97.850655 -143.267700 -45.688152
v 92.168877 -166.565903 -44.665894
v 76.967445 -186.249100 -34.877319
v 63.857536 -210.477600 -31.211401
v 79.953239 -234.557495 -44.444618
v 70.329666 -255.934326 -40.120991
v 66.232681 -275.523132 -37.599010
v 60.338963 -293.683533 -34.880383
v 62.937424 -315.437042 -37.865082
v 61.841167 -336.414703 -39.020214
v 59.274082 -357.122223 -39.287380
v 27.882481 -357.374420 59.424564
v 32.124737 -336.772614 59.866074
v 33.487171 -316.211456 61.880886
v 25.631308 -291.551117 51.833153
v 29.365891 -270.927094 57.820370
v 51.267670 -255.242844 79.183830
v 52.489773 -232.139908 70.426163
v 45.370354 -211.040222 68.823936
v 36.281479 -190.656906 66.947990
v 26.281090 -172.724884 54.397472
v 20.607674 -154.369186 41.071590
v 23.732782 -130.928635 48.547729
v 39.802895 -103.968025 89.336212
v 40.749573 -82.565804 96.559341
v 27.705372 -70.933540 75.933350
v 27.351450 -43.630287 69.064766
v 23.790926 -20.792988 75.496445
v -58.977715 -357.103516 -9.829368
v -58.977715 -336.233917 -9.829368
v -61.747776 -315.459839 -10.030583
v -86.863396 -292.949188 -17.391083
v -97.915764 -265.611023 -24.436291
v -116.595978 -238.159943 -29.213432
v -109.967789 -219.044403 -27.573366
v -104.733864 -200.082870 -27.953152
v -100.543762 -180.990860 -29.504698
v -93.030258 -163.774246 -30.944553
v -88.768150 -144.407440 -36.715309
v -92.671471 -114.838455 -55.592869
v -88.258987 -96.414711 -50.574654
v -85.897034 -78.071030 -41.273285
v -78.839111 -63.065128 -25.971649
v -79.381607 -38.369560 -11.616398
v -78.743301 -17.112337 -7.976759
v 60.462452 -17.796787 -43.664371
v 82.944473 -49.203667 -38.309280
v 66.108643 -67.523849 -36.801807
v 59.938931 -85.596703 -26.594280
v 69.200729 -105.536522 -25.966053
v 83.968277 -124.522781 -29.479107
v 97.662949 -143.972229 -34.119644
v 97.814148 -166.594589 -35.713276
v 96.637993 -187.942673 -36.198135
v 68.809540 -207.861740 -25.991308
v 78.046799 -235.825119 -34.399933
v 72.137383 -256.837555 -30.924871
v 69.213295 -276.232330 -28.759640
v 65.128365 -294.719971 -26.850595
v 65.968697 -315.961823 -28.677940
v 63.856667 -336.567291 -29.050066
v 60.524506 -357.201172 -29.327629
v 40.398220 -357.419891 59.499519
v 42.441200 -336.679260 59.712139
v 45.440002 -315.760010 62.044144
v 38.810062 -290.967285 50.978901
v 41.957439 -263.785492 56.086967
v 64.382790 -252.122391 71.111877
v 66.205811 -230.459793 73.136528
v 65.228859 -210.814133 75.541672
v 58.417946 -191.121628 77.809387
v 49.414806 -170.803574 75.989174
v 45.942642 -149.136551 48.577049
v 48.676891 -128.647507 48.427162
v 51.231464 -110.563477 58.455063
v 55.369690 -94.317612 74.938774
v 40.884377 -77.569366 59.787605
v 43.994568 -46.356594 56.949627
v 35.797565 -35.342953 54.592155
v -58.977715 -357.103516 0.000249
v -58.977715 -336.233917 0.000249
v -66.090454 -315.610870 -0.506821
v -85.577362 -293.127869 -5.290434
v -91.280014 -266.701538 -10.828630
v -110.304909 -239.025238 -12.875419
v -105.079941 -219.402954 -13.021200
v -99.183182 -202.174316 -15.532403
v -93.136574 -184.835449 -17.251062
v -90.338516 -165.453934 -18.712511
v -90.338394 -143.891495 -26.822714
v -94.655037 -114.830940 -48.266766
v -91.251274 -96.601639 -38.893829
v -90.175468 -78.452194 -24.267736
v -99.535072 -54.043514 -0.205032
v -89.969620 -35.092655 1.961614
v -79.868828 -18.402655 3.438580
v 71.372368 -14.382688 -41.212624
v 76.889809 -50.602085 -28.389608
v 70.150513 -65.749245 -29.581308
v 64.011780 -81.816437 -16.781635
v 73.055786 -103.650330 -16.230312
v 85.726692 -124.238930 -18.951624
v 97.024895 -144.890869 -22.825855
v 103.380005 -166.705521 -26.728760
v 98.872368 -189.853882 -27.430744
v 66.446564 -210.277725 -19.734386
v 68.364090 -235.288452 -24.321899
v 76.262634 -257.868683 -21.012388
v 71.561874 -276.814209 -19.959719
v 69.484901 -296.062897 -18.758696
v 68.160614 -316.569763 -19.484444
v 65.317345 -336.764221 -19.317041
v 61.950535 -357.291168 -19.349600
vn 0.5617 0.5034 -0.6566
vn 0.1366 0.8350 -0.5331
vn 0.5523 0.6127 -0.5653
vn 0.2027 0.5902 -0.7814
vn -0.0901 0.4167 -0.9046
vn -0.0241 0.4489 -0.8933
vn -0.6266 0.4686 0.6227
vn -0.6641 0.3885 0.6388
vn -0.6549 0.5112 0.5565
vn -0.2878 0.3821 0.8782
vn -0.2825 0.4261 0.8594
vn -0.2337 0.6996 0.6753
vn 0.0438 0.9967 -0.0677
vn -0.0481 0.9895 -0.1363
vn -0.0529 0.9845 -0.1674
vn 0.4322 0.8731 0.2257
vn 0.2103 0.9737 0.0877
vn 0.8007 0.1730 0.5736
vn 0.6472 0.5164 0.5608
vn -0.5688 0.4978 0.6547
vn 0.5054 0.5300 0.6809
vn -0.0973 0.9326 0.3475
vn 0.3815 0.3411 0.8591
vn -0.2287 0.8792 0.4179
vn -0.7704 0.4430 0.4585
vn -0.2184 0.8784 0.4252
vn -0.6675 0.4548 0.5896
vn -0.6350 0.3943 0.6643
vn 0.8559 0.4638 -0.2289
vn 0.4468 0.8715 -0.2021
vn 0.6884 0.7227 0.0619
vn 0.9089 0.4170 -0.0092
vn 0.7943 0.4422 -0.4166
vn 0.3787 0.9108 0.1644
vn 0.7527 0.6376 0.1641
vn -0.2454 0.9582 -0.1468
vn 0.3842 0.8701 0.3088
vn -0.2226 0.7643 -0.6053
vn 0.2320 0.8361 -0.4970
vn -0.6742 0.7269 -0.1308
vn -0.1573 0.7249 -0.6706
vn -0.4834 0.8391 -0.2497
vn -0.7720 0.3778 0.5112
vn -0.7481 0.5818 0.3191
vn 0.0053 0.9266 0.3761
vn 0.2642 0.9377 0.2255
vn 0.0002 0.9415 0.3370
vn -0.0388 0.9302 0.3650
vn 0.1777 0.9561 0.2329
vn -0.0765 0.9316 0.3553
vn 0.1811 0.9585 0.2202
vn 0.1512 0.9427 0.2973
vn 0.4967 0.7991 0.3386
vn 0.0521 0.8766 -0.4784
vn 0.6519 0.7152 0.2519
vn -0.0494 0.3999 -0.9152
vn 0.4675 0.7986 -0.3791
vn 0.0076 0.0927 -0.9957
vn 0.1596 0.3228 -0.9329
vn -0.1570 0.3923 -0.9064
vn -0.3172 0.9244 0.2119
vn -0.0742 0.9932 0.0895
vn -0.0000 1.0000 -0.0000
vn -0.6091 0.6590 0.4411
vn -0.5753 0.7656 0.2880
vn -0.3736 0.8521 0.3665
vn -0.7271 0.6740 0.1306
vn -0.3296 0.9128 0.2410
vn -0.6121 0.7851 -0.0952
vn -0.0887 0.9949 0.0485
vn -0.4100 0.9065 -0.1007
vn 0.2718 0.9326 -0.2374
vn -0.0147 0.9547 -0.2973
vn 0.3829 0.8500 -0.3618
vn 0.2782 0.7895 -0.5470
vn 0.4986 0.4851 -0.7184
vn -0.4562 0.5061 0.7320
vn 0.3061 0.7658 0.5656
vn -0.3224 0.8491 0.4185
vn 0.2691 0.9620 -0.0470
vn 0.3665 0.9291 0.0501
vn 0.4528 0.8798 0.1449
vn 0.5658 0.7514 0.3395
vn 0.5723 0.5446 0.6131
vn 0.1876 0.8172 0.5450
vn -0.0661 0.9557 0.2869
vn 0.3471 0.9006 0.2614
vn -0.2411 0.9480 -0.2077
vn 0.2941 0.9197 -0.2602
vn -0.3502 0.8858 -0.3046
vn -0.2217 0.9751 -0.0044
vn 0.0494 0.9889 0.1401
vn -0.1027 0.9929 -0.0605
vn -0.0065 0.9851 -0.1720
vn 0.2708 0.8109 -0.5188
vn -0.6590 0.4512 0.6017
vn -0.6132 0.6974 0.3709
vn 0.3029 0.8421 0.4463
vn 0.1042 0.9774 0.1840
vn -0.4073 0.8697 0.2787
vn -0.7414 0.6710 0.0044
vn -0.7501 0.6604 0.0361
vn -0.6108 0.7848 -0.1048
vn -0.3078 0.9271 -0.2141
vn 0.0063 0.9598 0.2806
vn -0.6244 0.5124 0.5896
vn -0.5666 0.5112 0.6462
vn -0.2415 0.8657 0.4384
vn -0.5545 0.8320 -0.0156
vn -0.8012 0.5985 -0.0018
vn -0.9113 0.4027 -0.0857
vn -0.9190 0.3624 0.1549
vn -0.8255 0.5636 0.0316
vn -0.6930 0.6936 -0.1966
vn -0.3930 0.8996 0.1905
vn -0.5962 0.4009 0.6955
vn -0.5369 0.4942 0.6838
vn -0.7175 0.6708 0.1879
vn -0.8300 0.5505 -0.0895
vn -0.9143 0.3800 -0.1400
vn -0.9650 0.2146 -0.1506
vn -0.9448 0.2676 0.1893
vn -0.8879 0.4316 0.1590
vn -0.8463 0.5193 -0.1189
vn -0.6443 0.7445 0.1750
vn -0.4377 0.3331 0.8352
vn -0.6695 0.6347 0.3859
vn -0.7953 0.6042 -0.0493
vn -0.7169 0.6718 -0.1863
vn -0.7548 0.5982 -0.2691
vn -0.8907 0.4111 -0.1940
vn -0.7700 0.5851 0.2544
vn -0.8475 0.4363 0.3022
vn -0.8376 0.5433 -0.0563
vn -0.6379 0.6990 0.3233
vn -0.1570 0.8878 0.4327
vn -0.4834 0.8677 0.1155
vn -0.5514 0.8267 -0.1120
vn -0.3712 0.9063 -0.2021
vn -0.1487 0.9682 -0.2013
vn -0.4286 0.8923 -0.1416
vn -0.2194 0.9497 0.2233
vn -0.4768 0.8448 0.2430
vn -0.5593 0.8282 0.0343
vn -0.5108 0.8463 0.1509
vn -0.1177 0.9919 0.0470
vn -0.2634 0.9647 -0.0001
vn -0.2758 0.9584 -0.0734
vn -0.1072 0.9923 -0.0614
vn 0.0451 0.9990 -0.0082
vn 0.1169 0.9931 -0.0074
vn 0.0621 0.9978 0.0230
vn -0.0296 0.9995 0.0094
vn -0.1258 0.9909 0.0476
vn -0.1048 0.9938 -0.0376
vn -0.0967 0.9953 0.0082
vn -0.0663 0.9975 -0.0259
vn -0.0107 0.9999 -0.0047
vn -0.0000 1.0000 -0.0002
vn 0.0069 1.0000 -0.0058
vn 0.0246 0.9997 -0.0000
vn 0.0303 0.9995 -0.0018
vn 0.0271 0.9996 0.0019
vn 0.0093 0.9999 0.0069
vn -0.0003 1.0000 -0.0002
vn -0.1397 0.5346 0.8335
vn 0.2006 0.5926 0.7801
vn 0.7210 0.5073 0.4719
vn 0.0895 0.9935 -0.0701
vn 0.6636 0.6688 0.3351
vn 0.7316 0.6116 0.3013
vn 0.5178 0.8461 0.1264
vn 0.2269 0.9734 0.0329
vn 0.2327 0.8083 -0.5408
vn 0.5040 0.4950 -0.7078
vn -0.4091 0.6354 -0.6549
vn -0.5628 0.0778 -0.8229
vn -0.6472 0.7522 -0.1237
vn -0.4961 0.8605 -0.1159
vn -0.4422 0.8965 -0.0280
vn -0.3120 0.9351 -0.1680
vn -0.2738 0.9616 -0.0174
vn -0.0516 0.9829 0.1768
vn -0.3081 0.9452 0.1084
vn -0.4092 0.8812 -0.2366
vn -0.6597 0.7104 -0.2452
vn -0.7993 0.5635 -0.2088
vn -0.5017 0.7763 -0.3816
vn -0.8282 0.5355 0.1651
vn -0.9629 0.0729 0.2600
vn -0.6978 0.7095 0.0984
vn -0.8028 0.4299 -0.4131
vn -0.5504 0.7024 -0.4513
vn -0.8353 0.5227 -0.1702
vn -0.5445 0.5429 -0.6394
vn -0.6936 0.7113 0.1143
vn -0.3894 0.9154 0.1024
vn -0.1976 0.9799 0.0264
vn -0.1966 0.9801 -0.0289
vn -0.3419 0.8838 -0.3193
vn -0.1415 0.9396 -0.3116
vn -0.3312 0.9435 0.0147
vn -0.2790 0.9238 0.2621
vn -0.0331 0.9724 -0.2311
vn -0.0998 0.9803 0.1702
vn -0.1971 0.9042 0.3789
vn -0.0574 0.9789 0.1959
vn 0.0483 0.9974 0.0537
vn 0.0047 0.9848 -0.1734
vn -0.1448 0.9565 -0.2534
vn 0.0611 0.9800 -0.1895
vn -0.1117 0.9768 -0.1826
vn -0.2631 0.9592 0.1036
vn -0.4608 0.8857 -0.0566
vn 0.5276 0.7527 0.3938
vn 0.3839 0.8732 0.3001
vn 0.2974 0.9392 0.1714
vn 0.3181 0.9477 0.0253
vn 0.1491 0.9347 -0.3228
vn 0.1410 0.9736 -0.1796
vn 0.3130 0.9465 -0.0783
vn 0.2026 0.9397 -0.2757
vn -0.1122 0.9710 -0.2111
vn -0.3311 0.9419 -0.0556
vn 0.6294 0.7380 0.2433
vn 0.5546 0.8159 0.1634
vn 0.4123 0.9056 0.0994
vn 0.3311 0.9389 -0.0940
vn 0.3830 0.8456 -0.3718
vn 0.6687 0.7377 -0.0929
vn 0.7647 0.6443 0.0070
vn 0.5790 0.7780 -0.2440
vn 0.3314 0.8191 -0.4683
vn 0.1620 0.9565 -0.2424
vn 0.4385 0.8794 0.1851
vn 0.4504 0.8901 0.0692
vn 0.4300 0.9025 -0.0233
vn 0.4456 0.8931 -0.0624
vn 0.6624 0.7466 0.0614
vn 0.6369 0.7555 0.1536
vn 0.5556 0.8242 -0.1096
vn 0.7363 0.6057 -0.3015
vn 0.6604 0.5466 -0.5149
vn 0.6884 0.5503 -0.4724
vn 0.2831 0.9523 0.1138
vn 0.2624 0.9618 0.0775
vn 0.3073 0.9516 -0.0097
vn 0.3141 0.9494 -0.0097
vn 0.2509 0.9656 0.0685
vn 0.0688 0.9976 0.0097
vn 0.0203 0.9997 0.0157
vn 0.2821 0.9435 -0.1737
vn 0.6017 0.7404 -0.2995
vn 0.8556 0.4845 -0.1823
vn 0.1850 0.9760 0.1145
vn 0.0016 1.0000 0.0001
vn 0.0043 1.0000 -0.0020
vn 0.0340 0.9992 -0.0203
vn 0.0677 0.9975 0.0190
vn 0.0078 1.0000 -0.0000
vn 0.0388 0.9992 -0.0103
vn 0.0174 0.9998 0.0129
vn 0.2012 0.9743 -0.1009
vn 0.5274 0.8382 -0.1385
vn 0.0190 0.6475 -0.7618
vn 0.0284 0.7987 -0.6011
vn -0.3509 0.9122 -0.2114
vn -0.6622 0.7266 0.1831
vn -0.7826 0.5540 -0.2840
vn -0.4483 0.8923 0.0534
vn -0.3507 0.9365 -0.0045
vn -0.8164 0.5341 0.2195
vn -0.9296 0.3428 0.1355
vn -0.5960 0.5593 -0.5761
vn -0.7965 0.5597 0.2288
vn -0.7500 0.2598 0.6083
vn -0.7552 0.5732 0.3179
vn -0.2550 0.5848 0.7700
vn -0.1424 0.9199 0.3653
vn 0.5394 0.4409 0.7174
vn 0.3640 0.5231 0.7706
vn 0.3652 0.5376 0.7600
vn 0.0894 0.4708 0.8777
vn 0.1546 0.7116 0.6854
vn 0.5149 0.7299 0.4496
vn 0.2347 0.7335 0.6379
vn 0.7023 0.6959 -0.1500
vn 0.5454 0.8181 -0.1821
vn 0.6706 0.7388 -0.0665
vn 0.6022 0.7968 0.0497
vn -0.2191 0.8678 -0.4461
vn 0.4026 0.9149 -0.0294
vn 0.6679 0.7405 0.0749
vn 0.1439 0.9768 -0.1589
vn 0.0639 0.9739 -0.2177
vn 0.4223 0.8950 -0.1436
vn 0.8272 0.5253 -0.1997
vn 0.6549 0.7555 -0.0144
vn 0.3928 0.5463 -0.7398
vn 0.5989 0.5962 -0.5348
vn 0.2570 0.8605 -0.4398
vn 0.0776 0.8386 -0.5392
vn -0.0172 0.7349 -0.6779
vn 0.2005 0.7918 -0.5769
vn 0.8052 0.5335 -0.2589
vn 0.8791 0.4146 0.2350
vn 0.5745 0.7719 -0.2724
vn 0.4118 0.7797 -0.4716
vn 0.1797 0.9269 -0.3294
vn 0.1040 0.8661 -0.4889
vn 0.0524 0.8631 -0.5023
vn 0.0635 0.8365 -0.5443
vn 0.4380 0.8723 -0.2174
vn 0.3825 0.1879 0.9046
vn 0.6742 0.7225 -0.1531
vn 0.2839 0.7498 -0.5977
vn 0.1218 0.9379 -0.3249
vn 0.1741 0.9322 -0.3173
vn -0.0227 0.8995 -0.4364
vn 0.0757 0.9914 -0.1070
vn 0.0582 0.9961 0.0667
vn 0.2918 0.8694 0.3988
vn 0.6237 0.5853 -0.5181
vn 0.1103 0.8059 -0.5816
vn 0.0226 0.9738 -0.2262
vn 0.2054 0.9763 -0.0685
vn -0.0176 0.9640 -0.2654
vn -0.0275 0.9843 -0.1745
vn -0.0273 0.9902 -0.1366
vn 0.0571 0.9970 0.0516
vn 0.4157 0.8536 -0.3138
vn -0.1406 0.9562 -0.2567
vn 0.0710 0.9460 -0.3164
vn 0.1548 0.9857 -0.0661
vn -0.0000 0.9997 -0.0253
vn -0.0101 0.9980 -0.0627
vn -0.0448 0.9849 -0.1673
vn -0.0204 0.9904 -0.1366
vn 0.0738 0.9962 0.0471
vn -0.2538 0.9397 -0.2293
vn 0.1786 0.8289 -0.5301
vn -0.0001 1.0000 -0.0004
vn -0.0085 0.9997 -0.0211
vn -0.7402 0.4662 0.4846
vn -0.5654 0.4759 0.6737
vn 0.3163 0.9427 0.1056
vn 0.2434 0.7520 0.6126
vn 0.0815 0.9080 0.4110
vn 0.0906 0.9416 0.3242
vn 0.8118 0.5613 0.1610
vn 0.2876 0.4296 -0.8560
vn 0.0758 0.5588 -0.8258
vn -0.0440 0.8581 -0.5116
vn -0.0665 0.9075 -0.4148
vn -0.3306 0.8436 -0.4231
vn -0.2764 0.7397 -0.6136
vn -0.0818 0.7833 -0.6162
vn 0.0102 0.3993 -0.9168
vn 0.2307 0.3483 -0.9085
vn 0.0752 0.4757 -0.8764
vn 0.0067 0.3804 -0.9248
vn -0.3237 0.2868 -0.9016
vn -0.3458 0.2540 -0.9033
vn -0.4980 0.2670 -0.8250
vn -0.4272 0.1624 -0.8894
vn -0.0564 0.9477 -0.3142
vn -0.0563 0.9725 -0.2262
vn -0.2620 0.9038 -0.3384
vn 0.3016 0.8371 -0.4564
vn 0.3797 0.5948 -0.7086
vn -0.1039 0.9024 -0.4181
vn -0.5099 0.7727 -0.3780
vn -0.4336 0.7626 -0.4801
vn -0.1790 0.9616 0.2082
vn -0.1621 0.9569 0.2409
vn 0.0441 0.9990 -0.0046
vn 0.3396 0.9372 0.0793
vn 0.3897 0.9209 0.0073
vn -0.1354 0.9748 0.1775
vn -0.4474 0.7690 0.4566
vn -0.3178 0.8812 0.3500
vn -0.4969 0.8168 0.2930
vn -0.1041 0.7600 0.6415
vn 0.3424 0.9024 0.2617
vn 0.2933 0.8829 0.3668
vn 0.3866 0.7691 0.5089
vn 0.1102 0.7513 0.6506
vn -0.4146 0.6824 0.6020
vn -0.3078 0.8600 0.4070
vn -0.4411 0.8633 0.2451
vn 0.2733 0.9133 0.3020
vn 0.3145 0.9078 0.2776
vn 0.2120 0.9215 0.3255
vn 0.0496 0.8119 0.5817
vn -0.1100 0.5908 0.7993
vn -0.3662 0.7490 0.5522
vn -0.2251 0.8726 0.4335
vn -0.1128 0.9522 0.2839
vn 0.3834 0.9002 0.2067
vn 0.2154 0.8939 0.3931
vn 0.0614 0.7982 0.5993
vn -0.0631 0.7509 0.6574
vn -0.1303 0.5883 0.7981
vn -0.2628 0.7203 0.6419
vn -0.1360 0.8599 0.4921
vn 0.1887 0.9241 0.3322
vn 0.1944 0.7771 0.5987
vn 0.0379 0.6813 0.7310
vn -0.0115 0.5966 0.8025
vn -0.0347 0.6174 0.7859
vn -0.1342 0.7579 0.6384
vn -0.0651 0.8080 0.5855
vn -0.0424 0.8920 0.4500
vn 0.2382 0.8676 0.4366
vn 0.0090 0.6423 0.7664
vn -0.0479 0.6735 0.7376
vn 0.0332 0.7401 0.6717
vn -0.0000 0.6625 0.7491
vn -0.1296 0.9073 0.4001
vn 0.0247 0.9329 0.3594
vn -0.0129 0.9360 0.3519
vn 0.3071 0.7668 -0.5636
vn -0.3762 0.7757 -0.5067
vn -0.3340 0.8119 -0.4788
vn -0.3640 0.6840 -0.6321
vn -0.0713 0.3254 -0.9429
vn 0.1409 0.7236 -0.6757
vn -0.4886 0.2556 -0.8342
vn -0.3259 0.4308 -0.8415
vn 0.5424 0.8384 -0.0530
vn 0.0868 0.8923 0.4430
vn 0.6176 0.7226 0.3104
vn 0.5545 0.8321 -0.0091
vn 0.5889 0.8052 0.0696
vn 0.6268 0.4538 0.6334
vn -0.1632 0.3470 -0.9235
vn -0.3262 0.4031 -0.8550
vn 0.3213 0.9442 0.0729
vn -0.3186 0.3858 0.8658
vn 0.6964 0.6890 0.2007
vn -0.8268 0.4864 -0.2824
vn -0.3525 0.9334 -0.0672
vn -0.9334 0.3174 0.1671
vn 0.5199 0.6205 0.5871
vn 0.8433 0.3678 0.3920
vn 0.1485 0.2944 -0.9441
vn -0.6162 0.5519 0.5619
vn -0.7756 0.4248 0.4669
vn -0.7088 0.4921 0.5055
vn -0.8588 0.4685 -0.2074
vn 0.1944 0.0035 -0.9809
vn 0.1848 0.9457 -0.2674
vn 0.2779 0.8036 -0.5264
vn -0.8193 0.5661 -0.0910
vn -0.5777 0.2161 -0.7871
vn -0.3098 0.6645 0.6800
vn -0.5510 0.8151 0.1787
vn 0.8144 0.4740 -0.3348
vn 0.5535 0.6044 -0.5730
vn 0.0582 0.5339 -0.8435
vn 0.3482 0.8523 0.3904
vn -0.6728 0.5184 0.5279
vn -0.6122 0.7041 0.3597
vn 0.7147 0.2300 -0.6605
vn -0.0480 0.2086 -0.9768
vn -0.7118 0.6981 -0.0778
vn -0.5739 0.4787 0.6644
vn 0.6363 0.4379 -0.6351
vn -0.5126 0.4462 -0.7336
vn 0.0038 0.5314 0.8471
vn 0.1967 0.8024 0.5634
vn -0.8052 0.5444 -0.2350
vn 0.8244 0.5592 -0.0877
vn 0.2687 0.7554 0.5976
vn -0.8271 0.3980 0.3969
vn 0.6659 0.5825 0.4661
vn -0.0457 0.9148 -0.4014
vn -0.4853 0.5302 -0.6952
vn 0.1475 0.9142 0.3775
vn 0.7473 0.5693 0.3426
vn 0.0210 0.7161 -0.6977
vn -1.0000 -0.0005 -0.0004
vn -1.0000 -0.0000 -0.0000
vn -1.0000 -0.0028 -0.0012
vn 0.9818 -0.1724 -0.0802
vn 0.9840 -0.1720 -0.0467
vn 0.9855 -0.1613 -0.0533
vn -0.0088 -0.0824 -0.9966
vn -0.0000 -0.0000 -1.0000
vn -0.0000 -0.0625 -0.9980
vn -1.0000 -0.0055 -0.0000
vn 0.9820 -0.1858 -0.0331
vn 0.9869 -0.1594 -0.0264
vn -0.0068 -0.0995 -0.9950
vn -1.0000 -0.0040 0.0012
vn 0.9832 -0.1821 0.0101
vn 0.9898 -0.1423 -0.0049
vn -0.0020 -0.0000 -1.0000
vn -0.0039 -0.0000 -1.0000
vn -1.0000 -0.0014 -0.0000
vn 0.9898 -0.1384 0.0330
vn 0.9910 -0.1333 0.0149
vn 0.0123 -0.0746 -0.9971
vn 0.0010 -0.0977 -0.9952
vn -0.7068 -0.0007 0.7074
vn -0.0000 -0.0000 1.0000
vn 0.9954 -0.0950 0.0143
vn 0.9904 -0.1349 0.0314
vn 0.0129 -0.0392 -0.9991
vn 0.0040 -0.0000 -1.0000
vn -0.7071 -0.0000 0.7071
vn 0.9962 -0.0830 0.0257
vn 0.9888 -0.1431 0.0414
vn 0.0073 -0.0096 -0.9999
vn 0.0020 -0.0000 -1.0000
vn 0.7071 -0.0000 -0.7071
vn -0.7206 -0.0338 -0.6925
vn -1.0000 0.0004 -0.0002
vn 0.0003 -0.0004 -1.0000
vn 0.0079 -0.0135 0.9999
vn 0.6547 -0.1104 0.7477
vn 0.7030 -0.0631 0.7083
vn -0.0014 -0.0015 1.0000
vn 0.9963 -0.0781 0.0359
vn -0.0003 -0.0007 1.0000
vn -0.0099 -0.0091 0.9999
vn 0.9997 -0.0132 -0.0212
vn -0.0031 -0.0076 1.0000
vn -0.0150 -0.0181 0.9997
vn 0.9950 -0.0611 -0.0786
vn 1.0000 -0.0051 -0.0042
vn -0.0038 -0.0172 0.9998
vn -0.0092 -0.0215 0.9997
vn 0.9984 -0.0525 -0.0186
vn 0.9999 -0.0142 -0.0000
vn -0.0026 -0.0228 0.9997
vn 0.0004 -0.0186 0.9998
vn 0.9844 -0.1199 -0.1286
vn 0.9924 -0.1167 -0.0384
vn 0.0001 -0.0222 0.9998
vn 0.9807 -0.1552 -0.1186
vn -0.7071 -0.0000 -0.7071
vn -0.0385 -0.0256 -0.9989
vn 0.5266 -0.1068 -0.8434
vn 0.0915 0.2465 -0.9648
vn -0.2198 0.5060 -0.8341
vn -0.7756 0.4455 -0.4471
vn -0.0424 0.4287 -0.9024
vn -0.6912 0.4962 -0.5254
vn -0.1745 0.0553 -0.9831
vn -0.6274 -0.0431 -0.7775
vn -0.5931 -0.1714 -0.7866
vn -0.7303 -0.2459 -0.6373
vn -0.7363 0.0669 -0.6733
vn -0.8730 0.0925 -0.4788
vn -0.8390 0.3433 -0.4221
vn -0.8833 0.4257 -0.1965
vn -0.5645 0.4464 -0.6943
vn -0.3957 0.4090 -0.8223
vn -0.5241 0.4794 -0.7039
vn -0.6996 0.3375 -0.6298
vn -0.1586 0.5362 -0.8290
vn -0.7836 -0.1035 -0.6126
vn -0.6666 0.1250 -0.7348
vn -0.6440 -0.6579 -0.3904
vn -0.5867 -0.6443 -0.4905
vn -0.6997 -0.5780 -0.4199
vn -0.0757 -0.5822 -0.8095
vn -0.6609 -0.4499 -0.6007
vn -0.7918 -0.2269 -0.5671
vn -0.0825 -0.3199 -0.9439
vn 0.9643 0.0997 -0.2453
vn 0.6787 0.0544 -0.7324
vn 0.9617 -0.0349 0.2719
vn 0.9538 -0.2935 -0.0638
vn 0.8271 -0.5201 -0.2133
vn 0.9281 -0.1091 -0.3561
vn 0.9647 -0.0521 -0.2582
vn 0.8281 0.4219 -0.3691
vn 0.8846 0.4353 -0.1673
vn 0.8422 0.5177 -0.1507
vn 0.9421 0.3353 -0.0073
vn 0.9205 0.3875 0.0510
vn 0.9979 0.0585 0.0277
vn 0.9840 0.0301 -0.1758
vn 0.8118 -0.5415 -0.2184
vn 0.8391 -0.5172 -0.1685
vn 0.8948 -0.4456 0.0283
vn 0.8303 -0.4549 -0.3220
vn 0.9180 0.0974 0.3843
vn 0.9325 0.2002 -0.3008
vn 0.9248 0.1298 -0.3576
vn 0.9011 0.1275 -0.4145
vn 0.9101 -0.2217 -0.3500
vn 0.9309 -0.2752 -0.2401
vn 0.8860 -0.0440 -0.4616
vn 0.9846 -0.0553 -0.1661
vn 0.9538 -0.1057 -0.2813
vn 0.9471 -0.1806 -0.2652
vn 0.9755 -0.1673 -0.1430
vn 0.9699 -0.2118 -0.1198
vn -0.7566 0.6492 0.0774
vn -0.6778 0.7023 0.2177
vn -0.8206 0.4551 -0.3457
vn -0.8169 0.5730 0.0663
vn -0.8963 0.2589 -0.3599
vn -0.9097 0.4146 -0.0250
vn -0.9702 -0.0969 -0.2221
vn -0.8999 0.2841 -0.3308
vn -0.9918 0.0713 -0.1062
vn -0.9583 0.2241 -0.1774
vn -0.9989 -0.0172 -0.0446
vn -0.9941 -0.0749 -0.0783
vn -0.9932 -0.1143 -0.0203
vn -0.9729 0.1097 0.2036
vn -0.9746 -0.1879 0.1219
vn -0.8526 0.1729 0.4931
vn -0.9000 0.1057 0.4229
vn -0.8019 0.3089 0.5113
vn -0.8567 0.3410 0.3870
vn -0.8456 0.3114 0.4335
vn -0.9154 0.2336 0.3278
vn -0.8891 -0.1348 0.4375
vn -0.9498 -0.1498 0.2746
vn -0.8970 -0.3175 0.3076
vn -0.9700 -0.2063 0.1288
vn -0.8830 -0.4528 0.1240
vn -0.8993 -0.3894 0.1993
vn -0.8185 -0.4970 -0.2881
vn -0.8628 -0.4630 -0.2028
vn -0.9770 -0.2117 -0.0249
vn 0.5318 0.5118 0.6747
vn -0.3771 0.3870 0.8414
vn 0.1085 0.3446 0.9325
vn 0.0108 -0.0103 0.9999
vn 0.0838 0.5857 0.8062
vn 0.9647 -0.2586 -0.0507
vn 0.9736 0.1340 0.1847
vn 0.7645 0.0976 0.6372
vn 0.2758 -0.5921 0.7572
vn -0.2652 0.0025 0.9642
vn -0.3112 -0.1502 0.9384
vn -0.3799 0.4849 0.7877
vn -0.4875 0.2661 0.8316
vn -0.2248 0.1873 0.9562
vn -0.5034 0.2359 0.8312
vn 0.1315 0.0185 0.9911
vn -0.2957 -0.0968 0.9504
vn 0.1421 -0.0482 0.9887
vn -0.3005 -0.1329 0.9445
vn 0.0069 -0.2034 0.9791
vn -0.1017 -0.1919 0.9761
vn 0.1081 -0.3322 0.9370
vn 0.1962 -0.6951 0.6916
vn 0.4416 -0.5712 0.6919
vn 0.6893 -0.6497 0.3205
vn 0.5981 -0.6817 0.4214
vn 0.6636 0.1595 0.7309
vn 0.1632 0.1792 0.9702
vn 0.1225 0.2001 0.9721
vn 0.0224 0.1563 0.9875
vn 0.0208 -0.0499 0.9985
vn 0.0125 -0.0583 0.9982
vn 0.9780 0.1255 -0.1665
vn 0.9588 0.0073 0.2840
vn 0.8417 -0.5372 0.0547
vn 0.9593 -0.0209 -0.2816
vn 0.7945 0.4830 -0.3681
vn 0.7811 0.6036 -0.1600
vn 0.9279 0.3729 -0.0006
vn 0.8681 -0.0504 -0.4938
vn 0.5440 -0.4723 -0.6935
vn 0.8233 -0.4512 -0.3443
vn 0.9332 0.0134 0.3592
vn 0.9693 -0.1146 -0.2177
vn 0.9159 -0.2392 -0.3223
vn 0.8823 -0.0433 -0.4687
vn 0.9560 -0.0351 -0.2914
vn 0.9744 -0.1232 -0.1879
vn -0.7928 0.5127 -0.3296
vn -0.7714 0.2465 -0.5867
vn -0.7472 0.4375 -0.5002
vn -0.7676 0.4796 -0.4252
vn -0.8716 0.3534 -0.3396
vn -0.9821 0.0087 -0.1879
vn -0.9569 -0.0571 -0.2848
vn -0.9428 0.3189 0.0972
vn -0.8729 0.2622 0.4114
vn -0.9018 0.2600 0.3454
vn -0.9292 0.2779 0.2437
vn -0.8255 -0.4452 0.3469
vn -0.8450 -0.5346 0.0134
vn -0.8562 -0.4609 -0.2333
vn -0.9910 -0.1304 -0.0298
vn -0.9978 -0.0662 -0.0000
vn 0.6533 0.2226 0.7236
vn 0.6112 0.1281 0.7810
vn 0.6163 0.5413 0.5720
vn 0.4432 -0.5874 0.6771
vn 0.0628 -0.5471 0.8347
vn -0.5354 0.4312 0.7263
vn -0.4422 0.0754 0.8937
vn -0.2301 0.0155 0.9731
vn 0.0141 0.1001 0.9949
vn 0.4175 -0.3899 0.8208
vn 0.3207 -0.5893 0.7415
vn -0.0348 0.1418 0.9893
vn -0.0012 -0.0503 0.9987
vn 0.8927 0.4112 0.1845
vn 0.9880 0.1001 -0.1172
vn 0.8052 -0.4661 0.3665
vn 0.9898 -0.0078 0.1422
vn 0.8630 0.4764 -0.1680
vn 0.7465 0.6242 -0.2305
vn 0.8589 0.2978 -0.4166
vn 0.7176 -0.3144 -0.6215
vn 0.2520 -0.5240 -0.8136
vn 0.7611 0.1218 -0.6372
vn 0.9887 0.1252 -0.0829
vn 0.9276 -0.3249 -0.1843
vn 0.8925 -0.2710 -0.3605
vn 0.8954 -0.0734 -0.4392
vn 0.9376 0.0386 -0.3454
vn 0.9764 -0.0691 -0.2048
vn -0.8316 0.3365 -0.4419
vn -0.8321 0.2345 -0.5026
vn -0.6687 0.4668 -0.5787
vn -0.5690 0.5547 -0.6070
vn -0.7961 0.3977 -0.4561
vn -0.8403 -0.0622 -0.5386
vn -0.7842 -0.1167 -0.6095
vn -0.8401 0.4321 -0.3279
vn -0.9247 0.3599 0.1240
vn -0.9709 0.2124 0.1107
vn -0.9700 0.2397 0.0405
vn -0.9768 -0.0757 0.2005
vn -0.8271 -0.5043 0.2482
vn -0.7570 -0.6430 -0.1164
vn -0.9035 -0.4149 -0.1077
vn -0.9995 -0.0266 -0.0188
vn 0.2201 0.4040 0.8879
vn 0.3927 0.1868 0.9005
vn 0.2314 0.2018 0.9517
vn 0.5741 0.3933 0.7181
vn 0.0050 -0.6521 0.7581
vn 0.1569 -0.6252 0.7646
vn -0.2894 -0.0267 0.9568
vn -0.2622 0.3021 0.9165
vn -0.4241 0.4225 0.8010
vn -0.0830 0.3032 0.9493
vn 0.1760 0.3373 0.9248
vn 0.2109 -0.3520 0.9119
vn 0.5623 -0.5000 0.6586
vn 0.2270 0.0194 0.9737
vn -0.0293 0.0947 0.9951
vn -0.0193 -0.0332 0.9993
vn 0.8961 0.3651 -0.2526
vn 0.8464 0.2899 -0.4468
vn 0.8364 -0.3303 0.4374
vn 0.9025 -0.0914 0.4209
vn 0.9121 0.3917 0.1214
vn 0.8449 0.3274 -0.4230
vn 0.4533 0.1815 -0.8727
vn 0.6667 -0.4303 -0.6086
vn 0.5770 -0.5623 -0.5924
vn 0.9251 0.2814 -0.2551
vn 0.9591 0.1262 -0.2534
vn 0.8830 -0.3969 -0.2506
vn 0.8581 -0.3009 -0.4162
vn 0.9245 -0.0865 -0.3712
vn 0.9408 0.0984 -0.3242
vn 0.9896 0.0064 -0.1435
vn -0.9261 0.0277 -0.3761
vn -0.8764 0.1849 -0.4446
vn -0.7873 0.4349 -0.4371
vn -0.6030 0.5559 -0.5722
vn -0.7513 0.2731 -0.6008
vn -0.4167 -0.2176 -0.8826
vn -0.6382 -0.1042 -0.7627
vn -0.6131 0.4048 -0.6784
vn -0.8353 0.4431 -0.3256
vn -0.9570 0.2341 -0.1714
vn -0.9623 0.2482 -0.1115
vn -0.9965 -0.0798 0.0254
vn -0.9929 -0.0569 -0.1044
vn -0.6971 -0.6981 -0.1633
vn -0.9205 -0.3901 0.0195
vn -1.0000 -0.0029 -0.0003
vn 0.0107 0.4514 0.8923
vn 0.1852 0.4513 0.8729
vn 0.4443 0.4823 0.7550
vn -0.2090 -0.1861 0.9600
vn -0.0256 -0.6995 0.7142
vn 0.4322 -0.2524 0.8657
vn 0.1772 -0.2239 0.9584
vn 0.4311 0.1009 0.8966
vn 0.0036 0.5925 0.8055
vn -0.0450 0.5817 0.8122
vn 0.1661 0.3537 0.9205
vn 0.1799 -0.1254 0.9757
vn 0.4955 -0.4497 0.7431
vn 0.5630 -0.0506 0.8249
vn 0.0977 -0.1079 0.9893
vn -0.0121 -0.0348 0.9993
vn 0.7480 0.3112 -0.5862
vn 0.5551 0.4096 -0.7240
vn 0.9671 -0.2272 -0.1149
vn 0.9378 -0.1801 0.2967
vn 0.7576 0.2475 -0.6040
vn 0.4832 -0.1997 -0.8524
vn -0.0519 -0.0015 -0.9987
vn 0.2955 -0.2622 -0.9186
vn 0.6237 0.1968 -0.7565
vn 0.8684 0.4958 0.0038
vn 0.9081 -0.0079 -0.4187
vn 0.8158 -0.4086 -0.4094
vn 0.7629 -0.3382 -0.5509
vn 0.7568 -0.1024 -0.6456
vn 0.6356 0.1503 -0.7573
vn 0.6801 0.0732 -0.7295
vn -0.9406 -0.0598 -0.3342
vn -0.8981 0.1616 -0.4090
vn -0.8743 0.3841 -0.2968
vn -0.7167 0.5291 -0.4543
vn -0.7967 0.1089 -0.5944
vn -0.2952 -0.3740 -0.8792
vn -0.6370 -0.3404 -0.6916
vn -0.5250 0.3591 -0.7717
vn -0.6001 0.4254 -0.6774
vn -0.8200 0.3317 -0.4665
vn -0.9133 0.2869 -0.2892
vn -0.9536 -0.0872 -0.2881
vn -0.8495 -0.5263 0.0371
vn -0.7459 -0.5785 -0.3301
vn -0.9457 -0.3230 0.0366
vn -0.9999 -0.0130 0.0061
vn -0.0968 0.3487 0.9322
vn -0.2738 0.5271 0.8045
vn 0.0328 0.3641 0.9308
vn -0.5970 0.3274 0.7324
vn -0.5473 -0.1021 0.8307
vn 0.6684 -0.6407 0.3779
vn 0.4336 -0.6152 0.6584
vn 0.5468 -0.3085 0.7784
vn 0.5105 0.1823 0.8404
vn 0.4377 0.6253 0.6461
vn 0.0765 0.7102 0.6999
vn 0.0180 -0.1995 0.9797
vn -0.0700 -0.2205 0.9729
vn 0.4680 -0.2483 0.8481
vn 0.0500 -0.4770 0.8775
vn 0.1145 -0.3600 0.9259
vn -0.0151 -0.0567 0.9983
vn 0.9175 0.2762 0.2862
vn 0.6670 -0.3282 0.6689
vn 0.7301 -0.3368 0.5946
vn 0.5977 0.1586 0.7858
vn 0.7400 0.6725 -0.0131
vn 0.2320 0.0469 0.9716
vn 0.0260 0.2237 0.9743
vn -0.1676 0.3641 0.9162
vn 0.3501 0.3346 0.8749
vn 0.7497 0.1635 0.6413
vn 0.3591 0.3744 0.8549
vn 0.8434 -0.0143 0.5371
vn 0.5604 0.0081 0.8282
vn 0.8624 0.0499 0.5037
vn 0.6432 0.0742 0.7621
vn 0.8835 0.0127 0.4683
vn 0.6676 -0.0203 0.7442
vn 0.6920 -0.2048 0.6922
vn 0.4442 -0.3084 0.8412
vn 0.7318 -0.2761 0.6231
vn 0.2285 -0.6037 0.7638
vn 0.4986 -0.6350 0.5900
vn 0.2646 -0.6131 0.7444
vn 0.3943 0.0366 0.9183
vn 0.0607 0.2383 0.9693
vn 0.5484 0.1456 0.8234
vn 0.8767 -0.1327 0.4624
vn 0.6727 -0.1263 0.7291
vn 0.9744 -0.2182 0.0540
vn 0.4889 0.1287 -0.8628
vn -0.2028 0.0368 -0.9785
vn -0.1528 -0.2435 -0.9578
vn 0.3685 0.0867 -0.9256
vn 0.0863 0.2022 -0.9755
vn 0.7302 -0.3197 -0.6039
vn 0.4633 0.1923 -0.8651
vn 0.2880 -0.1875 -0.9391
vn 0.4000 -0.2424 -0.8839
vn 0.6100 -0.3267 -0.7219
vn 0.2279 -0.3864 -0.8937
vn 0.8164 -0.0912 -0.5703
vn 0.4537 0.2128 -0.8654
vn 0.8924 0.2857 -0.3492
vn 0.6978 0.6228 -0.3537
vn 0.7245 0.5466 0.4199
vn 0.8726 0.4853 -0.0549
vn 0.9952 0.0769 -0.0606
vn 0.7966 -0.2944 -0.5280
vn 0.7105 -0.4538 -0.5378
vn 0.6440 -0.4855 -0.5912
vn 0.6524 -0.3881 -0.6509
vn 0.6460 -0.4434 -0.6214
vn 0.5350 -0.2062 -0.8193
vn 0.5333 -0.3204 -0.7829
vn 0.3300 -0.1393 -0.9337
vn 0.2215 0.0294 -0.9747
vn 0.0267 -0.0228 -0.9994
vn -0.7541 0.0359 -0.6557
vn -0.6770 0.2045 -0.7070
vn -0.7980 0.4228 -0.4294
vn -0.8424 0.4943 -0.2146
vn -0.8092 -0.0145 -0.5874
vn -0.7790 -0.2678 -0.5670
vn -0.7195 -0.0190 -0.6942
vn -0.6852 0.3721 -0.6262
vn -0.4951 0.4724 -0.7292
vn -0.6811 0.4315 -0.5915
vn -0.8794 0.3240 -0.3489
vn -0.9299 -0.2012 -0.3078
vn -0.5796 -0.6758 -0.4554
vn -0.7360 -0.6357 -0.2328
vn -0.9693 -0.2455 0.0170
vn -0.9994 -0.0336 0.0049
vn -0.2526 0.2384 0.9377
vn -0.7744 0.3042 0.5549
vn -0.2903 0.3427 0.8935
vn 0.2861 -0.2197 0.9327
vn 0.4097 -0.3543 0.8406
vn 0.7691 -0.3296 0.5475
vn 0.0958 -0.2378 0.9666
vn 0.3141 0.6598 0.6826
vn 0.0598 0.6486 0.7587
vn -0.1361 0.2557 0.9571
vn -0.2053 -0.1046 0.9731
vn -0.0666 -0.1919 0.9792
vn -0.0122 -0.3844 0.9231
vn 0.0643 -0.4208 0.9049
vn 0.0282 -0.1220 0.9921
vn 0.3093 0.3706 0.8758
vn 0.5038 -0.2607 0.8235
vn 0.4503 -0.7985 0.3996
vn -0.4783 -0.0087 -0.8782
vn 0.0940 0.2225 -0.9704
vn 0.5261 0.5764 -0.6253
vn 0.3094 0.0359 -0.9503
vn 0.0454 -0.0972 -0.9942
vn 0.4180 0.2575 -0.8712
vn 0.8832 0.1735 -0.4358
vn 0.8834 0.4383 -0.1656
vn 0.8799 0.4674 -0.0856
vn 0.6816 -0.1589 -0.7143
vn 0.6626 -0.3859 -0.6419
vn 0.6380 -0.4575 -0.6194
vn 0.6160 -0.5052 -0.6044
vn 0.4899 -0.4109 -0.7689
vn 0.3240 -0.2854 -0.9020
vn 0.0777 -0.1228 -0.9894
vn -0.8254 0.0081 -0.5644
vn -0.8125 -0.5083 -0.2854
vn -0.5477 0.1961 0.8134
vn -0.5992 0.3109 0.7378
vn -0.5684 0.4807 0.6677
vn -0.2052 0.4983 0.8423
vn -0.1733 0.2630 0.9491
vn -0.6693 0.2090 0.7130
vn 0.0777 -0.7029 0.7070
vn 0.1706 -0.3303 0.9283
vn -0.0843 0.4237 0.9019
vn 0.0199 0.5281 0.8490
vn -0.2318 0.2890 0.9289
vn -0.2470 0.1469 0.9578
vn -0.1641 -0.0877 0.9825
vn -0.0246 -0.3737 0.9272
vn -0.0839 -0.4159 0.9055
vn -0.0033 -0.1554 0.9878
vn 0.6429 -0.0042 -0.7660
vn 0.2609 -0.1340 -0.9560
vn 0.8898 -0.0621 -0.4522
vn 0.0091 0.0420 -0.9991
vn -0.6143 0.2895 -0.7341
vn 0.4738 0.4702 -0.7446
vn 0.1877 0.3651 -0.9119
vn -0.0964 -0.0472 -0.9942
vn -0.2222 -0.0398 -0.9742
vn 0.1959 0.4698 -0.8608
vn 0.6650 0.3298 -0.6701
vn 0.7170 0.3899 -0.5777
vn 0.4651 0.5619 -0.6841
vn 0.5116 0.0759 -0.8558
vn 0.6052 -0.3520 -0.7140
vn 0.6067 -0.4716 -0.6399
vn 0.6021 -0.5434 -0.5850
vn 0.4809 -0.5112 -0.7123
vn 0.2403 -0.3861 -0.8906
vn 0.1224 -0.2097 -0.9701
vn 0.8404 0.4909 -0.2296
vn 0.9683 -0.1592 0.1926
vn 0.7402 0.1654 0.6517
vn 0.5178 0.5608 0.6460
vn 0.8817 0.3388 0.3282
vn 0.9787 0.0039 0.2053
vn 0.9515 0.0051 0.3077
vn 0.9444 0.0247 0.3278
vn 0.9529 0.0063 0.3033
vn 0.8460 -0.1765 0.5032
vn 0.8806 -0.2564 0.3986
vn 0.6650 -0.6872 0.2923
vn 0.9402 -0.2739 0.2026
vn 0.7320 0.2605 0.6295
vn 0.9167 -0.3217 0.2370
vn 0.9561 -0.2854 0.0664
vn -0.6862 0.1632 0.7089
vn -0.6045 0.2376 0.7603
vn -0.5100 0.2895 0.8100
vn -0.2312 0.5856 0.7770
vn -0.6627 -0.0805 0.7445
vn -0.8004 -0.3328 0.4985
vn -0.4599 -0.2478 0.8527
vn -0.0591 -0.6761 0.7344
vn 0.0946 0.3547 0.9302
vn -0.2970 0.5556 0.7766
vn -0.3413 0.1862 0.9213
vn -0.2947 0.0089 0.9555
vn -0.3428 -0.0450 0.9383
vn -0.2654 -0.3645 0.8926
vn -0.1861 -0.4181 0.8891
vn -0.0231 -0.1195 0.9926
vn -0.8158 0.3205 0.4815
vn -0.7999 0.2056 0.5638
vn -0.4864 0.5471 0.6812
vn -0.4911 0.4334 0.7556
vn -0.2388 0.5484 0.8014
vn -0.7925 0.0510 0.6077
vn -0.7018 0.1350 0.6995
vn -0.8022 -0.2800 0.5273
vn -0.6812 -0.2386 0.6921
vn -0.8845 -0.4238 0.1950
vn -0.7645 -0.3368 0.5496
vn -0.6322 -0.5393 0.5563
vn -0.9076 -0.3607 0.2147
vn -0.5023 -0.5268 0.6857
vn -0.8686 -0.3137 0.3836
vn -0.3991 0.2890 0.8702
vn -0.7569 0.4296 0.4925
vn -0.5543 0.5177 0.6518
vn -0.9362 0.2002 0.2889
vn -0.7314 0.2156 0.6470
vn -0.9581 -0.0155 0.2860
vn -0.7460 0.0075 0.6659
vn -0.9829 -0.0634 0.1731
vn -0.7581 -0.0560 0.6498
vn -0.7661 -0.3545 0.5361
vn -0.9567 -0.2901 0.0257
vn -0.6627 -0.5519 0.5062
vn -0.9650 -0.2614 0.0224
vn -0.6372 -0.2074 0.7423
vn -0.0213 0.4618 -0.8867
vn -0.0910 0.6102 -0.7870
vn -0.6011 0.0840 -0.7948
vn -0.4520 0.1030 -0.8860
vn -0.2955 0.0861 -0.9514
vn -0.0420 0.4278 -0.9029
vn -0.2162 0.4818 -0.8492
vn -0.1281 0.2557 -0.9582
vn 0.0174 0.3421 -0.9395
vn 0.0538 0.1649 -0.9848
vn 0.2343 -0.1339 -0.9629
vn 0.5360 -0.4202 -0.7322
vn 0.6186 -0.5223 -0.5870
vn 0.5406 -0.6217 -0.5668
vn 0.1489 -0.4780 -0.8657
vn 0.1110 -0.2656 -0.9577
vn 0.8937 0.3272 0.3070
vn 0.9635 0.0015 0.2677
vn 0.9845 0.1542 0.0833
vn 0.7809 0.6246 0.0106
vn 0.9572 0.2229 -0.1845
vn 0.9922 0.1092 -0.0599
vn 0.9930 0.0769 0.0901
vn 0.9849 0.0626 0.1615
vn 0.9830 0.0056 0.1838
vn 0.9334 -0.3497 0.0802
vn 0.8841 -0.4597 -0.0841
vn 0.4972 -0.8220 -0.2778
vn 0.9292 -0.0683 0.3632
vn 0.9588 0.2790 -0.0527
vn 0.9692 -0.2437 0.0356
vn 0.9335 -0.3164 0.1687
vn -0.4209 0.2535 0.8710
vn 0.0694 -0.4749 0.8773
vn -0.4009 0.0133 0.9160
vn -0.5328 0.5184 -0.6689
vn -0.7889 0.1549 -0.5947
vn -0.7497 0.2578 -0.6095
vn -0.6340 0.1626 -0.7561
vn -0.1146 0.3333 -0.9358
vn -0.1299 0.3339 -0.9336
vn -0.4978 0.1429 -0.8554
vn -0.6563 0.0664 -0.7515
vn -0.6750 0.1624 -0.7197
vn -0.4179 0.2052 -0.8850
vn -0.0828 0.0368 -0.9959
vn 0.2813 -0.2375 -0.9297
vn 0.4964 -0.4752 -0.7265
vn 0.4932 -0.7134 -0.4978
vn 0.0902 -0.6044 -0.7916
vn 0.0556 -0.2938 -0.9543
vn 0.7180 0.3296 0.6131
vn 0.9487 -0.2626 0.1762
vn 0.9937 -0.0747 -0.0834
vn 0.8204 0.3279 -0.4684
vn 0.8857 0.2490 -0.3918
vn 0.9540 0.2199 -0.2040
vn 0.9869 0.1557 -0.0421
vn 0.9931 0.1127 0.0313
vn 0.9992 0.0086 -0.0398
vn 0.7456 -0.4248 -0.5135
vn 0.6358 -0.7395 -0.2211
vn 0.5874 -0.7423 -0.3223
vn 0.9283 0.2017 0.3124
vn 0.8905 0.3672 -0.2688
vn 0.9912 -0.1252 -0.0432
vn 0.9304 -0.3315 0.1562
vn -0.7869 0.4190 0.4531
vn -0.4655 0.6882 0.5565
vn -0.5995 0.5620 0.5698
vn -0.8837 -0.0493 0.4655
vn -0.8930 -0.3688 0.2581
vn -0.9157 -0.4019 -0.0032
vn -0.9173 -0.2720 0.2908
vn -0.8093 -0.2125 0.5476
vn -0.6642 0.2691 0.6974
vn -0.6072 0.2641 0.7494
vn -0.9678 0.1128 0.2249
vn -0.9814 -0.0272 0.1899
vn -0.9842 -0.1225 0.1278
vn -0.9617 -0.2608 -0.0844
vn -0.8775 -0.4683 0.1029
vn -0.9578 -0.2870 0.0121
vn -0.4809 0.0815 -0.8730
vn -0.7917 0.2417 -0.5611
vn -0.5905 0.4577 -0.6648
vn -0.4038 0.4193 -0.8131
vn -0.0176 0.4594 -0.8880
vn -0.5318 0.1078 -0.8400
vn -0.6343 0.0233 -0.7728
vn -0.6165 -0.0849 -0.7827
vn -0.5679 0.1734 -0.8046
vn -0.5534 0.4062 -0.7272
vn -0.3327 0.3204 -0.8869
vn 0.0326 0.0059 -0.9995
vn 0.2528 -0.4198 -0.8717
vn 0.1858 -0.7680 -0.6129
vn 0.0500 -0.6731 -0.7379
vn -0.0000 -0.3124 -0.9499
vn 0.9303 0.3661 0.0235
vn 0.9390 -0.2714 -0.2113
vn 0.9738 -0.2095 0.0886
vn 0.8729 0.2034 -0.4434
vn 0.8484 0.3291 -0.4147
vn 0.9185 0.3032 -0.2540
vn 0.9656 0.2364 -0.1084
vn 0.9921 0.1123 -0.0552
vn 0.9124 -0.2717 -0.3061
vn 0.5508 -0.3676 -0.7493
vn 0.6263 -0.6360 -0.4508
vn 0.7982 -0.4528 0.3975
vn 0.8800 0.1857 0.4372
vn 0.9919 0.1118 0.0603
vn 0.9901 -0.0993 -0.0990
vn 0.9556 -0.2946 -0.0020
vn -0.7864 0.4890 0.3774
vn -0.5883 0.6409 0.4930
vn -0.7127 0.6989 -0.0595
vn -0.7437 0.6562 0.1281
vn -0.9538 0.0718 0.2916
vn -0.8885 -0.4583 -0.0221
vn -0.9157 -0.2875 0.2809
vn -0.8572 -0.2080 0.4710
vn -0.7072 -0.1150 0.6976
vn -0.9727 0.1769 0.1501
vn -0.8462 0.3097 0.4335
vn -0.9835 -0.0167 0.1800
vn -0.9976 -0.0344 0.0601
vn -0.9821 -0.1776 0.0633
vn -0.9603 -0.2782 -0.0206
vn -0.9114 -0.4113 0.0122
vn -0.9571 -0.2896 -0.0075
vn 0.1879 0.0024 -0.9822
vn -0.3293 0.3303 -0.8845
vn -0.0043 0.4903 -0.8715
vn 0.1262 0.4533 -0.8824
vn -0.0090 0.2143 -0.9767
vn -0.6721 -0.0642 -0.7377
vn -0.6604 0.0331 -0.7501
vn -0.5453 0.0841 -0.8340
vn -0.3375 0.3464 -0.8753
vn -0.3933 0.4078 -0.8240
vn -0.3682 0.6309 -0.6829
vn -0.4410 0.1257 -0.8886
vn -0.0451 -0.5084 -0.8599
vn -0.1806 -0.8168 -0.5479
vn -0.0198 -0.6768 -0.7359
vn -0.0670 -0.3244 -0.9436
vn 0.8931 0.2597 -0.3674
vn 0.9413 -0.1880 -0.2804
vn 0.9689 -0.1941 0.1536
vn 0.9634 0.1007 -0.2484
vn 0.8585 0.3957 -0.3262
vn 0.9083 0.3663 -0.2022
vn 0.9528 0.2949 -0.0727
vn 0.9955 0.0879 -0.0341
vn 0.8796 -0.4543 -0.1411
vn 0.6856 -0.5026 -0.5267
vn 0.9031 -0.0868 -0.4206
vn 0.9853 -0.0217 0.1694
vn 0.9148 -0.3238 0.2412
vn 0.9928 -0.0964 0.0713
vn 0.9776 -0.1391 -0.1580
vn 0.9624 -0.2513 -0.1030
vn -0.6606 0.6974 0.2780
vn -0.6790 0.6122 0.4052
vn -0.7668 0.6413 0.0267
vn -0.9924 0.0433 -0.1148
vn -0.9138 -0.3846 -0.1303
vn -0.9678 -0.0776 0.2394
vn -0.9442 -0.2125 0.2518
vn -0.9630 0.0962 0.2519
vn -0.9590 0.2706 -0.0843
vn -0.9938 0.0021 0.1112
vn -0.9905 -0.0732 0.1163
vn -0.9762 -0.2111 0.0503
vn -0.9399 -0.3261 0.1013
vn -0.9143 -0.4042 -0.0261
vn -0.9638 -0.2655 -0.0264
vn 0.2739 0.3149 -0.9087
vn -0.4803 0.3675 -0.7964
vn -0.4429 -0.7718 -0.4563
vn 0.9965 -0.0600 0.0575
vn 0.8602 0.4021 -0.3136
vn -0.9818 -0.0564 0.1814
vn -0.9952 0.0956 -0.0209
vn -0.8981 -0.4180 -0.1365
vt 9.966215 11.180758
vt 9.703576 11.257043
vt 9.896333 11.017595
vt -4.440576 11.564961
vt -4.763265 11.400994
vt -4.312316 11.445680
vt -4.674046 7.428982
vt -4.492449 7.221397
vt -4.538661 7.573031
vt 7.663654 11.443728
vt 7.468238 11.955498
vt 7.452681 11.290711
vt -1.198243 8.549571
vt -1.106224 8.690684
vt -1.327724 8.668734
vt -1.069982 8.430289
vt -0.949129 8.574257
vt -0.941722 8.311006
vt -0.792035 8.457830
vt -0.477847 8.224978
vt -0.634941 8.341404
vt -0.685200 8.072439
vt -0.813461 8.191721
vt -0.556940 7.953157
vt -0.320753 8.108554
vt 7.304519 11.153370
vt 7.115670 11.406785
vt 7.199241 11.022540
vt 7.236256 11.579121
vt -3.499029 8.505031
vt -3.309015 8.472404
vt -3.326624 8.650482
vt -3.629235 8.389611
vt -3.422412 8.368028
vt 4.882432 10.992772
vt 4.875795 11.121811
vt 4.694297 11.028635
vt 5.000255 10.886610
vt 5.086047 11.081299
vt 5.162901 10.816539
vt 5.216100 11.006782
vt 5.581821 10.855297
vt 5.405827 10.921591
vt -4.277705 8.056121
vt -4.344959 7.414917
vt -4.106289 7.764821
vt -4.349208 7.905222
vt -3.397444 10.635136
vt -3.506512 10.469586
vt -3.286029 10.491436
vt -3.521312 10.853086
vt -3.567538 10.568836
vt -3.660090 11.035236
vt -3.795522 10.788819
vt -3.788853 11.138133
vt -3.971102 10.869507
vt 13.863524 5.500070
vt 14.042493 5.312803
vt 14.024862 5.718313
vt -4.055795 11.207113
vt -4.291982 11.051717
vt -3.927534 11.087831
vt -4.606170 11.284569
vt -4.449076 11.168144
vt -4.184055 11.326397
vt -1.153865 10.644647
vt -1.303720 10.687865
vt -1.287494 10.523785
vt -1.021943 10.816019
vt -1.173731 10.850854
vt -5.158830 6.848157
vt -5.338096 6.916696
vt -5.338096 6.672745
vt -12.715394 12.381413
vt -12.929798 12.190048
vt -12.638134 12.205572
vt -0.603017 11.272049
vt -0.814982 11.418146
vt -0.740845 11.159591
vt -0.406311 11.380817
vt -0.599933 11.666773
vt -5.730714 11.693247
vt -5.935327 12.042178
vt -5.935327 11.634306
vt -5.142233 6.385943
vt -5.338094 6.546157
vt -5.338094 6.220422
vt 6.906271 11.519545
vt -0.038103 8.194631
vt 0.083145 8.440704
vt -0.069665 8.513723
vt 0.037706 8.892753
vt -0.113103 8.945541
vt 0.003664 9.232514
vt -0.144615 9.261675
vt -5.942741 9.180749
vt -6.267772 9.346347
vt -6.312866 9.202989
vt -6.640772 9.253783
vt -0.004325 9.860711
vt -0.135373 10.214857
vt -0.180606 9.808271
vt 2.259626 11.842941
vt 1.934273 11.470424
vt 2.275256 11.600315
vt 0.184997 10.879234
vt -0.244213 10.826254
vt -0.228815 10.460855
vt 10.375953 10.560909
vt 10.112224 10.548946
vt 10.192877 10.215451
vt 10.075012 10.769956
vt 9.774251 10.816548
vt 6.841103 11.365802
vt -0.193043 8.289271
vt -0.222588 8.587401
vt -0.264145 8.984730
vt -5.729008 9.004720
vt -6.018764 9.034225
vt -6.361632 9.059509
vt -6.665387 9.090065
vt -0.339961 9.774989
vt -0.367247 10.074799
vt 2.257323 11.325191
vt 1.986506 11.290599
vt -0.375065 10.756106
vt -0.398728 10.369277
vt -0.313225 11.142312
vt 9.841513 10.642590
vt 10.083257 10.377440
vt -0.164178 7.997316
vt -0.347982 8.383912
vt -0.375212 8.659271
vt -0.412129 8.994860
vt -5.844435 8.859235
vt -6.112038 8.889189
vt -6.412863 8.915596
vt -6.670650 8.946518
vt -0.484130 9.760703
vt -0.511359 10.036061
vt -0.538589 10.311420
vt -0.565818 10.586779
vt -0.573936 11.006767
vt 9.729141 10.431366
vt 9.869163 10.186392
vt -0.502922 8.478552
vt -0.527998 8.732125
vt -0.555245 8.999528
vt -5.970602 8.716705
vt -6.203652 8.745722
vt -6.446834 8.773546
vt -0.603222 9.492845
vt -0.628298 9.746418
vt -0.653374 9.999991
vt -0.679061 10.255774
vt -0.707632 10.523132
vt -0.715801 10.824645
vt -0.657862 8.573192
vt -0.680783 8.804979
vt -0.703704 9.036768
vt -0.579811 9.250064
vt -0.726625 9.268556
vt -0.749545 9.500343
vt -0.772466 9.732131
vt -0.795387 9.963920
vt -0.818684 10.197062
vt -0.846467 10.447790
vt -0.869105 10.665267
vt -0.881451 11.032917
vt -0.812802 8.667833
vt -0.833569 8.877836
vt -0.854335 9.087838
vt -0.875102 9.297841
vt -0.895868 9.507842
vt -0.916635 9.717845
vt -0.937402 9.927848
vt -0.958168 10.137851
vt -0.983107 10.364079
vt 2.647511 7.038527
vt 2.445289 6.987038
vt 2.630170 6.881012
vt -1.000532 10.561043
vt -0.967742 8.762473
vt -0.986354 8.950690
vt -1.004966 9.138907
vt -1.023579 9.327126
vt -1.042191 9.515343
vt -1.060803 9.703560
vt -1.079416 9.891777
vt -1.098028 10.079994
vt -1.116640 10.268210
vt 2.446467 6.818774
vt 2.593701 6.730960
vt -1.135252 10.456429
vt -1.122915 8.859464
vt -1.139372 9.025896
vt -1.155830 9.192328
vt -1.172288 9.358761
vt -1.188746 9.525192
vt -1.204972 9.689275
vt -1.221663 9.858057
vt -1.238121 10.024487
vt -1.254578 10.190920
vt -1.271036 10.357353
vt 7.670505 12.209926
vt 6.978198 11.676255
vt 6.733344 11.868875
vt 6.664194 11.629637
vt 0.288456 8.473575
vt 0.160439 9.211092
vt -5.897770 9.319093
vt -6.227911 9.490661
vt -6.580121 9.599796
vt -6.598248 9.439338
vt 0.153102 9.889403
vt 0.079246 10.334028
vt 0.244106 10.403092
vt 10.813408 10.369411
vt 10.717099 10.235637
vt 10.546086 10.713257
vt 10.307152 11.033850
vt -4.729572 11.060282
vt -4.574632 10.965639
vt -4.543094 10.646711
vt -4.662188 10.378853
vt -4.511556 10.327782
vt 2.300707 7.988631
vt 2.517873 8.195826
vt 2.388753 8.292926
vt -5.724004 8.681041
vt -5.794444 8.324555
vt -5.494592 8.359503
vt -5.795192 7.917466
vt -5.586138 7.979953
vt -12.428603 12.344107
vt -12.638134 11.928619
vt -12.492788 11.940476
vt -5.447038 7.610555
vt -5.400980 7.132044
vt -5.338094 7.674108
vt -4.685299 8.574996
vt -4.392736 8.468081
vt -4.546050 8.773909
vt -5.670518 6.679908
vt -5.423786 6.544945
vt -5.430069 6.804692
vt -4.605287 8.015368
vt -4.414556 8.234557
vt -4.419692 10.870998
vt -4.390309 10.573856
vt -4.360965 10.278682
vt 2.178694 8.078878
vt 2.252782 8.417959
vt 2.462603 8.681621
vt 2.308074 8.840825
vt -5.303294 8.350530
vt -5.424879 7.967417
vt -12.364216 11.959164
vt -12.255743 12.266954
vt -4.573103 9.291612
vt -4.445835 8.874633
vt -4.455833 9.354490
vt -4.328869 8.537232
vt 5.075552 10.417234
vt 5.137452 10.591311
vt 4.940122 10.425877
vt -4.238689 8.329163
vt -4.264753 10.776359
vt -4.237984 10.516844
vt -4.210656 10.239147
vt 2.056170 8.180011
vt 2.104859 8.570939
vt 2.147340 8.930854
vt -4.116755 9.946454
vt -4.312768 9.530330
vt -4.134389 9.533939
vt -4.118708 9.172292
vt -4.209635 8.962610
vt -12.255743 12.278145
vt -12.107726 12.016794
vt -11.969470 12.308693
vt 5.023399 10.742094
vt 4.746165 10.432568
vt -4.006642 8.137994
vt -4.059280 8.387639
vt -4.108957 10.701757
vt -4.134888 10.935292
vt 2.595932 7.402513
vt 2.445289 7.246145
vt 2.595932 7.151317
vt -4.084558 10.466310
vt -4.060220 10.191841
vt 1.934273 8.273051
vt 1.934273 8.735118
vt 2.021537 8.951778
vt -3.977272 9.915402
vt -3.961639 9.598504
vt -3.955734 9.267138
vt -4.004027 8.906419
vt 4.489973 10.405205
vt 4.633911 10.561767
vt 4.348315 10.535365
vt 4.869181 10.802616
vt -3.876853 8.217863
vt -3.943444 8.471407
vt -5.338094 7.517313
vt -5.175413 7.123249
vt -5.174116 7.360868
vt -3.949972 10.657418
vt -3.931365 10.398416
vt -3.909307 10.133994
vt -5.170066 10.853542
vt -5.619470 10.693810
vt -5.183062 10.595670
vt -5.651371 10.426825
vt -5.304715 10.346376
vt -5.576353 10.114924
vt -5.559842 10.155122
vt -3.795702 9.307598
vt -3.820374 9.642843
vt -3.825077 8.982799
vt 4.444365 10.712530
vt 4.221831 10.683087
vt 4.655770 10.850144
vt -3.733225 8.271461
vt -3.795397 8.510831
vt -3.793256 10.553975
vt -3.779308 10.313697
vt -3.758400 10.072433
vt -3.875044 9.902699
vt -3.737633 9.862429
vt -5.260704 4.812212
vt -5.140375 5.043657
vt -5.213119 4.998787
vt -5.170066 10.314249
vt -5.288769 10.122255
vt -5.445918 9.838573
vt -5.291817 9.852760
vt -3.672114 9.032893
vt -3.669718 9.273706
vt -3.678652 8.804153
vt 4.491324 10.926371
vt 4.290917 10.841383
vt -3.627440 10.416371
vt -3.626380 10.209580
vt -3.607768 10.021360
vt -3.589156 9.833143
vt -3.718839 9.651096
vt -3.571051 9.644585
vt 2.445290 7.539098
vt 2.587875 7.739470
vt 2.474950 7.712327
vt -3.693912 9.520546
vt -3.548514 9.261628
vt -3.558988 9.451948
vt -3.536521 9.072658
vt -3.531496 8.878398
vt -3.521292 8.688021
vt -3.660764 8.596707
vt -3.490063 10.303258
vt -3.473827 10.139074
vt -3.457369 9.972642
vt -3.440911 9.806211
vt -3.424453 9.639779
vt -3.407763 9.470995
vt -3.390942 9.300896
vt -3.373812 9.127665
vt -3.357068 8.958337
vt -3.341043 8.796287
vt -4.920359 11.517421
vt -4.884512 11.154922
vt -4.695880 10.719566
vt -4.812818 10.429921
vt -4.776972 10.067422
vt -4.628495 10.038137
vt -4.749640 9.699174
vt -4.603889 9.691520
vt -4.758362 9.306322
vt -4.612303 9.321908
vt -5.795189 7.906985
vt -5.788536 7.917468
vt -5.795189 7.465848
vt -5.627981 7.021586
vt -5.794884 7.034627
vt -5.794076 6.619610
vt -5.607848 6.393487
vt -4.730119 7.777683
vt -4.040143 7.267066
vt -3.943225 7.405083
vt -3.557199 7.333645
vt -3.479421 7.477223
vt -3.005975 7.549494
vt 10.913698 -0.106930
vt 10.836294 0.441952
vt 10.780734 -0.016634
vt 11.022551 0.836228
vt 10.882015 0.867923
vt -2.104642 7.521700
vt -1.695025 7.708388
vt -2.117202 7.662720
vt -1.653284 7.579389
vt -1.272909 7.750217
vt -1.202317 7.625220
vt -0.850794 7.792046
vt 7.485802 10.842506
vt 7.387459 10.741828
vt -3.694330 7.648063
vt -3.351782 7.657900
vt -2.942126 7.715353
vt -2.546017 7.612187
vt -2.529561 7.753445
vt -2.130065 7.797264
vt -1.736783 7.836245
vt -1.343503 7.875214
vt -0.950221 7.914186
vt -3.988988 7.909358
vt -3.568749 7.810392
vt -3.258615 7.812936
vt -2.867672 7.916502
vt -2.510026 7.896530
vt -2.142991 7.927985
vt -1.778544 7.964097
vt -1.414096 8.000212
vt -1.049648 8.036325
vt -3.836895 8.011678
vt -3.467019 7.991481
vt -3.215716 7.946427
vt 4.865534 11.478642
vt 4.844697 11.854356
vt 4.707880 11.864120
vt -2.820029 8.056200
vt -2.495307 8.023660
vt -2.155916 8.058696
vt -1.820302 8.091953
vt -1.484689 8.125209
vt -1.149075 8.158465
vt 5.043845 11.315905
vt 4.874625 11.279543
vt -3.431231 8.088532
vt -3.131903 8.094039
vt 4.700192 11.514231
vt 4.548458 11.845108
vt -2.779938 8.175030
vt -2.478233 8.157248
vt -2.168842 8.189409
vt -1.862062 8.219808
vt -1.555282 8.250206
vt -1.248502 8.280606
vt 4.699490 11.298006
vt 4.528631 11.524806
vt 4.365307 11.783743
vt 4.346655 12.058684
vt 4.221833 12.039839
vt -2.460880 8.291791
vt -2.181768 8.320119
vt -1.903821 8.347662
vt -1.625875 8.375203
vt -1.347928 8.402747
vt -3.345012 8.188771
vt -3.233932 8.331976
vt -3.059289 8.212919
vt -2.975473 8.355055
vt -2.753911 8.254266
vt -2.703230 8.394504
vt -2.443976 8.426034
vt -2.194693 8.450831
vt -1.945581 8.475517
vt -1.696468 8.500202
vt -1.447356 8.524888
vt -5.338094 7.714997
vt -5.185833 7.630785
vt -5.185833 7.862466
vt -3.096274 8.493485
vt -2.891525 8.513774
vt -2.654577 8.537254
vt -2.429120 8.559595
vt -2.207620 8.581545
vt -1.988562 8.603250
vt -1.768283 8.625078
vt -1.548004 8.646905
vt -4.132406 7.131834
vt -3.627168 7.196769
vt 10.942701 -0.717474
vt 10.840071 -0.609095
vt 11.149395 0.313373
vt 10.986478 0.379172
vt 11.172069 0.802576
vt -2.092514 7.376799
vt -1.611577 7.448290
vt 7.588902 10.405201
vt 7.637421 10.951649
vt 2.591964 11.719565
vt 2.282734 11.636038
vt 2.336974 11.519752
vt 10.780734 1.772743
vt 11.207755 1.405203
vt 10.921094 1.753343
vt 10.780734 1.331921
vt 10.888186 0.867925
vt 12.994287 7.684708
vt 12.972390 7.266931
vt 13.095982 7.277060
vt 13.110284 6.836856
vt 13.246981 6.876964
vt 13.237673 6.403156
vt 13.370472 6.475937
vt 13.479021 6.080338
vt 13.354344 5.957784
vt 13.575928 5.636575
vt -3.861367 11.490364
vt -3.761940 11.368225
vt 2.640590 11.539018
vt 2.339278 11.364983
vt -0.831587 11.746061
vt -1.133352 11.962179
vt -1.185266 11.790125
vt 12.930845 8.273088
vt 13.188051 7.730613
vt 13.176158 8.266960
vt 13.310029 7.332763
vt 13.416435 6.918171
vt 13.535124 6.555134
vt 13.600370 6.185059
vt 13.703982 5.805185
vt 13.779319 5.366653
vt 2.622709 11.353861
vt 2.318515 11.086965
vt -0.968054 11.472483
vt -1.255240 11.672576
vt 13.320956 8.218355
vt 13.318298 7.692594
vt -1.700218 11.431860
vt -2.061894 11.500765
vt -2.080462 11.372465
vt -2.484547 11.424788
vt -2.564206 11.749623
vt -2.814741 11.414282
vt 13.767550 6.315216
vt 13.713120 6.682569
vt 13.827892 5.945514
vt -3.651753 11.390228
vt -3.548208 11.337114
vt -1.075284 11.319925
vt -1.401105 11.308684
vt -1.745423 11.253098
vt -2.102922 11.195746
vt -2.461239 11.147384
vt -5.924375 11.516668
vt -5.655993 11.219322
vt -5.655993 11.634307
vt 14.010857 6.596912
vt 13.989323 6.893772
vt 13.930158 6.062407
vt -13.042493 12.127419
vt -13.017582 11.928619
vt -1.226570 11.122011
vt -1.508267 11.094919
vt -1.799951 11.106838
vt -2.127064 11.052425
vt -2.443348 10.983278
vt 2.607614 11.907389
vt 2.282736 11.907389
vt 2.592543 11.944433
vt -2.750198 10.940811
vt -2.966299 11.256846
vt -2.842646 11.158718
vt -3.320872 11.079743
vt -3.446918 11.235186
vt -1.058666 11.051901
vt -1.323009 10.963911
vt -1.572857 10.970257
vt -1.845730 10.971498
vt -2.145860 10.910148
vt -2.430497 10.850821
vt -2.708914 10.812608
vt 2.445289 6.280839
vt 2.624562 5.933454
vt 2.589363 6.275824
vt -3.116835 10.887650
vt -2.862299 10.895273
vt -1.421590 10.808178
vt -1.651768 10.820228
vt -1.904740 10.802928
vt -2.166848 10.754222
vt -2.418003 10.710819
vt -2.667154 10.684753
vt -2.916266 10.660069
vt 11.037184 2.918032
vt 10.780734 2.598843
vt 11.013723 2.681909
vt -3.164045 10.636798
vt -1.525221 10.665916
vt -1.745500 10.644091
vt -1.965779 10.622261
vt -2.186058 10.600432
vt -2.405116 10.578726
vt -2.626616 10.556777
vt -2.846895 10.534951
vt -3.067173 10.513123
vt 2.576641 5.538485
vt 2.445290 5.201252
vt 2.576256 5.085479
vt 2.576624 4.632175
vt 12.719625 8.116041
vt 12.713899 7.717039
vt 12.850093 7.692729
vt 12.849364 7.258603
vt 12.984119 6.800371
vt 13.118874 6.342139
vt 13.255765 5.883285
vt 13.483580 5.530711
vt -3.960793 11.612506
vt -1.131735 7.500167
vt -1.550033 7.211545
vt -1.034540 7.268386
vt -5.825406 9.706097
vt -6.329082 9.666874
vt -0.656887 7.534231
vt -0.518054 7.282872
vt -5.136796 11.639200
vt -5.094502 11.242691
vt 0.213863 8.867521
vt 0.409261 9.195457
vt -0.193477 7.582701
vt 0.094986 7.369623
vt 0.512966 8.870304
vt -5.055669 10.850052
vt -4.848665 10.792421
vt -5.016842 10.457422
vt 7.105067 12.015378
vt 6.775055 12.206545
vt 13.662167 4.507968
vt 13.354731 4.751262
vt 13.501507 4.254803
vt -4.605871 7.088541
vt -4.861420 7.210486
vt -4.780452 6.846613
vt -4.978017 10.064792
vt 13.526698 4.966408
vt 13.209599 5.250528
vt 12.307499 9.092355
vt 12.182911 8.727020
vt 12.442964 8.633917
vt -4.961068 9.657318
vt 13.391232 5.424846
vt 13.063271 5.747751
vt 0.761548 7.506711
vt 0.516732 7.744456
vt 11.468359 1.675236
vt 11.230089 2.063075
vt 11.218375 1.657538
vt 2.647859 6.416037
vt 2.445290 6.669260
vt 2.445290 6.280837
vt 12.915003 6.244748
vt 7.309839 12.403172
vt -4.283436 6.882716
vt 11.461823 1.304360
vt 11.207752 1.252869
vt 10.321951 11.238228
vt 9.989269 11.425948
vt 12.769047 6.741067
vt 11.468359 0.944346
vt 11.220837 0.867921
vt -3.752827 6.934016
vt 10.633527 10.956388
vt 12.623090 7.237387
vt 11.574885 -0.499286
vt 11.060644 -0.198925
vt -4.768480 8.138475
vt -5.013788 8.363907
vt -4.985117 7.964330
vt 10.886387 10.569496
vt 11.574885 0.173455
vt -4.932022 7.581431
vt 0.326831 10.961351
vt 0.487102 10.471651
vt 0.507320 10.979512
vt 12.578431 8.175478
vt 12.476364 7.733931
vt 11.381042 0.738806
vt 0.371729 9.882442
vt 12.329637 8.230475
vt 0.118603 9.527680
vt -0.065616 -11.165754
vt 0.421147 -12.060874
vt 0.367900 -11.139448
vt -10.801477 3.681443
vt -10.432811 4.617208
vt -10.869164 4.589827
vt 7.342019 -11.184281
vt 7.717988 -12.161228
vt 7.837811 -11.294371
vt 0.854661 -12.034568
vt 0.801416 -11.113143
vt -10.365300 3.708648
vt -9.996809 4.644237
vt 6.846229 -11.074191
vt 7.222197 -12.051138
vt 1.288177 -12.008263
vt 1.234931 -11.086838
vt -9.930875 3.734113
vt -9.561603 4.670475
vt 6.232082 -11.826466
vt 6.726406 -11.941049
vt 1.721693 -11.981958
vt 1.668447 -11.060534
vt -9.496988 3.759040
vt -9.127298 4.695817
vt 5.855382 -10.851765
vt 6.351905 -10.959610
vt 8.965586 3.749281
vt 9.703578 4.211615
vt 8.965586 4.268724
vt -9.063099 3.783965
vt -8.693825 4.720332
vt 5.358860 -10.743918
vt 5.735558 -11.718621
vt 2.155208 -11.955652
vt 2.101961 -11.034227
vt 9.703578 4.731060
vt 8.965586 4.788169
vt -8.629212 3.808894
vt -8.260983 4.744220
vt 4.863069 -10.633833
vt 5.239036 -11.610776
vt 3.375698 -10.303565
vt 3.751665 -11.280512
vt 3.871488 -10.413655
vt 9.703578 5.250505
vt 8.965586 5.307614
vt -3.100226 -11.349891
vt -2.613464 -12.245011
vt -2.666710 -11.323585
vt 4.367278 -10.523745
vt 4.743245 -11.500690
vt 8.963138 8.621560
vt 9.703373 8.903121
vt 8.963762 9.090675
vt 9.703578 5.769948
vt 8.965586 5.827057
vt -2.179948 -12.218706
vt -2.233194 -11.297281
vt 4.247454 -11.390600
vt -8.195584 3.833560
vt -7.828358 4.767890
vt 9.703578 6.289392
vt 8.965475 6.355575
vt -1.746433 -12.192400
vt -1.799678 -11.270976
vt -12.554329 3.564522
vt -13.042493 4.461321
vt -12.988720 3.539095
vt 9.703578 6.808838
vt 8.964351 6.965494
vt -1.312917 -12.166094
vt -1.366163 -11.244670
vt -12.118811 3.591072
vt -12.608103 4.486749
vt 9.703578 7.328281
vt 8.963269 7.572010
vt -0.879401 -12.139789
vt -0.932647 -11.218365
vt -11.739319 4.537604
vt -12.173711 4.512177
vt 9.703479 7.855679
vt 8.962880 8.122770
vt -0.445886 -12.113483
vt -0.499132 -11.192059
vt -11.679661 3.621237
vt -11.304880 4.563081
vt 9.703354 8.385284
vt -0.012369 -12.087178
vt -11.239841 3.652062
vt 8.213776 -12.271317
vt 8.333600 -11.404460
vt 12.883512 3.788489
vt 12.704937 4.234786
vt 12.237474 3.300170
vt 11.440636 3.316887
vt 11.661961 2.927105
vt 10.780732 1.010261
vt 10.406992 0.351875
vt 10.764868 0.188628
vt 10.400813 -0.456377
vt 10.748451 -0.628303
vt 10.396587 -1.262969
vt 10.739020 -1.439308
vt 10.381905 -2.078429
vt 10.724339 -2.254768
vt 10.333342 -2.905538
vt 10.654001 -3.097796
vt 10.780732 -4.259602
vt 4.221834 10.405202
vt 3.377506 11.027906
vt 3.521518 10.479023
vt -4.962026 -4.927667
vt -4.767739 -5.863037
vt -4.509374 -4.890748
vt -5.136796 -5.855002
vt -4.698606 -6.825611
vt 10.405218 -6.719201
vt 10.202117 -7.848214
vt 10.659706 -6.913015
vt 9.527475 -7.577613
vt 9.129525 -8.741415
vt 8.293184 -9.512247
vt 8.829165 -9.631710
vt 8.462156 -10.533887
vt 7.979213 -10.417464
vt 11.839397 11.200194
vt 11.094442 11.812769
vt -10.199046 -11.997069
vt -11.141303 -10.195506
vt -11.153980 -11.806477
vt -10.805758 -9.257493
vt -11.206063 -9.279862
vt -11.241035 -8.368457
vt -10.840777 -8.346050
vt -11.278721 -7.453814
vt -10.895727 -6.426792
vt -11.313107 -6.410569
vt -10.810301 -5.308517
vt -11.234900 -5.327996
vt -11.065746 -4.201581
vt -11.461857 -4.245697
vt -11.458852 -3.358498
vt -11.062942 -3.314208
vt -11.455362 -2.471070
vt -11.031108 -2.413389
vt -11.378430 -1.578504
vt -10.898746 -1.507906
vt -11.223778 -0.687077
vt -10.689429 -0.602196
vt -11.200421 0.135157
vt -10.639471 0.170927
vt -11.069277 0.894591
vt -10.623477 0.925162
vt -11.123695 1.816170
vt -10.689809 1.841098
vt -11.178116 2.737753
vt -10.744229 2.762678
vt -0.861993 4.501389
vt -1.006853 3.559919
vt -0.569456 3.586290
vt -0.723891 2.637614
vt -0.188410 2.661436
vt -0.960722 1.777176
vt 0.146483 1.736043
vt -0.313943 0.891322
vt -2.190002 0.987968
vt -2.012763 0.137666
vt -2.785635 0.145502
vt -2.736430 -0.702779
vt -3.269252 -1.545777
vt -2.708252 -1.584460
vt -2.854387 -2.473351
vt -1.780115 -2.582134
vt 11.614136 -3.418901
vt 10.780730 -4.108830
vt 11.245200 -4.559195
vt -1.156370 -3.576541
vt -1.530924 -4.580521
vt -0.884244 -4.626044
vt -1.250959 -5.602288
vt -0.312295 -5.549754
vt -1.136627 -6.537967
vt 0.040098 -6.458000
vt -1.234602 -7.472354
vt -0.278654 -7.414150
vt -0.801454 -8.437854
vt -0.318100 -8.421936
vt -0.606757 -9.374658
vt -0.173417 -9.360989
vt -0.118862 -10.244329
vt -0.343039 6.183904
vt 0.231987 6.249534
vt -12.780186 10.515795
vt -11.975097 10.712611
vt -11.910443 11.634521
vt -11.272726 11.310888
vt -11.294568 11.724428
vt 2.529557 9.461950
vt 1.934271 8.951779
vt 2.411256 9.170721
vt -5.363832 6.220422
vt -5.795192 5.567856
vt -5.260704 4.767889
vt 8.373795 11.851432
vt 8.644748 10.405202
vt 8.644748 12.402489
vt -8.877583 11.442021
vt -8.383778 9.530041
vt -8.373657 10.051918
vt -7.645396 9.647405
vt -7.578247 11.219123
vt 10.963470 -5.283855
vt 11.753684 -5.287172
vt 11.631614 -4.727921
vt -6.670651 11.783817
vt -5.972749 11.346048
vt -5.936863 11.668654
vt -6.089152 -2.332556
vt -5.428819 -1.238560
vt -5.799297 -1.332270
vt -5.722335 -0.371589
vt 4.279211 9.831426
vt 5.219760 10.095520
vt 4.397331 10.172212
vt 5.096075 9.773399
vt 6.379277 9.745287
vt 6.212132 9.297677
vt 7.441391 8.902372
vt 7.473150 8.364819
vt 8.224612 8.721842
vt 8.223787 8.268723
vt 10.757664 11.967824
vt -11.487741 -11.758720
vt -11.540695 -10.207346
vt -11.613060 -9.295639
vt -11.645536 -8.386877
vt -11.693449 -7.459958
vt -11.688145 -6.374612
vt -11.635842 -5.368024
vt -11.857766 -4.289989
vt -11.854762 -3.402792
vt -11.851759 -2.515593
vt -11.806781 -1.634328
vt -11.687906 -0.753868
vt -11.650337 0.106408
vt -11.503523 0.869957
vt -11.557583 1.791246
vt -11.614278 2.710566
vt -1.341724 4.473854
vt -1.493883 3.532189
vt -1.473308 2.638736
vt -2.516870 1.842025
vt -2.985146 0.986482
vt -3.318461 0.128492
vt -3.210263 -0.702685
vt -3.554691 -1.573193
vt -3.298903 -2.502366
vt -2.314298 -3.588489
vt -1.778639 -3.567746
vt -2.077332 -4.576928
vt -1.950911 -5.620779
vt -1.759770 -7.521847
vt -1.318895 -8.461191
vt -1.039743 -9.385410
vt -0.552377 -10.270633
vt -0.985893 -10.296938
vt -0.921672 6.282531
vt -12.808302 9.940024
vt -12.328806 9.515846
vt -11.305681 10.847304
vt 2.282737 11.287113
vt 2.282737 9.946527
vt 2.247405 11.290600
vt -10.586474 10.974062
vt -9.844213 10.259917
vt -9.830957 11.009302
vt -9.229744 8.831154
vt -9.116078 9.830434
vt -7.656390 8.957204
vt 10.838812 -6.880485
vt 11.774862 -5.792507
vt 12.626917 -5.515249
vt 12.345680 -5.224103
vt -5.849113 -2.279005
vt -5.136796 -1.156745
vt 3.435141 9.468198
vt 3.553672 9.868374
vt 4.184217 9.456310
vt 5.016576 9.442943
vt 7.484880 7.880120
vt 8.222990 7.813600
vt 10.191846 12.034421
vt 1.934273 4.632175
vt 2.153300 6.465761
vt 1.934273 6.123130
vt -12.030744 -9.298152
vt -11.893244 -10.233179
vt -12.064411 -8.387885
vt -12.111598 -7.456551
vt 2.961894 0.397564
vt 2.940397 -0.785755
vt 3.392830 -0.783778
vt 3.112247 -1.834560
vt 3.362040 -1.728008
vt -12.015448 -5.426043
vt -12.253489 -4.334444
vt -12.250673 -3.447082
vt -12.247668 -2.559884
vt -12.198795 -1.679032
vt -12.107857 -0.800314
vt -12.073999 0.063041
vt -11.939636 0.843231
vt -11.994417 1.763386
vt -12.055267 2.678568
vt -2.271344 4.419574
vt -1.822233 4.446296
vt -2.041793 3.503774
vt -2.489808 2.658750
vt -3.295197 1.829195
vt -3.528444 0.960499
vt -3.680914 0.090696
vt -3.493864 -0.725182
vt -3.807320 -1.636088
vt -3.655746 -2.555982
vt -2.807036 -3.623425
vt -2.590820 -4.617893
vt -2.505044 -5.610659
vt -1.832166 -6.612720
vt -2.230725 -7.559011
vt -1.944314 -8.506586
vt -1.491763 -9.407474
vt -1.419409 -10.323243
vt -1.493111 6.197699
vt -1.592823 4.860851
vt -0.626206 5.541656
vt -13.022785 8.454541
vt -11.428046 8.463024
vt -10.564047 10.929193
vt -10.334984 7.390138
vt -9.489705 7.585255
vt -8.429341 8.925123
vt -7.701328 8.337700
vt -6.716212 8.900801
vt -7.070091 10.606149
vt 12.896580 -5.844449
vt 13.748075 -6.022310
vt 13.505115 -5.644567
vt 3.344918 9.067850
vt 4.090350 9.018359
vt 4.948005 9.037376
vt 6.028890 8.571197
vt 7.484062 7.426641
vt 8.223186 7.278378
vt 9.828739 12.147339
vt 10.100587 13.145508
vt -12.441994 -9.305876
vt -12.161900 -10.283064
vt -12.479257 -8.391814
vt -12.503728 -7.457524
vt 3.246490 0.443197
vt 3.796696 -0.743299
vt -11.999097 -6.394685
vt -12.384026 -5.493254
vt -12.315090 -6.440757
vt -12.643208 -4.384093
vt -12.646584 -3.491372
vt -12.643261 -2.604241
vt -12.583048 -1.724684
vt -12.525072 -0.844188
vt -12.485113 0.006401
vt -12.381884 0.809065
vt -12.437262 1.729547
vt -12.497277 2.645564
vt -2.704859 4.393268
vt -2.691865 3.484700
vt -3.325802 2.654410
vt -3.719385 1.797910
vt -3.880991 0.919342
vt -3.956305 0.041521
vt -3.758659 -0.760836
vt -4.058300 -1.702034
vt -3.970425 -2.615496
vt -3.260381 -3.680532
vt -3.044367 -4.667670
vt -3.039111 -5.607257
vt -2.303706 -6.634742
vt -2.898297 -6.635208
vt -2.854412 -8.671770
vt -2.048816 -9.467410
vt -1.852924 -10.349549
vt -2.075408 7.105985
vt -2.193434 6.079441
vt -13.042493 7.437935
vt -12.132475 8.069060
vt -11.442043 6.874805
vt -10.323857 6.766976
vt -8.700483 7.209421
vt -8.560147 8.099342
vt -7.786055 7.604155
vt -6.670652 7.820843
vt 11.013233 -7.579731
vt 13.431945 -8.091767
vt 14.015504 -6.575677
vt 3.217006 8.491050
vt 3.927770 8.300625
vt 5.939388 5.729393
vt 5.913994 7.226442
vt 7.484777 6.849621
vt 8.224934 6.618002
vt -5.651370 11.107527
vt -5.261042 11.736961
vt -5.485426 11.927002
vt 2.443238 6.618914
vt 1.934274 7.418615
vt 2.264162 6.465762
vt 10.768038 9.896679
vt 9.703575 9.898607
vt 10.790956 9.229483
vt -12.874769 -8.410751
vt -12.789346 -9.343824
vt -12.814402 -7.454832
vt 3.696811 0.423119
vt 4.132954 -0.667064
vt -12.760880 -5.553288
vt -12.653931 -6.500382
vt -13.008079 -4.454849
vt -13.042493 -3.535665
vt -13.035713 -2.649109
vt -12.964132 -1.770660
vt -12.940126 -0.885909
vt -12.891390 -0.056900
vt -12.830534 0.775467
vt -12.879666 1.696146
vt -12.934949 2.616869
vt -3.270044 3.473816
vt -3.787222 2.629862
vt -4.045776 1.757942
vt -4.163074 0.868854
vt -4.214611 -0.011295
vt -4.014991 -0.814523
vt -4.266200 -0.879941
vt -4.260120 -2.675698
vt -3.678451 -3.746330
vt -3.471286 -4.713763
vt -3.648230 -5.692658
vt -3.648376 -6.691597
vt -2.760785 -7.581423
vt -3.465866 -7.660642
vt -2.707180 -9.551033
vt -2.286684 -10.375922
vt -2.622920 7.020119
vt -2.939709 6.139770
vt -2.583724 4.632175
vt -12.943602 6.766221
vt -12.238581 6.958148
vt -12.154106 6.565064
vt -11.173595 6.465614
vt -9.550041 6.328415
vt -9.548121 6.849196
vt -8.737052 6.554410
vt -7.815839 6.901255
vt -6.723348 7.132128
vt 10.814477 -8.686202
vt 11.940797 -9.883090
vt 3.057272 5.435792
vt 2.650810 7.060967
vt 4.489833 4.920233
vt 5.210511 4.992616
vt 4.841766 7.547716
vt 5.970972 5.146848
vt 7.439677 6.053079
vt 8.227137 5.921004
vt -6.707203 -12.217845
vt -6.954932 -11.019380
vt -7.181098 -12.271317
vt -6.218034 -9.690287
vt -6.759426 -9.815504
vt -6.176918 -8.802925
vt -6.495454 -8.762049
vt -6.151938 -7.948941
vt -6.311301 -7.860633
vt -5.861198 -6.620888
vt -5.975386 -6.368240
vt -9.722836 11.607103
vt -8.584676 11.928618
vt -9.459281 11.890038
vt -5.909956 -5.502601
vt -6.329595 -4.992998
vt -6.222750 -5.429261
vt -6.145645 -4.737041
vt -6.922380 -4.278098
vt -6.560546 -4.258783
vt -6.806063 -3.305712
vt -6.281511 -3.298995
vt -6.545115 -2.360768
vt -6.196433 -1.425305
vt -6.596341 -1.445901
vt -6.108706 -0.470252
vt -6.587894 -0.512616
vt -6.778788 0.382396
vt -7.021784 1.239449
vt -7.411032 1.232462
vt -7.527293 2.046180
vt -7.959385 2.021856
vt -7.707016 2.937165
vt -8.140904 2.912238
vt -7.763166 3.857024
vt -5.796760 7.656936
vt -6.649170 8.110680
vt -6.669087 7.587348
vt 11.684821 8.500957
vt 10.889641 7.686244
vt 11.848318 7.985676
vt 5.668921 2.927105
vt 6.155366 2.091695
vt 6.363295 2.808105
vt 3.877044 1.347411
vt 6.168255 0.891181
vt 5.230514 0.036141
vt 7.459920 0.490231
vt 5.124611 -0.831474
vt 4.505224 -0.755146
vt 4.459247 -1.657595
vt 3.535033 -2.460441
vt 3.796608 -2.530725
vt 3.429312 -3.339299
vt 3.634543 -3.409171
vt 3.469624 -4.227189
vt 3.762201 -4.323884
vt 4.144054 -5.301651
vt 3.792341 -6.069350
vt 4.341404 -6.154533
vt 4.208573 -6.920691
vt 4.937353 -6.995597
vt 4.237248 -7.793235
vt 4.795332 -7.881543
vt 4.624225 -8.778587
vt 4.095661 -8.677752
vt 4.487101 -9.656889
vt -3.571899 4.340660
vt -3.138375 4.366963
vt -3.779358 3.458384
vt -4.158075 2.594337
vt -4.341877 1.712213
vt -4.424215 0.814841
vt -4.469769 -0.067769
vt -4.517179 -0.945886
vt -4.309278 -1.767978
vt -4.532922 -2.736260
vt -4.066867 -3.810369
vt -3.967624 -4.790730
vt -4.240240 -5.787772
vt -4.229139 -6.768198
vt -4.033669 -7.750662
vt -3.454430 -8.781658
vt -3.300616 -9.617013
vt -2.736743 -10.406926
vt -3.305533 6.980190
vt -3.576764 6.130731
vt -3.281214 4.706681
vt 6.664197 12.346562
vt 5.910949 11.322821
vt 6.458392 11.254559
vt 5.853071 10.405202
vt -10.996692 6.071043
vt -10.291141 6.384455
vt -9.511791 5.940957
vt -8.694346 6.007635
vt -7.737337 6.322165
vt -6.764883 6.457552
vt 10.927284 -10.047798
vt 10.876024 -9.373730
vt 11.823145 -10.336643
vt 12.722112 -10.129210
vt 12.820999 -11.169127
vt 13.256813 -10.223267
vt 5.351191 4.044693
vt 6.076168 4.480551
vt 7.310067 5.194149
vt 8.227594 5.364723
vt 1.180659 6.748742
vt 1.547230 5.558743
vt 1.713652 5.960457
vt -5.878444 -9.510338
vt 11.521271 2.803130
vt 11.207752 2.063075
vt 11.519578 2.135949
vt 2.575223 11.086967
vt 2.282736 9.946524
vt 2.649691 10.200741
vt -8.841252 11.703037
vt -8.102724 11.390468
vt -7.469855 11.419670
vt 10.780730 -5.098750
vt 11.481045 -4.559195
vt -5.935325 11.977261
vt -6.646446 11.977261
vt -6.252785 -2.369241
vt -6.321194 0.413960
vt 6.469245 10.061891
vt 5.378769 10.405203
vt 7.425850 9.397300
vt 8.225433 9.174959
vt -6.669871 7.079482
vt -5.797543 7.149070
vt 11.995047 7.489133
vt 11.295390 7.213511
vt 10.165047 7.579992
vt 10.704389 6.487288
vt 7.196153 1.729252
vt 8.052155 1.228889
vt 8.206289 0.487072
vt 7.867105 -0.299938
vt 4.849241 -1.734990
vt 4.108761 -2.601716
vt 3.870892 -3.488192
vt 4.250685 -4.478481
vt 4.749327 -5.354572
vt 5.388646 -6.141212
vt 5.473204 -7.059162
vt 5.327792 -7.980060
vt 5.157314 -8.872401
vt 4.983289 -9.766814
vt -4.009407 4.315010
vt -4.229087 3.434139
vt -4.491165 2.554123
vt -4.619803 1.662960
vt -4.680604 0.761044
vt -4.722995 -0.128567
vt -4.811234 -1.899869
vt -4.560256 -1.833923
vt -4.792180 -2.801493
vt -4.464292 -3.886211
vt -4.484300 -7.810794
vt -3.816364 -8.803541
vt -3.783764 -9.654869
vt -3.197662 -10.440802
vt -4.092344 6.193405
vt -3.899179 5.210763
vt 6.039207 12.437734
vt 5.581825 11.388474
vt -11.518809 5.766353
vt -11.747707 6.147519
vt -10.898591 5.695100
vt -10.258004 6.005579
vt -10.188749 5.628570
vt -8.557711 5.551140
vt -7.603307 5.805397
vt -6.768456 5.891947
vt 11.678517 -10.798482
vt 3.238342 4.550697
vt 3.865532 4.584521
vt 3.138632 4.996078
vt 3.972593 3.878556
vt 4.617471 4.025210
vt 5.458365 3.506486
vt 6.178786 3.777881
vt 7.326618 4.526901
vt 8.227594 4.845278
vt -5.795975 8.164801
vt -6.501361 8.716705
vt 11.421926 9.121330
vt 10.696575 8.367640
vt 9.895265 9.348355
vt 3.699598 2.279892
vt 4.251445 2.162616
vt 3.896089 -1.515851
vt 4.173328 -1.586377
vt 3.224148 -3.269450
vt 3.392024 -5.073337
vt 3.739810 -5.187067
vt 3.443504 -5.965559
vt 3.599229 -6.834279
vt 3.709697 -7.699134
vt 3.598002 -8.567692
vt 3.991310 -9.546798
vt 3.495522 -9.436709
vt -6.670652 6.571619
vt -5.798323 6.641206
vt 11.491899 6.480208
vt 12.141771 6.992589
vt 10.526697 5.506290
vt 9.703575 5.491104
vt 9.824995 4.978764
vt 8.576075 1.144213
vt 8.580403 0.333538
vt 8.541467 -0.481775
vt 7.371722 -1.353784
vt 4.900325 -2.721097
vt 4.663361 -3.668139
vt 6.340030 -4.389359
vt 6.244182 -5.238594
vt 6.194273 -6.102629
vt 6.028659 -7.042602
vt 5.826084 -8.088917
vt 5.680259 -8.968872
vt 5.487818 -9.872656
vt -7.581437 -11.161545
vt -7.836464 -12.260191
vt -7.365676 -9.964851
vt -7.099443 -8.815302
vt -6.698507 -7.902948
vt -6.896907 -7.027074
vt -6.567385 -5.328098
vt -5.228475 9.485114
vt -5.651371 8.716705
vt -5.155390 9.493429
vt -7.320442 -4.314394
vt -7.807591 -5.730043
vt -7.638909 -3.410221
vt -6.907673 -2.345651
vt -6.895514 -1.445348
vt -6.968262 -0.530401
vt -7.170396 0.373566
vt -7.834743 1.218666
vt -8.427711 1.988495
vt -8.574791 2.887312
vt -4.535761 6.259147
vt -4.324899 5.487208
vt -4.739261 5.580181
vt -4.274459 4.816820
vt 2.133316 1.897672
vt 2.650809 1.022180
vt 2.403695 1.932011
vt -10.035068 5.256003
vt -9.249144 5.193459
vt -9.416126 5.565320
vt -8.386017 5.149178
vt -6.732586 5.406135
vt 10.927761 -10.616616
vt 11.486358 -11.367472
vt 12.114723 -11.409621
vt 4.057384 3.384509
vt 4.723143 3.539024
vt 5.535089 3.207265
vt 6.265040 3.280166
vt 7.420094 3.888372
vt 8.227594 4.325835
vt 1.277842 4.632175
vt 1.133827 3.687300
vt 1.531824 3.712765
vt 1.489940 2.761942
vt 1.847321 2.787938
vt 1.920507 1.866771
vt 1.686756 0.923162
vt 2.085168 0.951889
vt 1.795491 0.004963
vt 2.197536 0.033888
vt 1.785748 -0.919910
vt 2.184417 -0.891231
vt 2.126858 -1.818280
vt 1.765162 -1.844866
vt 2.061614 -2.744771
vt 1.705165 -2.771134
vt 2.041715 -3.658818
vt 1.815736 -4.601427
vt 2.213439 -4.580583
vt 2.200400 -5.530721
vt 2.516788 -5.522205
vt 2.346766 -6.453512
vt 2.596930 -6.443100
vt 2.401797 -7.373847
vt 2.650809 -7.362304
vt 2.629000 -8.282976
vt 2.258066 -8.301428
vt 2.024916 -9.226525
vt 1.615265 -10.139336
vt 2.048717 -10.112804
vt -5.796757 6.133108
vt -6.655231 6.040802
vt 12.276079 6.476580
vt 11.423098 5.647968
vt 10.640640 4.978932
vt 10.020066 4.562290
vt 8.971829 1.004243
vt 8.939189 0.173115
vt 8.962552 -0.610085
vt 8.983985 -1.377337
vt 8.842023 -2.199831
vt 7.993958 -3.266932
vt 7.297656 -4.262292
vt 6.928944 -5.275378
vt 6.739080 -6.192832
vt 6.571985 -7.072577
vt 6.328015 -8.187978
vt 6.191821 -9.069148
vt 5.997196 -9.974145
vt 0.598188 8.510210
vt 1.696532 8.527199
vt -8.187080 -11.427010
vt -8.275984 -10.236609
vt -8.916060 -9.174143
vt -9.168918 -8.320389
vt -9.041797 -7.410925
vt -8.197196 -6.674264
vt -9.003883 -5.742220
vt -8.914803 -4.573805
vt -8.680373 -3.542463
vt -8.750402 -2.196847
vt -7.301725 -1.371878
vt -7.243903 -0.525832
vt -7.625270 0.363270
vt -8.287229 1.195746
vt -8.920705 1.949044
vt -9.008679 2.862386
vt -4.968532 6.267704
vt 10.780728 2.502869
vt 11.136755 1.951769
vt 11.153851 2.598843
vt 2.391306 0.988229
vt 2.513649 0.070882
vt 2.486223 -0.855323
vt -9.056148 4.823007
vt -8.252759 4.767889
vt -7.491779 5.334145
vt -6.670652 4.957205
vt 10.873527 -11.109917
vt 11.258377 -11.886524
vt 11.997005 -11.917760
vt 4.146298 3.046038
vt 4.799337 3.253093
vt 5.604757 2.927107
vt 6.383573 2.942994
vt 7.503179 3.398874
vt 8.227597 3.806390
vt -6.576130 5.405545
vt -5.795192 5.625010
vt 12.354673 5.870040
vt 11.493534 5.041982
vt 10.813947 4.531739
vt 10.238401 4.170567
vt 9.332237 0.844754
vt 9.311110 0.023828
vt 9.350473 -0.745805
vt 9.353983 -1.545838
vt 9.304354 -2.373216
vt 8.379290 -3.376689
vt 8.015533 -4.289281
vt 7.748001 -5.302469
vt 7.456761 -6.289279
vt 7.231828 -7.165136
vt 6.873010 -8.246412
vt 6.693655 -9.174187
vt 6.503610 -10.077133
vt 1.878074 9.133458
vt -8.752541 -11.614005
vt -9.146336 -10.165385
vt -9.584609 -9.196970
vt -9.632280 -8.333399
vt -9.653091 -7.435180
vt -9.429397 -6.643086
vt -9.534666 -5.702750
vt -9.634225 -4.606262
vt -9.838398 -3.511592
vt -9.481545 -2.208264
vt -8.756782 -1.275339
vt -7.995431 -0.464835
vt -8.246002 0.331413
vt -8.779952 1.156435
vt -9.387218 1.916152
vt -9.442567 2.837460
vt 0.874551 4.606675
vt 0.718933 3.662015
vt 1.121343 2.736139
vt 1.562179 1.840226
vt 1.280544 0.893943
vt 1.369673 -0.025288
vt 1.381494 -0.948827
vt 1.412634 -1.871045
vt 1.343562 -2.797729
vt 1.651648 -3.682311
vt 1.173570 -3.699142
vt 1.799770 -5.529116
vt 2.034471 -6.458432
vt 2.094604 -7.385075
vt 1.730120 -8.326393
vt 1.566080 -9.263100
vt 1.181832 -10.166267
vt -5.800677 5.117610
vt -6.502094 4.767890
vt 11.648438 4.561152
vt 12.432367 5.260143
vt 11.011242 4.111298
vt 10.459473 3.777702
vt 9.690682 0.677889
vt 9.684223 -0.130598
vt 9.711317 -0.910635
vt 9.697034 -1.725755
vt 9.658995 -2.549173
vt 8.816996 -3.526973
vt 8.644687 -4.433367
vt 8.682925 -5.380751
vt 8.149261 -6.369973
vt 7.906704 -7.278888
vt 7.535314 -8.325496
vt 7.190083 -9.287633
vt 7.001121 -10.190249
vt -6.206098 11.100502
vt -6.670650 11.219322
vt -9.299052 -11.604368
vt -9.760497 -10.184298
vt -10.005244 -9.212678
vt -10.035657 -8.335689
vt -10.064857 -7.461151
vt -10.018485 -6.569510
vt -9.955294 -5.684430
vt -10.191158 -4.473585
vt -10.315895 -3.498500
vt -10.075165 -2.277260
vt -9.454570 -1.294256
vt -9.279670 -0.439710
vt -8.899871 0.295867
vt -9.396448 1.080533
vt -9.822034 1.890950
vt -9.876453 2.812532
vt 0.463825 4.580976
vt 0.288785 3.636884
vt 0.729690 2.710682
vt 0.859926 1.787984
vt 1.211049 1.814105
vt 0.910463 0.866703
vt 0.963657 -0.054434
vt 0.996852 -0.972964
vt 1.037291 -1.892522
vt 0.971887 -2.824487
vt 10.895909 -0.956071
vt 11.721279 -1.566196
vt 11.703552 -0.911777
vt 1.354934 -4.610747
vt 1.284206 -5.521433
vt 1.604008 -6.453480
vt 1.669903 -7.391771
vt 0.999283 -8.365487
vt 1.127262 -9.292825
vt 0.748289 -10.192587
vt 12.549967 4.717943
vt 11.833952 4.125816
vt 11.222548 3.710283
vt 10.062675 1.334919
vt 10.048713 0.514775
vt 10.047272 -0.289456
vt 10.054152 -1.086632
vt 10.039470 -1.902093
vt 10.002754 -2.725133
vt 9.351521 -3.734509
vt 9.965837 -4.734746
vt 10.175430 -5.622817
vt 9.807216 -6.516863
vt 8.435991 -7.400414
vt 8.167126 -8.438908
vt 7.724133 -9.398256
vt 7.493386 -10.302262
vt 1.896796 9.613986
vt 1.934271 10.184684
vt -9.842807 -11.785530
vt -10.275541 -10.177876
vt -10.405500 -9.235086
vt -10.440417 -8.324640
vt -10.473525 -7.427192
vt -10.462671 -6.439961
vt -10.344779 -5.498665
vt -10.649077 -4.433364
vt -10.683075 -3.343416
vt -10.600471 -2.352918
vt -10.183460 -1.393768
vt -9.947540 -0.479162
vt -9.649545 0.272789
vt -10.114202 0.977671
vt -10.255921 1.866024
vt -10.310342 2.787606
vt 0.040537 4.554943
vt -0.145077 3.611751
vt 0.297927 2.685746
vt 0.508804 1.761864
vt 0.559339 0.840582
vt 0.443550 -0.052845
vt 0.194658 -1.830352
vt 0.294930 -2.778159
vt 0.549346 -3.702612
vt 10.842451 -1.628689
vt 11.721279 -2.459863
vt 0.789777 -4.617382
vt 0.668781 -5.522071
vt 1.003369 -6.444158
vt 0.931274 -7.389960
vt 0.250898 -8.402028
vt 0.693623 -9.318833
vt 0.314680 -10.218229
vt 12.032535 3.708527
vt 10.424244 1.173923
vt 10.258123 -4.060030
vt 4.192229 11.177216
vt 3.304803 11.956322
vt 2.685694 11.770247
vt 2.650812 11.168932
vt 10.602713 -5.827589
vt 8.685001 -8.591667
vt 1.784058 10.586302
vt -10.721718 -10.185406
vt -10.875837 -7.434546
vt 9.525887 12.280684
vt 8.644753 11.533608
vt 9.482408 11.361313
vt 9.217147 10.405203
vt 9.525887 10.410133
vt -0.400277 4.528444
vt 0.061777 -0.903792
vt -0.327974 -3.635196
vt 0.000367 -4.632885
vt 0.260089 -9.342010
vt 9.768476 11.440639
vt -3.594022 8.182825
vt 5.367261 10.610572
vt 13.966429 5.151835
vt -5.285823 7.123249
vt -13.042493 12.405218
vt -0.484820 11.766123
vt -5.685377 12.046532
vt -5.195012 6.672745
vt 0.116299 8.105276
vt 1.934273 11.995420
vt 0.040748 11.146203
vt -5.651370 9.144531
vt -0.207418 11.241714
vt -0.457960 9.492256
vt 2.445289 7.151317
vt -5.852475 9.467597
vt 2.422575 7.900487
vt -5.795192 8.707799
vt -12.638134 12.380978
vt -4.602354 8.248929
vt 5.295172 10.461273
vt -4.290043 9.929562
vt -12.255743 11.928616
vt 2.446597 7.514473
vt -5.338094 7.264719
vt -5.184209 10.925327
vt -5.140375 4.767890
vt -3.854973 8.724557
vt 2.587875 7.514473
vt -5.792781 6.220423
vt -3.052571 7.401842
vt -0.751384 7.669827
vt -0.432483 7.840520
vt 5.013139 11.482822
vt -5.319737 7.517313
vt 7.693769 10.477906
vt 2.640590 11.907389
vt 10.825058 0.890206
vt -0.749486 11.832199
vt 13.695112 5.233239
vt -1.662631 11.615572
vt -2.924471 11.618301
vt -5.935326 11.415453
vt 2.434522 12.298488
vt -2.649723 11.169315
vt -0.986112 11.266647
vt 2.445287 5.683388
vt 10.780732 2.891256
vt 2.445290 5.683386
vt 2.445290 4.719121
vt 12.036183 9.223564
vt 11.464125 2.037088
vt 2.605497 6.730958
vt 7.693769 12.404693
vt 11.056547 -0.911776
vt -4.784780 8.514331
vt 0.332925 9.415436
vt 9.703578 3.692172
vt 3.255874 -11.170423
vt -3.046979 -12.271317
vt -5.035600 -6.796337
vt 10.996416 10.186392
vt 10.780728 -2.616210
vt 1.934271 9.946527
vt -5.260704 6.107882
vt 7.693769 11.141275
vt -6.588536 11.219322
vt -5.430383 -0.287587
vt -12.840219 9.394159
vt 1.934274 10.453384
vt 10.814516 -7.577603
vt -5.564977 -2.213882
vt 2.445290 4.786051
vt 2.650809 0.355077
vt 10.592484 13.212189
vt -5.261042 10.925327
vt 2.443238 7.900487
vt 9.911171 10.186392
vt 3.742371 5.089502
vt -6.419296 -11.077655
vt 5.619177 10.424559
vt 12.269973 -10.684644
vt -5.924670 -8.739179
vt 11.207752 2.821695
vt 2.282734 10.947697
vt -9.742506 11.183653
vt -5.961098 0.503246
vt -4.768156 -1.011833
vt -4.141136 -8.800791
vt 5.581825 12.368637
vt -5.795192 8.672667
vt 3.508999 1.427954
vt 3.302716 -2.390401
vt 3.243043 -4.150903
vt -5.651371 9.838573
vt -4.694914 5.046210
vt -10.730657 5.323299
vt 1.528161 7.849282
vt -5.136796 5.630032
vt 10.780728 1.772740
vt -7.443716 4.886335
vt 10.780730 -11.569510
vt 11.861230 -12.271317
vt 4.868982 2.973212
vt 9.690399 1.490315
vt 10.780728 -2.616209
vt 4.221834 12.433765
vt 8.813243 12.418223
s 1
f 52/1/1 16/2/2 140/3/3
f 360/4/4 32/5/5 432/6/6
f 172/7/7 40/8/8 250/9/9
f 278/10/10 17/11/11 342/12/12
f 279/13/13 4/14/14 269/15/15
f 288/16/16 24/17/17 279/13/13
f 297/18/18 23/19/19 288/16/16
f 297/18/18 21/20/20 22/21/21
f 315/22/22 21/20/20 306/23/23
f 324/24/24 20/25/25 315/22/22
f 333/26/26 19/27/27 324/28/24
f 342/12/12 18/29/28 333/26/26
f 173/30/29 2/31/30 161/32/31
f 184/33/32 33/34/33 173/30/29
f 195/35/34 34/36/35 184/37/32
f 206/38/36 35/39/37 195/35/34
f 217/40/38 36/41/39 206/38/36
f 217/40/38 38/42/40 37/43/41
f 228/44/42 39/45/43 38/46/40
f 239/47/44 40/8/8 39/45/43
f 369/48/45 1/49/46 351/50/47
f 378/51/48 25/52/49 369/48/45
f 387/53/50 26/54/51 378/51/48
f 396/55/52 27/56/53 387/53/50
f 405/57/54 28/58/55 396/59/52
f 414/60/56 29/61/57 405/62/54
f 414/60/56 31/63/58 30/64/59
f 423/65/60 32/5/5 31/63/58
f 63/66/61 3/67/62 41/68/63
f 74/69/64 9/70/65 63/66/61
f 85/71/66 10/72/67 74/73/64
f 96/74/68 11/75/69 85/76/66
f 107/77/70 12/78/71 96/79/68
f 118/80/72 13/81/73 107/77/70
f 129/82/74 14/83/75 118/84/72
f 140/85/3 15/86/76 129/87/74
f 17/11/11 139/88/77 18/29/28
f 139/89/77 149/90/78 138/91/79
f 138/91/79 148/92/80 137/93/81
f 137/93/81 147/94/82 136/95/83
f 136/96/83 146/97/84 135/98/85
f 146/97/84 134/99/86 135/98/85
f 145/100/87 133/101/88 134/102/86
f 144/103/89 132/104/90 133/105/88
f 143/106/91 131/107/92 132/108/90
f 142/109/93 130/110/94 131/111/92
f 141/112/95 129/113/74 130/110/94
f 18/29/28 128/114/96 19/27/27
f 128/115/96 138/91/79 127/116/97
f 127/116/97 137/93/81 126/117/98
f 126/118/98 136/96/83 125/119/99
f 125/119/99 135/98/85 124/120/100
f 124/120/100 134/99/86 123/121/101
f 123/122/101 133/101/88 122/123/102
f 122/124/102 132/104/90 121/125/103
f 132/108/90 120/126/104 121/127/103
f 131/107/92 119/128/105 120/126/104
f 130/110/94 118/129/72 119/130/105
f 19/131/27 117/132/106 20/25/25
f 128/115/96 116/133/107 117/132/106
f 116/133/107 126/117/98 115/134/108
f 115/135/108 125/119/99 114/136/109
f 114/136/109 124/120/100 113/137/110
f 113/137/110 123/121/101 112/138/111
f 112/139/111 122/123/102 111/140/112
f 122/123/102 110/141/113 111/140/112
f 121/127/103 109/142/114 110/141/113
f 120/126/104 108/143/115 109/142/114
f 119/130/105 107/144/70 108/145/115
f 20/25/25 106/146/116 21/20/20
f 106/146/116 116/133/107 105/147/117
f 105/147/117 115/134/108 104/148/118
f 104/149/118 114/136/109 103/150/119
f 103/150/119 113/137/110 102/151/120
f 102/152/120 112/139/111 101/153/121
f 101/153/121 111/140/112 100/154/122
f 111/140/112 99/155/123 100/154/122
f 110/141/113 98/156/124 99/155/123
f 109/142/114 97/157/125 98/156/124
f 108/143/115 96/79/68 97/157/125
f 21/20/20 95/158/126 22/21/21
f 95/158/126 105/147/117 94/159/127
f 94/159/127 104/148/118 93/160/128
f 93/160/128 103/161/119 92/162/129
f 92/162/129 102/152/120 91/163/130
f 91/163/130 101/153/121 90/164/131
f 90/164/131 100/154/122 89/165/132
f 100/154/122 88/166/133 89/165/132
f 99/155/123 87/167/134 88/166/133
f 98/156/124 86/168/135 87/167/134
f 97/157/125 85/169/66 86/168/135
f 23/19/19 95/158/126 84/170/136
f 84/170/136 94/159/127 83/171/137
f 83/171/137 93/160/128 82/172/138
f 82/172/138 92/162/129 81/173/139
f 81/173/139 91/163/130 80/174/140
f 80/174/140 90/164/131 79/175/141
f 79/175/141 89/165/132 78/176/142
f 89/165/132 77/177/143 78/176/142
f 88/166/133 76/178/144 77/177/143
f 87/179/134 75/180/145 76/181/144
f 86/168/135 74/69/64 75/182/145
f 24/17/17 84/170/136 73/183/146
f 73/183/146 83/171/137 72/184/147
f 72/184/147 82/172/138 71/185/148
f 71/185/148 81/173/139 70/186/149
f 70/186/149 80/174/140 69/187/150
f 80/174/140 68/188/151 69/187/150
f 68/188/151 78/176/142 67/189/152
f 67/189/152 77/177/143 66/190/153
f 77/177/143 65/191/154 66/190/153
f 76/181/144 64/192/155 65/193/154
f 75/182/145 63/66/61 64/194/155
f 4/14/14 73/183/146 51/195/156
f 51/195/156 72/184/147 50/196/157
f 50/196/157 71/185/148 49/197/158
f 49/197/158 70/186/149 48/198/159
f 48/198/159 69/187/150 47/199/160
f 47/199/160 68/188/151 46/200/161
f 68/188/151 45/201/162 46/200/161
f 67/189/152 44/202/163 45/201/162
f 66/190/153 43/203/164 44/202/163
f 65/191/154 42/204/165 43/203/164
f 64/194/155 41/68/63 42/204/165
f 8/205/166 150/206/167 17/11/11
f 150/206/167 61/207/168 149/208/78
f 61/209/168 148/92/80 149/90/78
f 148/92/80 59/210/169 147/94/82
f 147/211/82 58/212/170 146/97/84
f 146/97/84 57/213/171 145/214/87
f 57/215/171 144/216/89 145/100/87
f 56/217/172 143/106/91 144/216/89
f 55/218/173 142/109/93 143/219/91
f 54/220/174 141/112/95 142/109/93
f 53/221/175 140/3/3 141/112/95
f 31/63/58 260/222/176 249/223/177
f 260/222/176 248/224/178 249/223/177
f 248/224/178 258/225/179 247/226/180
f 247/227/180 257/228/181 246/229/182
f 246/230/182 256/231/183 245/232/184
f 245/232/184 255/233/185 244/234/186
f 244/235/186 254/236/187 243/237/188
f 254/238/187 242/239/189 243/240/188
f 253/241/190 241/242/191 242/243/189
f 252/244/192 240/245/193 241/246/191
f 251/247/194 239/47/44 240/248/193
f 30/64/59 249/223/177 238/249/195
f 238/249/195 248/224/178 237/250/196
f 237/250/196 247/226/180 236/251/197
f 236/252/197 246/229/182 235/253/198
f 235/253/198 245/254/184 234/255/199
f 234/256/199 244/234/186 233/257/200
f 244/235/186 232/258/201 233/259/200
f 243/260/188 231/261/202 232/262/201
f 242/243/189 230/263/203 231/261/202
f 241/264/191 229/265/204 230/266/203
f 240/248/193 228/44/42 229/267/204
f 29/61/57 238/249/195 227/268/205
f 227/268/205 237/250/196 226/269/206
f 226/269/206 236/251/197 225/270/207
f 225/271/207 235/253/198 224/272/208
f 224/272/208 234/255/199 223/273/209
f 223/274/209 233/275/200 222/276/210
f 233/275/200 221/277/211 222/276/210
f 232/262/201 220/278/212 221/277/211
f 231/279/202 219/280/213 220/281/212
f 230/266/203 218/282/214 219/283/213
f 229/267/204 217/284/38 218/285/214
f 29/61/57 216/286/215 28/287/55
f 216/288/215 226/289/206 215/290/216
f 215/291/216 225/270/207 214/292/217
f 214/293/217 224/272/208 213/294/218
f 213/294/218 223/273/209 212/295/219
f 212/296/219 222/276/210 211/297/220
f 222/276/210 210/298/221 211/297/220
f 221/277/211 209/299/222 210/298/221
f 220/300/212 208/301/223 209/302/222
f 219/283/213 207/303/224 208/301/223
f 218/285/214 206/304/36 207/305/224
f 28/306/55 205/307/225 27/308/53
f 205/309/225 215/291/216 204/310/226
f 204/310/226 214/292/217 203/311/227
f 203/312/227 213/313/218 202/314/228
f 202/314/228 212/315/219 201/316/229
f 201/316/229 211/317/220 200/318/230
f 211/297/220 199/319/231 200/320/230
f 210/298/221 198/321/232 199/319/231
f 209/302/222 197/322/233 198/323/232
f 197/322/233 207/303/224 196/324/234
f 207/305/224 195/325/34 196/326/234
f 26/54/51 205/309/225 194/327/235
f 194/327/235 204/310/226 193/328/236
f 193/328/236 203/311/227 192/329/237
f 192/329/237 202/330/228 191/331/238
f 191/332/238 201/333/229 190/334/239
f 190/335/239 200/318/230 189/336/240
f 189/336/240 199/337/231 188/338/241
f 199/319/231 187/339/242 188/340/241
f 198/321/232 186/341/243 187/339/242
f 197/322/233 185/342/244 186/343/243
f 196/324/234 184/37/32 185/342/244
f 25/52/49 194/327/235 183/344/245
f 183/344/245 193/328/236 182/345/246
f 182/345/246 192/329/237 181/346/247
f 181/346/247 191/331/238 180/347/248
f 180/347/248 190/348/239 179/349/249
f 179/350/249 189/351/240 178/352/250
f 189/353/240 177/354/251 178/355/250
f 188/340/241 176/356/252 177/354/251
f 187/339/242 175/357/253 176/356/252
f 186/341/243 174/358/254 175/357/253
f 185/359/244 173/30/29 174/358/254
f 1/49/46 183/344/245 151/360/255
f 151/360/255 182/345/246 152/361/256
f 152/361/256 181/346/247 153/362/257
f 153/362/257 180/347/248 154/363/258
f 154/363/258 179/349/249 155/364/259
f 155/364/259 178/355/250 156/365/260
f 178/355/250 157/366/261 156/365/260
f 177/354/251 158/367/262 157/366/261
f 176/356/252 159/368/263 158/367/262
f 175/357/253 160/369/264 159/368/263
f 174/358/254 161/32/31 160/369/264
f 5/370/265 260/222/176 32/5/5
f 162/371/266 259/372/267 260/222/176
f 259/372/267 164/373/268 258/225/179
f 258/225/179 165/374/269 257/375/181
f 257/375/181 166/376/270 256/377/183
f 256/377/183 167/378/271 255/379/185
f 167/380/271 254/238/187 255/381/185
f 168/382/272 253/383/190 254/238/187
f 169/384/273 252/244/192 253/383/190
f 170/385/274 251/386/194 252/244/192
f 171/387/275 250/9/9 251/247/194
f 39/45/43 350/388/276 341/389/277
f 341/389/277 349/390/278 340/391/279
f 349/390/278 339/392/280 340/391/279
f 348/393/281 338/394/282 339/395/280
f 338/394/282 346/396/283 337/397/284
f 346/398/283 336/399/285 337/400/284
f 345/401/286 335/402/287 336/399/285
f 344/403/288 334/404/289 335/402/287
f 343/405/290 333/26/26 334/406/289
f 38/46/40 341/389/277 332/407/291
f 332/407/291 340/391/279 331/408/292
f 331/408/292 339/392/280 330/409/293
f 330/409/293 338/410/282 329/411/294
f 329/411/294 337/400/284 328/412/295
f 337/400/284 327/413/296 328/412/295
f 336/399/285 326/414/297 327/413/296
f 326/414/297 334/404/289 325/415/298
f 334/404/289 324/24/24 325/415/298
f 37/416/41 332/407/291 323/417/299
f 323/417/299 331/408/292 322/418/300
f 322/418/300 330/409/293 321/419/301
f 321/419/301 329/411/294 320/420/302
f 320/420/302 328/412/295 319/421/303
f 319/421/303 327/413/296 318/422/304
f 327/413/296 317/423/305 318/422/304
f 326/414/297 316/424/306 317/423/305
f 325/415/298 315/22/22 316/424/306
f 36/425/39 323/417/299 314/426/307
f 314/426/307 322/418/300 313/427/308
f 313/428/308 321/429/301 312/430/309
f 312/431/309 320/420/302 311/432/310
f 311/432/310 319/421/303 310/433/311
f 319/421/303 309/434/312 310/433/311
f 318/422/304 308/435/313 309/434/312
f 308/435/313 316/424/306 307/436/314
f 316/424/306 306/23/23 307/436/314
f 35/39/37 314/437/307 305/438/315
f 305/439/315 313/427/308 304/440/316
f 304/441/316 312/430/309 303/442/317
f 303/443/317 311/432/310 302/444/318
f 302/444/318 310/433/311 301/445/319
f 310/433/311 300/446/320 301/445/319
f 309/434/312 299/447/321 300/446/320
f 308/435/313 298/448/322 299/447/321
f 307/436/314 297/18/18 298/448/322
f 34/36/35 305/438/315 296/449/323
f 296/449/323 304/441/316 295/450/324
f 295/450/324 303/442/317 294/451/325
f 294/451/325 302/452/318 293/453/326
f 293/454/326 301/445/319 292/455/327
f 301/445/319 291/456/328 292/455/327
f 300/446/320 290/457/329 291/456/328
f 299/447/321 289/458/330 290/457/329
f 298/448/322 288/16/16 289/458/330
f 33/34/33 296/459/323 287/460/331
f 287/460/331 295/461/324 286/462/332
f 286/462/332 294/463/325 285/464/333
f 285/464/333 293/454/326 284/465/334
f 284/465/334 292/455/327 283/466/335
f 292/455/327 282/467/336 283/466/335
f 291/456/328 281/468/337 282/467/336
f 290/457/329 280/469/338 281/468/337
f 289/458/330 279/13/13 280/469/338
f 2/470/30 287/471/331 261/472/339
f 261/473/339 286/462/332 262/474/340
f 262/474/340 285/464/333 263/475/341
f 263/475/341 284/465/334 264/476/63
f 264/476/63 283/466/335 265/477/63
f 283/466/335 266/478/63 265/477/63
f 282/467/336 267/479/342 266/478/63
f 281/468/337 268/480/343 267/479/342
f 280/469/338 269/15/15 268/480/343
f 40/8/8 270/481/344 350/388/276
f 350/388/276 271/482/345 349/390/278
f 271/483/345 348/393/281 349/484/278
f 348/393/281 273/485/346 347/486/347
f 347/486/347 274/487/348 346/396/283
f 274/488/348 345/401/286 346/398/283
f 275/489/349 344/403/288 345/401/286
f 344/490/288 277/491/350 343/405/290
f 277/491/350 342/12/12 343/405/290
f 15/492/76 440/493/351 431/494/352
f 440/495/351 430/496/353 431/497/352
f 439/498/354 429/499/355 430/496/353
f 429/500/355 437/501/356 428/502/357
f 428/502/357 436/503/358 427/504/359
f 427/504/359 435/505/360 426/506/361
f 435/505/360 425/507/362 426/506/361
f 434/508/363 424/509/364 425/507/362
f 433/510/365 423/65/60 424/511/364
f 14/512/75 431/494/352 422/513/366
f 422/514/366 430/515/353 421/516/367
f 430/517/353 420/518/368 421/519/367
f 420/518/368 428/502/357 419/520/369
f 419/520/369 427/504/359 418/521/370
f 418/521/370 426/506/361 417/522/371
f 426/506/361 416/523/372 417/522/371
f 425/507/362 415/524/373 416/523/372
f 424/509/364 414/525/56 415/524/373
f 13/526/73 422/513/366 413/527/374
f 413/528/374 421/516/367 412/529/375
f 412/530/375 420/518/368 411/531/376
f 411/532/376 419/533/369 410/534/377
f 419/533/369 409/535/378 410/534/377
f 418/536/370 408/537/379 409/535/378
f 417/522/371 407/538/380 408/539/379
f 416/523/372 406/540/381 407/538/380
f 415/541/373 405/62/54 406/542/381
f 12/78/71 413/528/374 404/543/382
f 404/543/382 412/529/375 403/544/383
f 403/544/383 411/532/376 402/545/384
f 402/545/384 410/534/377 401/546/385
f 410/534/377 400/547/386 401/546/385
f 409/548/378 399/549/387 400/550/386
f 408/539/379 398/551/388 399/552/387
f 407/538/380 397/553/389 398/551/388
f 406/540/381 396/59/52 397/553/389
f 11/75/69 404/554/382 395/555/390
f 395/556/390 403/544/383 394/557/391
f 394/557/391 402/545/384 393/558/392
f 393/558/392 401/546/385 392/559/393
f 392/559/393 400/547/386 391/560/394
f 400/561/386 390/562/395 391/563/394
f 390/564/395 398/565/388 389/566/396
f 398/565/388 388/567/397 389/566/396
f 397/568/389 387/53/50 388/567/397
f 10/569/67 395/556/390 386/570/398
f 386/570/398 394/557/391 385/571/399
f 385/571/399 393/558/392 384/572/400
f 384/572/400 392/559/393 383/573/401
f 383/573/401 391/560/394 382/574/402
f 391/560/394 381/575/403 382/574/402
f 390/576/395 380/577/404 381/578/403
f 389/566/396 379/579/405 380/580/404
f 388/567/397 378/51/48 379/579/405
f 9/70/65 386/570/398 377/581/406
f 377/581/406 385/571/399 376/582/407
f 376/582/407 384/572/400 375/583/408
f 375/583/408 383/573/401 374/584/409
f 374/584/409 382/574/402 373/585/410
f 373/585/410 381/575/403 372/586/411
f 381/575/403 371/587/412 372/586/411
f 380/588/404 370/589/413 371/590/412
f 379/579/405 369/48/45 370/591/413
f 3/67/62 377/581/406 359/592/414
f 359/592/414 376/582/407 358/593/415
f 358/593/415 375/583/408 357/594/416
f 357/594/416 374/584/409 356/595/417
f 356/595/417 373/585/410 355/596/418
f 373/585/410 354/597/419 355/596/418
f 372/586/411 353/598/420 354/597/419
f 371/587/412 352/599/421 353/598/420
f 370/591/413 351/50/47 352/599/421
f 16/600/2 368/601/422 440/602/351
f 368/601/422 439/603/354 440/602/351
f 439/604/354 366/605/423 438/606/424
f 438/606/424 365/607/425 437/501/356
f 437/501/356 364/608/426 436/503/358
f 364/608/426 435/505/360 436/503/358
f 363/609/427 434/508/363 435/505/360
f 362/610/428 433/611/365 434/508/363
f 361/612/429 432/6/6 433/510/365
f 276/613/430 472/614/431 473/615/432
f 58/212/170 452/616/433 451/617/434
f 277/618/350 473/615/432 474/619/435
f 162/371/266 441/620/436 456/621/437
f 60/622/438 452/623/433 59/210/169
f 278/624/10 474/619/435 475/625/439
f 61/209/168 453/626/440 60/622/438
f 162/371/266 457/627/441 163/628/442
f 163/628/442 458/629/443 164/373/268
f 62/630/444 454/631/445 61/207/168
f 5/632/265 476/633/446 441/634/436
f 6/635/447 466/636/448 442/637/449
f 164/373/268 459/638/450 165/374/269
f 360/639/4 477/640/451 476/633/446
f 7/641/452 484/642/453 368/643/422
f 165/374/269 460/644/454 166/376/270
f 361/645/429 478/646/455 477/640/451
f 278/624/10 444/647/456 8/648/166
f 167/649/271 460/650/454 461/651/457
f 7/652/452 445/653/458 443/654/459
f 362/610/428 479/655/460 478/646/455
f 8/205/166 455/656/461 62/630/444
f 6/635/447 467/657/462 270/481/344
f 168/658/272 461/651/457 462/659/463
f 52/1/1 446/660/464 445/661/458
f 363/609/427 480/662/465 479/655/460
f 169/663/273 462/659/463 463/664/466
f 270/481/344 468/665/467 271/482/345
f 53/221/175 447/666/468 446/660/464
f 364/608/426 481/667/469 480/662/465
f 271/483/345 469/668/470 272/669/471
f 170/670/274 463/671/466 464/672/472
f 54/220/174 448/673/473 447/666/468
f 366/605/423 481/667/469 365/607/425
f 272/669/471 470/674/474 273/485/346
f 171/387/275 464/672/472 465/675/475
f 55/676/173 449/677/476 448/678/473
f 367/679/477 482/680/478 366/605/423
f 273/485/346 471/681/479 274/487/348
f 172/7/7 465/675/475 466/636/448
f 56/217/172 450/682/480 449/677/476
f 367/679/477 484/642/453 483/683/481
f 274/488/348 472/614/431 275/489/349
f 58/684/170 450/682/480 57/215/171
f 562/685/482 507/686/483 529/687/484
f 563/688/485 494/689/486 493/690/487
f 630/691/488 520/692/489 597/693/490
f 529/687/484 508/694/483 631/695/491
f 596/696/492 495/697/493 494/689/486
f 681/698/494 521/699/489 630/691/488
f 631/695/491 509/700/483 682/701/495
f 664/702/496 496/703/497 495/697/493
f 681/698/494 523/704/498 522/705/499
f 682/701/495 510/706/483 733/707/500
f 715/708/501 497/709/502 496/703/497
f 783/710/503 523/704/498 732/711/504
f 817/712/505 511/713/506 784/714/506
f 766/715/507 498/716/508 497/709/502
f 851/717/509 524/718/510 783/710/503
f 733/707/500 486/719/511 817/720/505
f 784/714/506 512/721/506 852/722/506
f 834/723/512 499/724/513 498/716/508
f 902/725/514 525/726/515 851/717/509
f 936/727/516 528/728/489 903/729/489
f 852/722/506 513/730/506 937/731/506
f 987/732/517 500/733/483 954/734/518
f 1004/735/519 526/736/489 902/725/514
f 1038/737/520 488/738/521 1005/739/522
f 937/731/506 514/740/506 1039/741/523
f 954/734/518 501/742/483 1056/743/483
f 903/729/489 527/744/489 1004/735/519
f 885/745/524 488/746/521 499/724/513
f 1039/741/523 515/747/525 1073/748/526
f 1056/743/483 502/749/483 1090/750/483
f 1123/751/527 487/752/516 936/753/516
f 1073/748/526 516/754/528 1124/755/529
f 1090/750/483 503/756/483 1141/757/483
f 1174/758/530 489/759/531 1123/751/527
f 1124/755/529 517/760/532 1175/761/533
f 1141/757/483 504/762/483 1192/763/483
f 1174/758/530 491/764/534 490/765/535
f 1175/761/533 518/766/536 1226/767/537
f 1192/763/483 505/768/483 1243/769/483
f 1225/770/538 492/771/539 491/764/534
f 1226/767/537 519/772/540 1038/737/520
f 1243/769/483 506/773/483 562/685/482
f 1276/774/541 493/690/487 492/771/539
f 597/693/490 485/775/542 987/776/517
f 476/633/446 971/777/543 441/634/436
f 613/778/544 972/779/545 971/777/543
f 972/779/545 611/780/546 973/781/547
f 973/782/547 610/783/548 974/784/549
f 974/784/549 609/785/550 975/786/551
f 975/786/551 608/787/552 976/788/553
f 976/788/553 607/789/554 977/790/555
f 977/790/555 606/791/556 978/792/557
f 606/791/556 979/793/558 978/792/557
f 979/794/558 604/795/559 980/796/560
f 604/797/559 981/798/561 980/799/560
f 603/800/562 982/801/563 981/798/561
f 602/802/564 983/803/565 982/804/563
f 601/805/566 984/806/567 983/803/565
f 984/806/567 599/807/568 985/808/569
f 599/807/568 986/809/570 985/808/569
f 598/810/571 987/776/517 986/809/570
f 448/673/473 579/811/572 1260/812/573
f 579/813/572 1261/814/574 1260/815/573
f 1261/814/574 577/816/575 1262/817/576
f 577/816/575 1263/818/577 1262/817/576
f 576/819/578 1264/820/579 1263/818/577
f 1264/820/579 574/821/580 1265/822/581
f 1265/822/581 573/823/582 1266/824/583
f 1266/824/583 572/825/584 1267/826/585
f 572/825/584 1268/827/586 1267/826/585
f 571/828/587 1269/829/588 1268/827/586
f 570/830/589 1270/831/590 1269/829/588
f 569/832/591 1271/833/592 1270/831/590
f 568/834/593 1272/835/594 1271/833/592
f 567/836/595 1273/837/596 1272/835/594
f 566/838/597 1274/839/598 1273/837/596
f 565/840/599 1275/841/600 1274/839/598
f 564/842/601 1276/774/541 1275/841/600
f 462/843/463 1259/844/602 546/845/603
f 546/845/603 1258/846/604 547/847/605
f 547/847/605 1257/848/606 548/849/607
f 1257/848/606 549/850/608 548/849/607
f 1256/851/609 550/852/610 549/850/608
f 1255/853/611 551/854/612 550/852/610
f 551/854/612 1253/855/613 552/856/614
f 552/856/614 1252/857/615 553/858/616
f 553/859/616 1251/860/617 554/861/618
f 554/862/618 1250/863/619 555/864/620
f 555/864/620 1249/865/621 556/866/622
f 556/866/622 1248/867/623 557/868/624
f 557/868/624 1247/869/625 558/870/626
f 558/870/626 1246/871/627 559/872/628
f 559/872/628 1245/873/629 560/874/630
f 1245/873/629 561/875/631 560/874/630
f 561/875/631 1243/769/483 562/685/482
f 475/625/439 1242/876/632 1022/877/633
f 1022/878/633 1241/879/634 1023/880/635
f 1023/880/635 1240/881/636 1024/882/637
f 1024/883/637 1239/884/638 1025/885/639
f 1025/886/639 1238/887/640 1026/888/641
f 1026/889/641 1237/890/642 1027/891/643
f 1027/892/643 1236/893/644 1028/894/645
f 1028/894/645 1235/895/646 1029/896/647
f 1029/897/647 1234/898/648 1030/899/649
f 1030/900/649 1233/901/650 1031/902/651
f 1031/903/651 1232/904/652 1032/905/653
f 1232/904/652 1033/906/654 1032/905/653
f 1231/907/655 1034/908/656 1033/909/654
f 1230/910/657 1035/911/658 1034/908/656
f 1229/912/659 1036/913/660 1035/911/658
f 1228/914/661 1037/915/662 1036/913/660
f 1227/916/663 1038/737/520 1037/915/662
f 447/666/468 1260/812/573 1209/917/664
f 1209/918/664 1261/814/574 1210/919/665
f 1210/919/665 1262/817/576 1211/920/666
f 1262/817/576 1212/921/667 1211/920/666
f 1212/921/667 1264/820/579 1213/922/668
f 1213/922/668 1265/822/581 1214/923/669
f 1214/923/669 1266/824/583 1215/924/670
f 1215/924/670 1267/826/585 1216/925/671
f 1267/826/585 1217/926/672 1216/925/671
f 1268/827/586 1218/927/673 1217/926/672
f 1218/927/673 1270/831/590 1219/928/674
f 1270/831/590 1220/929/675 1219/928/674
f 1271/833/592 1221/930/676 1220/929/675
f 1272/835/594 1222/931/677 1221/930/676
f 1273/837/596 1223/932/678 1222/931/677
f 1274/839/598 1224/933/679 1223/932/678
f 1224/933/679 1276/774/541 1225/770/538
f 461/934/457 1208/935/680 1259/844/602
f 1208/935/680 1258/846/604 1259/844/602
f 1207/936/681 1257/848/606 1258/846/604
f 1206/937/682 1256/851/609 1257/848/606
f 1205/938/683 1255/853/611 1256/851/609
f 1204/939/684 1254/940/685 1255/853/611
f 1254/940/685 1202/941/686 1253/855/613
f 1253/855/613 1201/942/687 1252/857/615
f 1252/857/615 1200/943/688 1251/944/617
f 1251/944/617 1199/945/689 1250/863/619
f 1250/863/619 1198/946/690 1249/865/621
f 1198/946/690 1248/867/623 1249/865/621
f 1248/867/623 1196/947/691 1247/869/625
f 1247/869/625 1195/948/692 1246/871/627
f 1246/871/627 1194/949/693 1245/873/629
f 1194/949/693 1244/950/694 1245/873/629
f 1193/951/695 1243/769/483 1244/950/694
f 474/619/435 1191/952/696 1242/876/632
f 1242/953/632 1190/954/697 1241/879/634
f 1241/879/634 1189/955/698 1240/881/636
f 1189/956/698 1239/957/638 1240/958/636
f 1239/959/638 1187/960/699 1238/961/640
f 1238/961/640 1186/962/700 1237/963/642
f 1186/962/700 1236/893/644 1237/963/642
f 1236/893/644 1184/964/701 1235/895/646
f 1235/965/646 1183/966/702 1234/898/648
f 1234/898/648 1182/967/703 1233/968/650
f 1233/969/650 1181/970/704 1232/904/652
f 1181/971/704 1231/907/655 1232/972/652
f 1180/973/705 1230/910/657 1231/907/655
f 1179/974/706 1229/912/659 1230/910/657
f 1229/912/659 1177/975/707 1228/914/661
f 1177/975/707 1227/916/663 1228/914/661
f 1176/976/708 1226/767/537 1227/916/663
f 446/660/464 1209/917/664 1158/977/709
f 1158/978/709 1210/979/665 1159/980/710
f 1210/919/665 1160/981/711 1159/982/710
f 1211/920/666 1161/983/712 1160/981/711
f 1212/921/667 1162/984/713 1161/983/712
f 1162/985/713 1214/986/669 1163/987/714
f 1163/987/714 1215/988/670 1164/989/715
f 1164/990/715 1216/925/671 1165/991/716
f 1165/991/716 1217/926/672 1166/992/717
f 1166/992/717 1218/927/673 1167/993/718
f 1167/993/718 1219/928/674 1168/994/719
f 1219/928/674 1169/995/720 1168/994/719
f 1220/929/675 1170/996/721 1169/995/720
f 1221/930/676 1171/997/722 1170/996/721
f 1222/931/677 1172/998/723 1171/997/722
f 1172/998/723 1224/933/679 1173/999/724
f 1173/999/724 1225/770/538 1174/758/530
f 459/1000/450 1208/935/680 460/1001/454
f 1157/1002/725 1207/936/681 1208/935/680
f 1156/1003/726 1206/937/682 1207/936/681
f 1155/1004/727 1205/938/683 1206/937/682
f 1154/1005/728 1204/939/684 1205/938/683
f 1153/1006/729 1203/1007/730 1204/939/684
f 1203/1007/730 1151/1008/731 1202/941/686
f 1202/941/686 1150/1009/732 1201/942/687
f 1201/942/687 1149/1010/733 1200/943/688
f 1200/943/688 1148/1011/734 1199/945/689
f 1148/1011/734 1198/946/690 1199/945/689
f 1147/1012/735 1197/1013/736 1198/946/690
f 1197/1013/736 1145/1014/737 1196/947/691
f 1196/947/691 1144/1015/738 1195/948/692
f 1195/948/692 1143/1016/739 1194/949/693
f 1194/949/693 1142/1017/740 1193/951/695
f 1142/1017/740 1192/763/483 1193/951/695
f 473/615/432 1140/1018/741 1191/952/696
f 1191/952/696 1139/1019/742 1190/1020/697
f 1139/1021/742 1189/955/698 1190/954/697
f 1189/955/698 1137/1022/743 1188/1023/744
f 1137/1022/743 1187/960/699 1188/1023/744
f 1136/1024/745 1186/962/700 1187/960/699
f 1135/1025/746 1185/1026/747 1186/962/700
f 1185/1026/747 1133/1027/748 1184/964/701
f 1184/964/701 1132/1028/749 1183/1029/702
f 1183/966/702 1131/1030/750 1182/967/703
f 1182/967/703 1130/1031/751 1181/1032/704
f 1130/1033/751 1180/973/705 1181/971/704
f 1129/1034/752 1179/974/706 1180/973/705
f 1128/1035/753 1178/1036/754 1179/974/706
f 1178/1036/754 1126/1037/755 1177/975/707
f 1126/1037/755 1176/976/708 1177/975/707
f 1125/1038/756 1175/761/533 1176/976/708
f 445/661/458 1158/977/709 1107/1039/757
f 1158/977/709 1108/1040/758 1107/1039/757
f 1159/982/710 1109/1041/759 1108/1042/758
f 1160/981/711 1110/1043/760 1109/1041/759
f 1110/1043/760 1162/984/713 1111/1044/761
f 1111/1045/761 1163/987/714 1112/1046/762
f 1163/1047/714 1113/1048/763 1112/1049/762
f 1113/1048/763 1165/991/716 1114/1050/764
f 1114/1050/764 1166/992/717 1115/1051/765
f 1115/1051/765 1167/993/718 1116/1052/766
f 1116/1052/766 1168/994/719 1117/1053/767
f 1168/994/719 1118/1054/768 1117/1053/767
f 1169/995/720 1119/1055/769 1118/1054/768
f 1170/996/721 1120/1056/770 1119/1055/769
f 1120/1056/770 1172/998/723 1121/1057/771
f 1121/1057/771 1173/999/724 1122/1058/772
f 1122/1058/772 1174/758/530 1123/751/527
f 458/1059/443 1157/1002/725 459/1000/450
f 1106/1060/773 1156/1003/726 1157/1002/725
f 1105/1061/774 1155/1004/727 1156/1003/726
f 1104/1062/775 1154/1005/728 1155/1004/727
f 1103/1063/776 1153/1006/729 1154/1005/728
f 1102/1064/777 1152/1065/778 1153/1006/729
f 1152/1065/778 1100/1066/779 1151/1008/731
f 1151/1008/731 1099/1067/780 1150/1009/732
f 1150/1009/732 1098/1068/781 1149/1010/733
f 1098/1068/781 1148/1011/734 1149/1010/733
f 1097/1069/782 1147/1012/735 1148/1011/734
f 1096/1070/783 1146/1071/784 1147/1012/735
f 1095/1072/785 1145/1014/737 1146/1071/784
f 1145/1014/737 1093/1073/786 1144/1015/738
f 1144/1015/738 1092/1074/787 1143/1016/739
f 1143/1016/739 1091/1075/788 1142/1017/740
f 1091/1075/788 1141/757/483 1142/1017/740
f 471/1076/479 1140/1018/741 472/614/431
f 1089/1077/789 1139/1019/742 1140/1018/741
f 1088/1078/790 1138/1079/791 1139/1021/742
f 1138/1079/791 1086/1080/792 1137/1022/743
f 1086/1080/792 1136/1024/745 1137/1022/743
f 1085/1081/793 1135/1025/746 1136/1024/745
f 1135/1025/746 1083/1082/794 1134/1083/795
f 1134/1083/795 1082/1084/796 1133/1027/748
f 1133/1027/748 1081/1085/797 1132/1028/749
f 1132/1086/749 1080/1087/798 1131/1030/750
f 1131/1030/750 1079/1088/799 1130/1031/751
f 1079/1089/799 1129/1034/752 1130/1033/751
f 1078/1090/800 1128/1035/753 1129/1034/752
f 1128/1035/753 1076/1091/801 1127/1092/802
f 1127/1092/802 1075/1093/803 1126/1037/755
f 1075/1093/803 1125/1038/756 1126/1037/755
f 1074/1094/804 1124/755/529 1125/1038/756
f 443/1095/459 1107/1096/757 920/1097/805
f 1107/1098/757 921/1099/806 920/1100/805
f 1108/1101/758 922/1102/807 921/1103/806
f 1109/1041/759 923/1104/808 922/1105/807
f 923/1104/808 1111/1044/761 924/1106/809
f 924/1107/809 1112/1046/762 925/1108/810
f 1112/1049/762 926/1109/811 925/1110/810
f 1113/1048/763 927/1111/812 926/1109/811
f 927/1111/812 1115/1051/765 928/1112/813
f 928/1112/813 1116/1052/766 929/1113/814
f 929/1113/814 1117/1053/767 930/1114/815
f 1117/1053/767 931/1115/816 930/1114/815
f 1118/1054/768 932/1116/817 931/1115/816
f 1119/1055/769 933/1117/818 932/1116/817
f 933/1117/818 1121/1057/771 934/1118/819
f 934/1118/819 1122/1058/772 935/1119/820
f 935/1119/820 1123/751/527 936/753/516
f 458/1059/443 1072/1120/821 1106/1060/773
f 1072/1120/821 1105/1061/774 1106/1060/773
f 1071/1121/822 1104/1062/775 1105/1061/774
f 1070/1122/823 1103/1063/776 1104/1062/775
f 1069/1123/824 1102/1064/777 1103/1063/776
f 1068/1124/825 1101/1125/826 1102/1064/777
f 1067/1126/827 1100/1066/779 1101/1125/826
f 1100/1066/779 1065/1127/828 1099/1067/780
f 1099/1067/780 1064/1128/829 1098/1068/781
f 1064/1128/829 1097/1069/782 1098/1068/781
f 1063/1129/830 1096/1070/783 1097/1069/782
f 1062/1130/831 1095/1072/785 1096/1070/783
f 1061/1131/832 1094/1132/833 1095/1072/785
f 1060/1133/834 1093/1073/786 1094/1132/833
f 1093/1073/786 1058/1134/835 1092/1074/787
f 1092/1074/787 1057/1135/836 1091/1075/788
f 1091/1075/788 1056/743/483 1090/750/483
f 470/1136/474 1089/1077/789 471/1076/479
f 1055/1137/837 1088/1138/790 1089/1077/789
f 1054/1139/838 1087/1140/839 1088/1078/790
f 1053/1141/840 1086/1080/792 1087/1140/839
f 1052/1142/841 1085/1081/793 1086/1080/792
f 1085/1081/793 1050/1143/842 1084/1144/843
f 1084/1144/843 1049/1145/844 1083/1082/794
f 1083/1082/794 1048/1146/845 1082/1084/796
f 1082/1084/796 1047/1147/846 1081/1085/797
f 1081/1148/797 1046/1149/847 1080/1087/798
f 1046/1150/847 1079/1089/799 1080/1151/798
f 1079/1089/799 1044/1152/848 1078/1090/800
f 1078/1090/800 1043/1153/849 1077/1154/850
f 1077/1154/850 1042/1155/851 1076/1091/801
f 1076/1091/801 1041/1156/852 1075/1093/803
f 1041/1156/852 1074/1094/804 1075/1093/803
f 1040/1157/853 1073/748/526 1074/1094/804
f 444/1158/456 869/1159/854 455/1160/461
f 869/1159/854 1020/1161/855 870/1162/856
f 870/1162/856 1019/1163/857 871/1164/858
f 871/1164/858 1018/1165/859 872/1166/860
f 872/1166/860 1017/1167/861 873/1168/862
f 1017/1169/861 874/1170/863 873/1171/862
f 1016/1172/864 875/1173/865 874/1174/863
f 1015/1175/866 876/1176/867 875/1173/865
f 1014/1177/868 877/1178/869 876/1176/867
f 1013/1179/870 878/1180/871 877/1178/869
f 878/1180/871 1011/1181/872 879/1182/873
f 879/1182/873 1010/1183/874 880/1184/875
f 1010/1183/874 881/1185/876 880/1184/875
f 881/1185/876 1008/1186/877 882/1187/878
f 882/1187/878 1007/1188/879 883/1189/880
f 883/1189/880 1006/1190/881 884/1191/882
f 884/1191/882 1005/1192/522 885/745/524
f 483/1193/481 919/1194/883 988/1195/884
f 919/1196/883 989/1197/885 988/1198/884
f 918/1199/886 990/1200/887 989/1201/885
f 990/1200/887 916/1202/888 991/1203/889
f 991/1203/889 915/1204/890 992/1205/891
f 915/1204/890 993/1206/892 992/1205/891
f 914/1207/893 994/1208/894 993/1206/892
f 994/1208/894 912/1209/895 995/1210/896
f 995/1210/896 911/1211/897 996/1212/898
f 996/1212/898 910/1213/899 997/1214/900
f 910/1213/899 998/1215/901 997/1214/900
f 998/1215/901 908/1216/902 999/1217/903
f 999/1217/903 907/1218/904 1000/1219/905
f 1000/1219/905 906/1220/906 1001/1221/907
f 906/1220/906 1002/1222/908 1001/1221/907
f 905/1223/909 1003/1224/910 1002/1222/908
f 1003/1224/910 903/729/489 1004/735/519
f 456/1225/437 1072/1120/821 457/1226/441
f 970/1227/911 1071/1121/822 1072/1120/821
f 969/1228/912 1070/1122/823 1071/1121/822
f 968/1229/913 1069/1123/824 1070/1122/823
f 967/1230/914 1068/1124/825 1069/1123/824
f 966/1231/915 1067/1126/827 1068/1124/825
f 965/1232/916 1066/1233/917 1067/1126/827
f 1066/1233/917 963/1234/918 1065/1127/828
f 1065/1127/828 962/1235/919 1064/1128/829
f 962/1235/919 1063/1129/830 1064/1128/829
f 961/1236/920 1062/1130/831 1063/1129/830
f 960/1237/921 1061/1131/832 1062/1130/831
f 959/1238/922 1060/1133/834 1061/1131/832
f 958/1239/923 1059/1240/924 1060/1133/834
f 1059/1240/924 956/1241/925 1058/1134/835
f 1058/1134/835 955/1242/926 1057/1135/836
f 1057/1135/836 954/734/518 1056/743/483
f 469/1243/470 1055/1137/837 470/1136/474
f 953/1244/927 1054/1245/838 1055/1137/837
f 1054/1246/838 951/1247/928 1053/1248/840
f 951/1247/928 1052/1249/841 1053/1248/840
f 950/1250/929 1051/1251/930 1052/1142/841
f 1051/1251/930 948/1252/931 1050/1143/842
f 1050/1143/842 947/1253/932 1049/1145/844
f 1049/1145/844 946/1254/933 1048/1146/845
f 1048/1146/845 945/1255/934 1047/1147/846
f 945/1256/934 1046/1149/847 1047/1257/846
f 944/1258/935 1045/1259/936 1046/1149/847
f 1045/1259/936 942/1260/937 1044/1261/848
f 1044/1152/848 941/1262/938 1043/1153/849
f 1043/1153/849 940/1263/939 1042/1155/851
f 1042/1155/851 939/1264/940 1041/1156/852
f 1041/1156/852 938/1265/941 1040/1157/853
f 938/1265/941 1039/741/523 1040/1157/853
f 444/647/456 1022/877/633 1021/1266/942
f 1021/1266/942 1023/1267/635 1020/1268/855
f 1023/1269/635 1019/1163/857 1020/1161/855
f 1019/1270/857 1025/1271/639 1018/1272/859
f 1018/1273/859 1026/1274/641 1017/1275/861
f 1017/1169/861 1027/892/643 1016/1276/864
f 1016/1276/864 1028/894/645 1015/1277/866
f 1015/1277/866 1029/896/647 1014/1278/868
f 1014/1279/868 1030/899/649 1013/1280/870
f 1030/900/649 1012/1281/943 1013/1282/870
f 1012/1283/943 1032/905/653 1011/1181/872
f 1011/1181/872 1033/906/654 1010/1183/874
f 1033/906/654 1009/1284/944 1010/1183/874
f 1034/908/656 1008/1285/877 1009/1286/944
f 1035/911/658 1007/1287/879 1008/1285/877
f 1036/913/660 1006/1288/881 1007/1287/879
f 1037/915/662 1005/739/522 1006/1288/881
f 483/1193/481 886/1289/945 482/1290/478
f 886/1291/945 989/1197/885 887/1292/946
f 887/1292/946 990/1293/887 888/1294/947
f 888/1295/947 991/1203/889 889/1296/948
f 889/1296/948 992/1205/891 890/1297/949
f 992/1205/891 891/1298/950 890/1297/949
f 993/1206/892 892/1299/951 891/1298/950
f 994/1208/894 893/1300/952 892/1299/951
f 893/1300/952 996/1212/898 894/1301/953
f 894/1301/953 997/1214/900 895/1302/954
f 895/1302/954 998/1215/901 896/1303/955
f 896/1303/955 999/1217/903 897/1304/956
f 897/1304/956 1000/1219/905 898/1305/957
f 898/1305/957 1001/1221/907 899/1306/958
f 1001/1221/907 900/1307/959 899/1306/958
f 1002/1222/908 901/1308/960 900/1307/959
f 901/1308/960 1004/735/519 902/725/514
f 441/1309/436 970/1227/911 456/1225/437
f 971/1310/543 969/1228/912 970/1227/911
f 972/1311/545 968/1229/913 969/1228/912
f 973/1312/547 967/1230/914 968/1229/913
f 974/1313/549 966/1231/915 967/1230/914
f 975/1314/551 965/1232/916 966/1231/915
f 965/1232/916 977/1315/555 964/1316/961
f 977/1315/555 963/1234/918 964/1316/961
f 978/1317/557 962/1235/919 963/1234/918
f 979/1318/558 961/1236/920 962/1235/919
f 980/799/560 960/1237/921 961/1236/920
f 981/798/561 959/1238/922 960/1237/921
f 982/801/563 958/1239/923 959/1238/922
f 983/1319/565 957/1320/962 958/1239/923
f 957/1320/962 985/1321/569 956/1241/925
f 956/1241/925 986/1322/570 955/1242/926
f 955/1242/926 987/732/517 954/734/518
f 468/665/467 953/1244/927 469/1243/470
f 868/1323/963 952/1324/964 953/1244/927
f 952/1325/964 866/1326/965 951/1247/928
f 866/1327/965 950/1250/929 951/1328/928
f 865/1329/966 949/1330/967 950/1250/929
f 864/1331/968 948/1252/931 949/1330/967
f 948/1252/931 862/1332/969 947/1253/932
f 947/1253/932 861/1333/970 946/1254/933
f 946/1254/933 860/1334/971 945/1255/934
f 945/1256/934 859/1335/972 944/1258/935
f 859/1336/972 943/1337/973 944/1338/935
f 858/1339/974 942/1340/937 943/1337/973
f 942/1340/937 856/1341/975 941/1262/938
f 941/1262/938 855/1342/976 940/1263/939
f 940/1263/939 854/1343/977 939/1264/940
f 939/1264/940 853/1344/978 938/1265/941
f 853/1344/978 937/731/506 938/1265/941
f 484/1345/453 920/1346/805 919/1194/883
f 920/1347/805 918/1348/886 919/1196/883
f 921/1103/806 917/1349/979 918/1348/886
f 922/1350/807 916/1202/888 917/1351/979
f 916/1202/888 924/1107/809 915/1204/890
f 915/1204/890 925/1108/810 914/1207/893
f 914/1207/893 926/1352/811 913/1353/980
f 926/1352/811 912/1209/895 913/1353/980
f 912/1209/895 928/1354/813 911/1211/897
f 928/1354/813 910/1213/899 911/1211/897
f 910/1213/899 930/1355/815 909/1356/981
f 909/1356/981 931/1357/816 908/1216/902
f 908/1216/902 932/1358/817 907/1218/904
f 907/1218/904 933/1359/818 906/1220/906
f 933/1359/818 905/1223/909 906/1220/906
f 934/1360/819 904/1361/982 905/1223/909
f 935/1362/820 903/729/489 904/1361/982
f 482/1290/478 835/1363/983 481/1364/469
f 886/1291/945 836/1365/984 835/1366/983
f 836/1365/984 888/1294/947 837/1367/985
f 837/1367/985 889/1368/948 838/1369/986
f 838/1370/986 890/1297/949 839/1371/987
f 890/1297/949 840/1372/988 839/1371/987
f 891/1298/950 841/1373/989 840/1372/988
f 892/1299/951 842/1374/990 841/1373/989
f 893/1300/952 843/1375/991 842/1374/990
f 843/1375/991 895/1302/954 844/1376/992
f 895/1302/954 845/1377/993 844/1376/992
f 896/1303/955 846/1378/994 845/1377/993
f 897/1304/956 847/1379/995 846/1378/994
f 898/1305/957 848/1380/996 847/1379/995
f 899/1306/958 849/1381/997 848/1380/996
f 900/1307/959 850/1382/998 849/1381/997
f 850/1382/998 902/725/514 851/717/509
f 455/1160/461 818/1383/999 454/1384/445
f 869/1159/854 819/1385/1000 818/1383/999
f 870/1162/856 820/1386/1001 819/1385/1000
f 820/1386/1001 872/1166/860 821/1387/1002
f 872/1166/860 822/1388/1003 821/1387/1002
f 873/1168/862 823/1389/1004 822/1388/1003
f 874/1390/863 824/1391/1005 823/1392/1004
f 875/1173/865 825/1393/1006 824/1394/1005
f 876/1176/867 826/1395/1007 825/1393/1006
f 877/1178/869 827/1396/1008 826/1395/1007
f 827/1396/1008 879/1182/873 828/1397/1009
f 828/1397/1009 880/1184/875 829/1398/1010
f 829/1398/1010 881/1185/876 830/1399/1011
f 830/1399/1011 882/1187/878 831/1400/1012
f 831/1400/1012 883/1189/880 832/1401/1013
f 832/1401/1013 884/1191/882 833/1402/1014
f 833/1402/1014 885/745/524 834/723/512
f 467/657/462 868/1323/963 468/665/467
f 800/1403/1015 867/1404/1016 868/1323/963
f 799/1405/1017 866/1406/965 867/1404/1016
f 798/1407/1018 865/1408/966 866/1409/965
f 865/1329/966 796/1410/1019 864/1331/968
f 864/1331/968 795/1411/1020 863/1412/1021
f 795/1411/1020 862/1332/969 863/1412/1021
f 794/1413/1022 861/1333/970 862/1332/969
f 861/1333/970 792/1414/1023 860/1334/971
f 860/1415/971 791/1416/1024 859/1335/972
f 791/1416/1024 858/1417/974 859/1335/972
f 790/1418/1025 857/1419/1026 858/1339/974
f 857/1419/1026 788/1420/1027 856/1341/975
f 856/1341/975 787/1421/1028 855/1342/976
f 855/1342/976 786/1422/1029 854/1343/977
f 854/1343/977 785/1423/1030 853/1344/978
f 785/1423/1030 852/722/506 853/1344/978
f 442/1424/449 749/1425/1031 801/1426/1032
f 801/1426/1032 748/1427/1033 802/1428/1034
f 748/1427/1033 803/1429/1035 802/1428/1034
f 803/1429/1035 746/1430/1036 804/1431/1037
f 804/1431/1037 745/1432/1038 805/1433/1039
f 805/1433/1039 744/1434/1040 806/1435/1041
f 744/1434/1040 807/1436/1042 806/1435/1041
f 743/1437/1043 808/1438/1044 807/1436/1042
f 742/1439/1045 809/1440/1046 808/1438/1044
f 809/1440/1046 740/1441/1047 810/1442/1048
f 810/1442/1048 739/1443/1049 811/1444/1050
f 811/1444/1050 738/1445/1051 812/1446/1052
f 812/1446/1052 737/1447/1053 813/1448/1054
f 737/1447/1053 814/1449/1055 813/1448/1054
f 736/1450/1056 815/1451/1057 814/1449/1055
f 815/1451/1057 734/1452/1058 816/1453/1059
f 734/1452/1058 817/720/505 816/1453/1059
f 480/1454/465 835/1363/983 767/1455/1060
f 767/1456/1060 836/1365/984 768/1457/1061
f 768/1457/1061 837/1367/985 769/1458/1062
f 769/1458/1062 838/1369/986 770/1459/1063
f 770/1460/1063 839/1371/987 771/1461/1064
f 839/1371/987 772/1462/1065 771/1461/1064
f 840/1372/988 773/1463/1066 772/1462/1065
f 841/1373/989 774/1464/1067 773/1463/1066
f 842/1374/990 775/1465/1068 774/1464/1067
f 843/1375/991 776/1466/1069 775/1465/1068
f 844/1376/992 777/1467/1070 776/1466/1069
f 845/1377/993 778/1468/1071 777/1467/1070
f 846/1378/994 779/1469/1072 778/1468/1071
f 847/1379/995 780/1470/1073 779/1469/1072
f 848/1380/996 781/1471/1074 780/1470/1073
f 849/1381/997 782/1472/1075 781/1471/1074
f 782/1472/1075 851/717/509 783/710/503
f 454/1473/445 750/1474/1076 453/626/440
f 750/1475/1076 819/1385/1000 751/1476/1077
f 819/1385/1000 752/1477/1078 751/1476/1077
f 820/1386/1001 753/1478/1079 752/1477/1078
f 821/1387/1002 754/1479/1080 753/1478/1079
f 822/1388/1003 755/1480/1081 754/1479/1080
f 823/1389/1004 756/1481/1082 755/1480/1081
f 824/1394/1005 757/1482/1083 756/1481/1082
f 757/1482/1083 826/1395/1007 758/1483/1084
f 826/1395/1007 759/1484/1085 758/1483/1084
f 827/1396/1008 760/1485/1086 759/1484/1085
f 760/1485/1086 829/1398/1010 761/1486/1087
f 761/1486/1087 830/1399/1011 762/1487/1088
f 762/1487/1088 831/1400/1012 763/1488/1089
f 763/1488/1089 832/1401/1013 764/1489/1090
f 832/1401/1013 765/1490/1091 764/1489/1090
f 765/1490/1091 834/723/512 766/715/507
f 442/637/449 800/1403/1015 467/657/462
f 801/1491/1032 799/1405/1017 800/1403/1015
f 802/1492/1034 798/1493/1018 799/1494/1017
f 803/1429/1035 797/1495/1092 798/1407/1018
f 797/1495/1092 805/1433/1039 796/1496/1019
f 796/1496/1019 806/1435/1041 795/1497/1020
f 806/1498/1041 794/1413/1022 795/1411/1020
f 807/1499/1042 793/1500/1093 794/1413/1022
f 793/1500/1093 809/1501/1046 792/1414/1023
f 792/1502/1023 810/1503/1048 791/1416/1024
f 810/1503/1048 790/1504/1025 791/1416/1024
f 811/1505/1050 789/1506/1094 790/1418/1025
f 789/1506/1094 813/1507/1054 788/1420/1027
f 788/1420/1027 814/1508/1055 787/1421/1028
f 787/1421/1028 815/1509/1057 786/1422/1029
f 786/1422/1029 816/1510/1059 785/1423/1030
f 816/1510/1059 784/714/506 785/1423/1030
f 480/1454/465 716/1511/1095 479/1512/460
f 716/1513/1095 768/1457/1061 717/1514/1096
f 717/1514/1096 769/1458/1062 718/1515/1097
f 718/1515/1097 770/1459/1063 719/1516/1098
f 719/1517/1098 771/1461/1064 720/1518/1099
f 720/1518/1099 772/1462/1065 721/1519/1100
f 772/1462/1065 722/1520/1101 721/1519/1100
f 773/1463/1066 723/1521/1102 722/1520/1101
f 774/1464/1067 724/1522/1103 723/1521/1102
f 775/1465/1068 725/1523/1104 724/1522/1103
f 776/1466/1069 726/1524/1105 725/1523/1104
f 777/1467/1070 727/1525/1106 726/1524/1105
f 778/1468/1071 728/1526/1107 727/1525/1106
f 779/1469/1072 729/1527/1108 728/1526/1107
f 780/1470/1073 730/1528/1109 729/1527/1108
f 730/1528/1109 782/1472/1075 731/1529/1110
f 731/1529/1110 783/710/503 732/711/504
f 452/623/433 750/1474/1076 699/1530/1111
f 699/1531/1111 751/1476/1077 700/1532/1112
f 751/1476/1077 701/1533/1113 700/1532/1112
f 752/1477/1078 702/1534/1114 701/1533/1113
f 753/1478/1079 703/1535/1115 702/1534/1114
f 754/1479/1080 704/1536/1116 703/1535/1115
f 755/1480/1081 705/1537/1117 704/1536/1116
f 705/1537/1117 757/1482/1083 706/1538/1118
f 706/1538/1118 758/1483/1084 707/1539/1119
f 707/1539/1119 759/1484/1085 708/1540/1120
f 759/1484/1085 709/1541/1121 708/1540/1120
f 709/1541/1121 761/1486/1087 710/1542/1122
f 710/1542/1122 762/1487/1088 711/1543/1123
f 711/1543/1123 763/1488/1089 712/1544/1124
f 712/1544/1124 764/1489/1090 713/1545/1125
f 764/1489/1090 714/1546/1126 713/1545/1125
f 765/1490/1091 715/708/501 714/1546/1126
f 466/1547/448 698/1548/1127 749/1425/1031
f 749/1425/1031 697/1549/1128 748/1427/1033
f 697/1549/1128 747/1550/1129 748/1427/1033
f 747/1550/1129 695/1551/1130 746/1430/1036
f 746/1430/1036 694/1552/1131 745/1432/1038
f 694/1552/1131 744/1434/1040 745/1432/1038
f 693/1553/1132 743/1437/1043 744/1434/1040
f 692/1554/1133 742/1439/1045 743/1437/1043
f 691/1555/1134 741/1556/1135 742/1439/1045
f 690/1557/1136 740/1441/1047 741/1556/1135
f 740/1441/1047 688/1558/1137 739/1443/1049
f 739/1443/1049 687/1559/1138 738/1445/1051
f 738/1445/1051 686/1560/1139 737/1447/1053
f 686/1560/1139 736/1450/1056 737/1447/1053
f 685/1561/1140 735/1562/1141 736/1450/1056
f 735/1562/1141 683/1563/1142 734/1452/1058
f 734/1452/1058 682/701/495 733/707/500
f 478/1564/455 716/1511/1095 665/1565/1143
f 716/1513/1095 666/1566/1144 665/1567/1143
f 666/1566/1144 718/1515/1097 667/1568/1145
f 667/1568/1145 719/1516/1098 668/1569/1146
f 668/1570/1146 720/1518/1099 669/1571/1147
f 669/1571/1147 721/1519/1100 670/1572/1148
f 670/1572/1148 722/1520/1101 671/1573/1149
f 671/1573/1149 723/1521/1102 672/1574/1150
f 723/1521/1102 673/1575/1151 672/1574/1150
f 724/1522/1103 674/1576/1152 673/1575/1151
f 725/1523/1104 675/1577/1153 674/1576/1152
f 726/1524/1105 676/1578/1154 675/1577/1153
f 727/1525/1106 677/1579/1155 676/1578/1154
f 728/1526/1107 678/1580/1156 677/1579/1155
f 729/1527/1108 679/1581/1157 678/1580/1156
f 679/1581/1157 731/1529/1110 680/1582/1158
f 680/1582/1158 732/711/504 681/698/494
f 451/617/434 699/1583/1111 648/1584/1159
f 648/1585/1159 700/1532/1112 649/1586/1160
f 649/1586/1160 701/1533/1113 650/1587/1161
f 701/1533/1113 651/1588/1162 650/1587/1161
f 702/1534/1114 652/1589/1163 651/1588/1162
f 703/1535/1115 653/1590/1164 652/1589/1163
f 704/1536/1116 654/1591/1165 653/1590/1164
f 654/1591/1165 706/1538/1118 655/1592/1166
f 655/1592/1166 707/1539/1119 656/1593/1167
f 656/1593/1167 708/1540/1120 657/1594/1168
f 708/1540/1120 658/1595/1169 657/1594/1168
f 709/1541/1121 659/1596/1170 658/1595/1169
f 659/1596/1170 711/1543/1123 660/1597/1171
f 660/1597/1171 712/1544/1124 661/1598/1172
f 661/1598/1172 713/1545/1125 662/1599/1173
f 713/1545/1125 663/1600/1174 662/1599/1173
f 714/1546/1126 664/702/496 663/1600/1174
f 465/1601/475 647/1602/1175 698/1548/1127
f 698/1548/1127 646/1603/1176 697/1549/1128
f 697/1549/1128 645/1604/1177 696/1605/1178
f 696/1605/1178 644/1606/1179 695/1551/1130
f 695/1551/1130 643/1607/1180 694/1552/1131
f 694/1552/1131 642/1608/1181 693/1553/1132
f 642/1608/1181 692/1554/1133 693/1553/1132
f 641/1609/1182 691/1555/1134 692/1554/1133
f 640/1610/1183 690/1557/1136 691/1555/1134
f 690/1611/1136 638/1612/1184 689/1613/1185
f 689/1614/1185 637/1615/1186 688/1558/1137
f 688/1558/1137 636/1616/1187 687/1559/1138
f 687/1559/1138 635/1617/1188 686/1560/1139
f 635/1617/1188 685/1561/1140 686/1560/1139
f 634/1618/1189 684/1619/1190 685/1561/1140
f 684/1619/1190 632/1620/1191 683/1563/1142
f 683/1563/1142 631/695/491 682/701/495
f 477/640/451 665/1567/1143 614/1621/1192
f 614/1621/1192 666/1566/1144 615/1622/1193
f 615/1622/1193 667/1568/1145 616/1623/1194
f 616/1624/1194 668/1570/1146 617/1625/1195
f 617/1625/1195 669/1571/1147 618/1626/1196
f 618/1626/1196 670/1572/1148 619/1627/1197
f 619/1627/1197 671/1573/1149 620/1628/1198
f 620/1628/1198 672/1574/1150 621/1629/1199
f 621/1629/1199 673/1575/1151 622/1630/1200
f 622/1630/1200 674/1576/1152 623/1631/1201
f 623/1631/1201 675/1577/1153 624/1632/1202
f 675/1577/1153 625/1633/1203 624/1632/1202
f 676/1578/1154 626/1634/1204 625/1633/1203
f 677/1579/1155 627/1635/1205 626/1634/1204
f 627/1635/1205 679/1581/1157 628/1636/1206
f 628/1636/1206 680/1582/1158 629/1637/1207
f 629/1637/1207 681/698/494 630/691/488
f 450/682/480 648/1638/1159 580/1639/1208
f 580/1640/1208 649/1586/1160 581/1641/1209
f 581/1641/1209 650/1587/1161 582/1642/1210
f 650/1587/1161 583/1643/1211 582/1642/1210
f 651/1588/1162 584/1644/1212 583/1643/1211
f 652/1589/1163 585/1645/1213 584/1644/1212
f 585/1645/1213 654/1591/1165 586/1646/1214
f 586/1646/1214 655/1592/1166 587/1647/1215
f 587/1647/1215 656/1593/1167 588/1648/1216
f 656/1593/1167 589/1649/1217 588/1648/1216
f 657/1594/1168 590/1650/1218 589/1649/1217
f 590/1650/1218 659/1596/1170 591/1651/1219
f 659/1596/1170 592/1652/1220 591/1651/1219
f 592/1652/1220 661/1598/1172 593/1653/1221
f 593/1653/1221 662/1599/1173 594/1654/1222
f 662/1599/1173 595/1655/1223 594/1654/1222
f 663/1600/1174 596/696/492 595/1655/1223
f 464/1656/472 545/1657/1224 647/1602/1175
f 647/1602/1175 544/1658/1225 646/1603/1176
f 646/1603/1176 543/1659/1226 645/1604/1177
f 645/1604/1177 542/1660/1227 644/1606/1179
f 542/1660/1227 643/1607/1180 644/1606/1179
f 541/1661/1228 642/1608/1181 643/1607/1180
f 642/1608/1181 539/1662/1229 641/1609/1182
f 641/1609/1182 538/1663/1230 640/1610/1183
f 538/1663/1230 639/1664/1231 640/1610/1183
f 639/1665/1231 536/1666/1232 638/1612/1184
f 638/1667/1184 535/1668/1233 637/1615/1186
f 637/1615/1186 534/1669/1234 636/1616/1187
f 636/1616/1187 533/1670/1235 635/1617/1188
f 533/1670/1235 634/1618/1189 635/1617/1188
f 532/1671/1236 633/1672/1237 634/1618/1189
f 633/1672/1237 530/1673/1238 632/1620/1191
f 632/1620/1191 529/687/484 631/695/491
f 476/633/446 614/1621/1192 613/778/544
f 613/778/544 615/1622/1193 612/1674/1239
f 612/1674/1239 616/1623/1194 611/780/546
f 616/1624/1194 610/783/548 611/1675/546
f 610/783/548 618/1626/1196 609/785/550
f 618/1626/1196 608/787/552 609/785/550
f 608/787/552 620/1628/1198 607/789/554
f 607/789/554 621/1629/1199 606/791/556
f 606/791/556 622/1630/1200 605/1676/1240
f 605/1677/1240 623/1678/1201 604/795/559
f 604/795/559 624/1679/1202 603/1680/562
f 624/1632/1202 602/802/564 603/1681/562
f 625/1633/1203 601/805/566 602/802/564
f 601/805/566 627/1635/1205 600/1682/1241
f 600/1682/1241 628/1636/1206 599/807/568
f 628/1636/1206 598/810/571 599/807/568
f 598/810/571 630/691/488 597/693/490
f 449/677/476 580/1639/1208 579/1683/572
f 579/813/572 581/1641/1209 578/1684/1242
f 578/1684/1242 582/1642/1210 577/816/575
f 582/1642/1210 576/819/578 577/816/575
f 583/1643/1211 575/1685/1243 576/819/578
f 584/1644/1212 574/821/580 575/1685/1243
f 574/821/580 586/1646/1214 573/823/582
f 573/823/582 587/1647/1215 572/825/584
f 572/825/584 588/1648/1216 571/828/587
f 571/828/587 589/1649/1217 570/830/589
f 589/1649/1217 569/832/591 570/830/589
f 590/1650/1218 568/834/593 569/832/591
f 568/1686/593 592/1687/1220 567/1688/595
f 567/1688/595 593/1689/1221 566/1690/597
f 566/838/597 594/1654/1222 565/840/599
f 594/1654/1222 564/842/601 565/840/599
f 595/1655/1223 563/688/485 564/842/601
f 462/843/463 545/1657/1224 463/1691/466
f 546/845/603 544/1658/1225 545/1657/1224
f 544/1658/1225 548/849/607 543/1659/1226
f 548/849/607 542/1660/1227 543/1659/1226
f 549/850/608 541/1661/1228 542/1660/1227
f 550/852/610 540/1692/1244 541/1661/1228
f 540/1692/1244 552/856/614 539/1662/1229
f 539/1662/1229 553/858/616 538/1663/1230
f 553/858/616 537/1693/1245 538/1663/1230
f 554/862/618 536/1694/1232 537/1693/1245
f 536/1694/1232 556/866/622 535/1668/1233
f 535/1668/1233 557/868/624 534/1669/1234
f 557/868/624 533/1670/1235 534/1669/1234
f 558/870/626 532/1671/1236 533/1670/1235
f 532/1671/1236 560/874/630 531/1695/1246
f 560/874/630 530/1673/1238 531/1695/1246
f 530/1673/1238 562/685/482 529/687/484
f 52/1/1 7/1696/452 16/2/2
f 360/4/4 5/370/265 32/5/5
f 172/7/7 6/635/447 40/8/8
f 278/10/10 8/205/166 17/11/11
f 279/13/13 24/17/17 4/14/14
f 288/16/16 23/19/19 24/17/17
f 297/18/18 22/21/21 23/19/19
f 297/18/18 306/23/23 21/20/20
f 315/22/22 20/25/25 21/20/20
f 324/24/24 19/131/27 20/25/25
f 333/26/26 18/29/28 19/27/27
f 342/12/12 17/11/11 18/29/28
f 173/30/29 33/34/33 2/31/30
f 184/33/32 34/1697/35 33/34/33
f 195/35/34 35/39/37 34/36/35
f 206/38/36 36/41/39 35/39/37
f 217/40/38 37/43/41 36/41/39
f 217/40/38 228/1698/42 38/42/40
f 228/44/42 239/47/44 39/45/43
f 239/47/44 250/9/9 40/8/8
f 369/48/45 25/52/49 1/49/46
f 378/51/48 26/54/51 25/52/49
f 387/53/50 27/56/53 26/54/51
f 396/55/52 28/287/55 27/56/53
f 405/57/54 29/1699/57 28/58/55
f 414/60/56 30/64/59 29/61/57
f 414/60/56 423/65/60 31/63/58
f 423/65/60 432/6/6 32/5/5
f 63/66/61 9/70/65 3/67/62
f 74/69/64 10/569/67 9/70/65
f 85/71/66 11/1700/69 10/72/67
f 96/74/68 12/1701/71 11/75/69
f 107/77/70 13/81/73 12/78/71
f 118/80/72 14/1702/75 13/81/73
f 129/82/74 15/1703/76 14/83/75
f 140/85/3 16/1704/2 15/86/76
f 17/11/11 150/206/167 139/88/77
f 139/89/77 150/1705/167 149/90/78
f 138/91/79 149/90/78 148/92/80
f 137/93/81 148/92/80 147/94/82
f 136/96/83 147/211/82 146/97/84
f 146/97/84 145/214/87 134/99/86
f 145/100/87 144/216/89 133/101/88
f 144/103/89 143/1706/91 132/104/90
f 143/106/91 142/1707/93 131/107/92
f 142/109/93 141/112/95 130/110/94
f 141/112/95 140/3/3 129/113/74
f 18/29/28 139/88/77 128/114/96
f 128/115/96 139/89/77 138/91/79
f 127/116/97 138/91/79 137/93/81
f 126/118/98 137/1708/81 136/96/83
f 125/119/99 136/96/83 135/98/85
f 124/120/100 135/98/85 134/99/86
f 123/122/101 134/102/86 133/101/88
f 122/124/102 133/105/88 132/104/90
f 132/108/90 131/107/92 120/126/104
f 131/107/92 130/1709/94 119/128/105
f 130/110/94 129/113/74 118/129/72
f 19/131/27 128/115/96 117/132/106
f 128/115/96 127/116/97 116/133/107
f 116/133/107 127/116/97 126/117/98
f 115/135/108 126/118/98 125/119/99
f 114/136/109 125/119/99 124/120/100
f 113/137/110 124/120/100 123/121/101
f 112/139/111 123/122/101 122/123/102
f 122/123/102 121/127/103 110/141/113
f 121/127/103 120/126/104 109/142/114
f 120/126/104 119/128/105 108/143/115
f 119/130/105 118/129/72 107/144/70
f 20/25/25 117/132/106 106/146/116
f 106/146/116 117/132/106 116/133/107
f 105/147/117 116/133/107 115/134/108
f 104/149/118 115/135/108 114/136/109
f 103/150/119 114/136/109 113/137/110
f 102/152/120 113/1710/110 112/139/111
f 101/153/121 112/139/111 111/140/112
f 111/140/112 110/141/113 99/155/123
f 110/141/113 109/142/114 98/156/124
f 109/142/114 108/143/115 97/157/125
f 108/143/115 107/77/70 96/79/68
f 21/20/20 106/146/116 95/158/126
f 95/158/126 106/146/116 105/147/117
f 94/159/127 105/147/117 104/148/118
f 93/160/128 104/148/118 103/161/119
f 92/162/129 103/161/119 102/152/120
f 91/163/130 102/152/120 101/153/121
f 90/164/131 101/153/121 100/154/122
f 100/154/122 99/155/123 88/166/133
f 99/155/123 98/156/124 87/167/134
f 98/156/124 97/157/125 86/168/135
f 97/157/125 96/79/68 85/169/66
f 23/19/19 22/21/21 95/158/126
f 84/170/136 95/158/126 94/159/127
f 83/171/137 94/159/127 93/160/128
f 82/172/138 93/160/128 92/162/129
f 81/173/139 92/162/129 91/163/130
f 80/174/140 91/163/130 90/164/131
f 79/175/141 90/164/131 89/165/132
f 89/165/132 88/166/133 77/177/143
f 88/166/133 87/167/134 76/178/144
f 87/179/134 86/1711/135 75/180/145
f 86/168/135 85/169/66 74/69/64
f 24/17/17 23/19/19 84/170/136
f 73/183/146 84/170/136 83/171/137
f 72/184/147 83/171/137 82/172/138
f 71/185/148 82/172/138 81/173/139
f 70/186/149 81/173/139 80/174/140
f 80/174/140 79/175/141 68/188/151
f 68/188/151 79/175/141 78/176/142
f 67/189/152 78/176/142 77/177/143
f 77/177/143 76/178/144 65/191/154
f 76/181/144 75/180/145 64/192/155
f 75/182/145 74/69/64 63/66/61
f 4/14/14 24/17/17 73/183/146
f 51/195/156 73/183/146 72/184/147
f 50/196/157 72/184/147 71/185/148
f 49/197/158 71/185/148 70/186/149
f 48/198/159 70/186/149 69/187/150
f 47/199/160 69/187/150 68/188/151
f 68/188/151 67/189/152 45/201/162
f 67/189/152 66/190/153 44/202/163
f 66/190/153 65/191/154 43/203/164
f 65/191/154 64/194/155 42/204/165
f 64/194/155 63/66/61 41/68/63
f 8/205/166 62/630/444 150/206/167
f 150/206/167 62/630/444 61/207/168
f 61/209/168 60/622/438 148/92/80
f 148/92/80 60/622/438 59/210/169
f 147/211/82 59/1712/169 58/212/170
f 146/97/84 58/212/170 57/213/171
f 57/215/171 56/217/172 144/216/89
f 56/217/172 55/676/173 143/106/91
f 55/218/173 54/220/174 142/109/93
f 54/220/174 53/221/175 141/112/95
f 53/221/175 52/1/1 140/3/3
f 31/63/58 32/5/5 260/222/176
f 260/222/176 259/372/267 248/224/178
f 248/224/178 259/372/267 258/225/179
f 247/227/180 258/1713/179 257/228/181
f 246/230/182 257/1714/181 256/231/183
f 245/232/184 256/231/183 255/233/185
f 244/235/186 255/1715/185 254/236/187
f 254/238/187 253/383/190 242/239/189
f 253/241/190 252/1716/192 241/242/191
f 252/244/192 251/386/194 240/245/193
f 251/247/194 250/9/9 239/47/44
f 30/64/59 31/63/58 249/223/177
f 238/249/195 249/223/177 248/224/178
f 237/250/196 248/224/178 247/226/180
f 236/252/197 247/227/180 246/229/182
f 235/253/198 246/229/182 245/254/184
f 234/256/199 245/232/184 244/234/186
f 244/235/186 243/237/188 232/258/201
f 243/260/188 242/243/189 231/261/202
f 242/243/189 241/242/191 230/263/203
f 241/264/191 240/1717/193 229/265/204
f 240/248/193 239/47/44 228/44/42
f 29/61/57 30/64/59 238/249/195
f 227/268/205 238/249/195 237/250/196
f 226/269/206 237/250/196 236/251/197
f 225/271/207 236/252/197 235/253/198
f 224/272/208 235/253/198 234/255/199
f 223/274/209 234/1718/199 233/275/200
f 233/275/200 232/262/201 221/277/211
f 232/262/201 231/261/202 220/278/212
f 231/279/202 230/1719/203 219/280/213
f 230/266/203 229/265/204 218/282/214
f 229/267/204 228/44/42 217/284/38
f 29/61/57 227/268/205 216/286/215
f 216/288/215 227/1720/205 226/289/206
f 215/291/216 226/269/206 225/270/207
f 214/293/217 225/271/207 224/272/208
f 213/294/218 224/272/208 223/273/209
f 212/296/219 223/274/209 222/276/210
f 222/276/210 221/277/211 210/298/221
f 221/277/211 220/278/212 209/299/222
f 220/300/212 219/283/213 208/301/223
f 219/283/213 218/282/214 207/303/224
f 218/285/214 217/284/38 206/304/36
f 28/306/55 216/1721/215 205/307/225
f 205/309/225 216/286/215 215/291/216
f 204/310/226 215/291/216 214/292/217
f 203/312/227 214/1722/217 213/313/218
f 202/314/228 213/313/218 212/315/219
f 201/316/229 212/315/219 211/317/220
f 211/297/220 210/298/221 199/319/231
f 210/298/221 209/299/222 198/321/232
f 209/302/222 208/301/223 197/322/233
f 197/322/233 208/301/223 207/303/224
f 207/305/224 206/304/36 195/325/34
f 26/54/51 27/56/53 205/309/225
f 194/327/235 205/309/225 204/310/226
f 193/328/236 204/310/226 203/311/227
f 192/329/237 203/311/227 202/330/228
f 191/332/238 202/1723/228 201/333/229
f 190/335/239 201/316/229 200/318/230
f 189/336/240 200/318/230 199/337/231
f 199/319/231 198/321/232 187/339/242
f 198/321/232 197/1724/233 186/341/243
f 197/322/233 196/324/234 185/342/244
f 196/324/234 195/35/34 184/37/32
f 25/52/49 26/54/51 194/327/235
f 183/344/245 194/327/235 193/328/236
f 182/345/246 193/328/236 192/329/237
f 181/346/247 192/329/237 191/331/238
f 180/347/248 191/331/238 190/348/239
f 179/350/249 190/1725/239 189/351/240
f 189/353/240 188/340/241 177/354/251
f 188/340/241 187/339/242 176/356/252
f 187/339/242 186/341/243 175/357/253
f 186/341/243 185/359/244 174/358/254
f 185/359/244 184/33/32 173/30/29
f 1/49/46 25/52/49 183/344/245
f 151/360/255 183/344/245 182/345/246
f 152/361/256 182/345/246 181/346/247
f 153/362/257 181/346/247 180/347/248
f 154/363/258 180/347/248 179/349/249
f 155/364/259 179/349/249 178/355/250
f 178/355/250 177/354/251 157/366/261
f 177/354/251 176/356/252 158/367/262
f 176/356/252 175/357/253 159/368/263
f 175/357/253 174/358/254 160/369/264
f 174/358/254 173/30/29 161/32/31
f 5/370/265 162/371/266 260/222/176
f 162/371/266 163/628/442 259/372/267
f 259/372/267 163/628/442 164/373/268
f 258/225/179 164/373/268 165/374/269
f 257/375/181 165/374/269 166/376/270
f 256/377/183 166/376/270 167/378/271
f 167/380/271 168/382/272 254/238/187
f 168/382/272 169/384/273 253/383/190
f 169/384/273 170/385/274 252/244/192
f 170/385/274 171/1726/275 251/386/194
f 171/387/275 172/7/7 250/9/9
f 39/45/43 40/8/8 350/388/276
f 341/389/277 350/388/276 349/390/278
f 349/390/278 348/1727/281 339/392/280
f 348/393/281 347/486/347 338/394/282
f 338/394/282 347/486/347 346/396/283
f 346/398/283 345/401/286 336/399/285
f 345/401/286 344/403/288 335/402/287
f 344/403/288 343/1728/290 334/404/289
f 343/405/290 342/12/12 333/26/26
f 38/46/40 39/45/43 341/389/277
f 332/407/291 341/389/277 340/391/279
f 331/408/292 340/391/279 339/392/280
f 330/409/293 339/392/280 338/410/282
f 329/411/294 338/410/282 337/400/284
f 337/400/284 336/399/285 327/413/296
f 336/399/285 335/402/287 326/414/297
f 326/414/297 335/402/287 334/404/289
f 334/404/289 333/1729/26 324/24/24
f 37/416/41 38/46/40 332/407/291
f 323/417/299 332/407/291 331/408/292
f 322/418/300 331/408/292 330/409/293
f 321/419/301 330/409/293 329/411/294
f 320/420/302 329/411/294 328/412/295
f 319/421/303 328/412/295 327/413/296
f 327/413/296 326/414/297 317/423/305
f 326/414/297 325/415/298 316/424/306
f 325/415/298 324/24/24 315/22/22
f 36/425/39 37/416/41 323/417/299
f 314/426/307 323/417/299 322/418/300
f 313/428/308 322/1730/300 321/429/301
f 312/431/309 321/419/301 320/420/302
f 311/432/310 320/420/302 319/421/303
f 319/421/303 318/422/304 309/434/312
f 318/422/304 317/423/305 308/435/313
f 308/435/313 317/423/305 316/424/306
f 316/424/306 315/22/22 306/23/23
f 35/39/37 36/41/39 314/437/307
f 305/439/315 314/426/307 313/427/308
f 304/441/316 313/428/308 312/430/309
f 303/443/317 312/431/309 311/432/310
f 302/444/318 311/432/310 310/433/311
f 310/433/311 309/434/312 300/446/320
f 309/434/312 308/435/313 299/447/321
f 308/435/313 307/436/314 298/448/322
f 307/436/314 306/23/23 297/18/18
f 34/36/35 35/39/37 305/438/315
f 296/449/323 305/438/315 304/441/316
f 295/450/324 304/441/316 303/442/317
f 294/451/325 303/442/317 302/452/318
f 293/454/326 302/444/318 301/445/319
f 301/445/319 300/446/320 291/456/328
f 300/446/320 299/447/321 290/457/329
f 299/447/321 298/448/322 289/458/330
f 298/448/322 297/18/18 288/16/16
f 33/34/33 34/1697/35 296/459/323
f 287/460/331 296/459/323 295/461/324
f 286/462/332 295/461/324 294/463/325
f 285/464/333 294/463/325 293/454/326
f 284/465/334 293/454/326 292/455/327
f 292/455/327 291/456/328 282/467/336
f 291/456/328 290/457/329 281/468/337
f 290/457/329 289/458/330 280/469/338
f 289/458/330 288/16/16 279/13/13
f 2/470/30 33/1731/33 287/471/331
f 261/473/339 287/460/331 286/462/332
f 262/474/340 286/462/332 285/464/333
f 263/475/341 285/464/333 284/465/334
f 264/476/63 284/465/334 283/466/335
f 283/466/335 282/467/336 266/478/63
f 282/467/336 281/468/337 267/479/342
f 281/468/337 280/469/338 268/480/343
f 280/469/338 279/13/13 269/15/15
f 40/8/8 6/635/447 270/481/344
f 350/388/276 270/481/344 271/482/345
f 271/483/345 272/669/471 348/393/281
f 348/393/281 272/669/471 273/485/346
f 347/486/347 273/485/346 274/487/348
f 274/488/348 275/489/349 345/401/286
f 275/489/349 276/613/430 344/403/288
f 344/490/288 276/1732/430 277/491/350
f 277/491/350 278/10/10 342/12/12
f 15/492/76 16/1733/2 440/493/351
f 440/495/351 439/498/354 430/496/353
f 439/498/354 438/1734/424 429/499/355
f 429/500/355 438/606/424 437/501/356
f 428/502/357 437/501/356 436/503/358
f 427/504/359 436/503/358 435/505/360
f 435/505/360 434/508/363 425/507/362
f 434/508/363 433/611/365 424/509/364
f 433/510/365 432/6/6 423/65/60
f 14/512/75 15/492/76 431/494/352
f 422/514/366 431/1735/352 430/515/353
f 430/517/353 429/500/355 420/518/368
f 420/518/368 429/500/355 428/502/357
f 419/520/369 428/502/357 427/504/359
f 418/521/370 427/504/359 426/506/361
f 426/506/361 425/507/362 416/523/372
f 425/507/362 424/509/364 415/524/373
f 424/509/364 423/1736/60 414/525/56
f 13/526/73 14/512/75 422/513/366
f 413/528/374 422/514/366 421/516/367
f 412/530/375 421/519/367 420/518/368
f 411/532/376 420/1737/368 419/533/369
f 419/533/369 418/536/370 409/535/378
f 418/536/370 417/1738/371 408/537/379
f 417/522/371 416/523/372 407/538/380
f 416/523/372 415/524/373 406/540/381
f 415/541/373 414/60/56 405/62/54
f 12/78/71 13/81/73 413/528/374
f 404/543/382 413/528/374 412/529/375
f 403/544/383 412/529/375 411/532/376
f 402/545/384 411/532/376 410/534/377
f 410/534/377 409/535/378 400/547/386
f 409/548/378 408/1739/379 399/549/387
f 408/539/379 407/538/380 398/551/388
f 407/538/380 406/540/381 397/553/389
f 406/540/381 405/57/54 396/59/52
f 11/75/69 12/1701/71 404/554/382
f 395/556/390 404/543/382 403/544/383
f 394/557/391 403/544/383 402/545/384
f 393/558/392 402/545/384 401/546/385
f 392/559/393 401/546/385 400/547/386
f 400/561/386 399/1740/387 390/562/395
f 390/564/395 399/1741/387 398/565/388
f 398/565/388 397/568/389 388/567/397
f 397/568/389 396/55/52 387/53/50
f 10/569/67 11/1742/69 395/556/390
f 386/570/398 395/556/390 394/557/391
f 385/571/399 394/557/391 393/558/392
f 384/572/400 393/558/392 392/559/393
f 383/573/401 392/559/393 391/560/394
f 391/560/394 390/564/395 381/575/403
f 390/576/395 389/1743/396 380/577/404
f 389/566/396 388/567/397 379/579/405
f 388/567/397 387/53/50 378/51/48
f 9/70/65 10/569/67 386/570/398
f 377/581/406 386/570/398 385/571/399
f 376/582/407 385/571/399 384/572/400
f 375/583/408 384/572/400 383/573/401
f 374/584/409 383/573/401 382/574/402
f 373/585/410 382/574/402 381/575/403
f 381/575/403 380/580/404 371/587/412
f 380/588/404 379/1744/405 370/589/413
f 379/579/405 378/51/48 369/48/45
f 3/67/62 9/70/65 377/581/406
f 359/592/414 377/581/406 376/582/407
f 358/593/415 376/582/407 375/583/408
f 357/594/416 375/583/408 374/584/409
f 356/595/417 374/584/409 373/585/410
f 373/585/410 372/586/411 354/597/419
f 372/586/411 371/587/412 353/598/420
f 371/587/412 370/591/413 352/599/421
f 370/591/413 369/48/45 351/50/47
f 16/600/2 7/1745/452 368/601/422
f 368/601/422 367/1746/477 439/603/354
f 439/604/354 367/679/477 366/605/423
f 438/606/424 366/605/423 365/607/425
f 437/501/356 365/607/425 364/608/426
f 364/608/426 363/609/427 435/505/360
f 363/609/427 362/610/428 434/508/363
f 362/610/428 361/645/429 433/611/365
f 361/612/429 360/4/4 432/6/6
f 276/613/430 275/489/349 472/614/431
f 58/212/170 59/1712/169 452/616/433
f 277/618/350 276/613/430 473/615/432
f 162/371/266 5/370/265 441/620/436
f 60/622/438 453/626/440 452/623/433
f 278/624/10 277/618/350 474/619/435
f 61/209/168 454/1473/445 453/626/440
f 162/371/266 456/621/437 457/627/441
f 163/628/442 457/627/441 458/629/443
f 62/630/444 455/656/461 454/631/445
f 5/632/265 360/639/4 476/633/446
f 6/635/447 172/7/7 466/636/448
f 164/373/268 458/629/443 459/638/450
f 360/639/4 361/645/429 477/640/451
f 7/641/452 443/1747/459 484/642/453
f 165/374/269 459/638/450 460/644/454
f 361/645/429 362/610/428 478/646/455
f 278/624/10 475/625/439 444/647/456
f 167/649/271 166/1748/270 460/650/454
f 7/652/452 52/1749/1 445/653/458
f 362/610/428 363/609/427 479/655/460
f 8/205/166 444/1750/456 455/656/461
f 6/635/447 442/637/449 467/657/462
f 168/658/272 167/649/271 461/651/457
f 52/1/1 53/221/175 446/660/464
f 363/609/427 364/608/426 480/662/465
f 169/663/273 168/658/272 462/659/463
f 270/481/344 467/657/462 468/665/467
f 53/221/175 54/220/174 447/666/468
f 364/608/426 365/607/425 481/667/469
f 271/483/345 468/1751/467 469/668/470
f 170/670/274 169/1752/273 463/671/466
f 54/220/174 55/218/173 448/673/473
f 366/605/423 482/680/478 481/667/469
f 272/669/471 469/668/470 470/674/474
f 171/387/275 170/670/274 464/672/472
f 55/676/173 56/217/172 449/677/476
f 367/679/477 483/683/481 482/680/478
f 273/485/346 470/674/474 471/681/479
f 172/7/7 171/387/275 465/675/475
f 56/217/172 57/215/171 450/682/480
f 367/679/477 368/643/422 484/642/453
f 274/488/348 471/1076/479 472/614/431
f 58/684/170 451/1753/434 450/682/480
f 562/685/482 506/773/483 507/686/483
f 563/688/485 596/696/492 494/689/486
f 630/691/488 521/699/489 520/692/489
f 529/687/484 507/686/483 508/694/483
f 596/696/492 664/702/496 495/697/493
f 681/698/494 522/705/499 521/699/489
f 631/695/491 508/694/483 509/700/483
f 664/702/496 715/708/501 496/703/497
f 681/698/494 732/711/504 523/704/498
f 682/701/495 509/700/483 510/706/483
f 715/708/501 766/715/507 497/709/502
f 783/710/503 524/718/510 523/704/498
f 817/712/505 486/1754/511 511/713/506
f 766/715/507 834/723/512 498/716/508
f 851/717/509 525/726/515 524/718/510
f 733/707/500 510/706/483 486/719/511
f 784/714/506 511/713/506 512/721/506
f 834/723/512 885/745/524 499/724/513
f 902/725/514 526/736/489 525/726/515
f 936/727/516 487/1755/516 528/728/489
f 852/722/506 512/721/506 513/730/506
f 987/732/517 485/1756/542 500/733/483
f 1004/735/519 527/744/489 526/736/489
f 1038/737/520 519/772/540 488/738/521
f 937/731/506 513/730/506 514/740/506
f 954/734/518 500/733/483 501/742/483
f 903/729/489 528/728/489 527/744/489
f 885/745/524 1005/1192/522 488/746/521
f 1039/741/523 514/740/506 515/747/525
f 1056/743/483 501/742/483 502/749/483
f 1123/751/527 489/759/531 487/752/516
f 1073/748/526 515/747/525 516/754/528
f 1090/750/483 502/749/483 503/756/483
f 1174/758/530 490/765/535 489/759/531
f 1124/755/529 516/754/528 517/760/532
f 1141/757/483 503/756/483 504/762/483
f 1174/758/530 1225/770/538 491/764/534
f 1175/761/533 517/760/532 518/766/536
f 1192/763/483 504/762/483 505/768/483
f 1225/770/538 1276/774/541 492/771/539
f 1226/767/537 518/766/536 519/772/540
f 1243/769/483 505/768/483 506/773/483
f 1276/774/541 563/688/485 493/690/487
f 597/693/490 520/692/489 485/775/542
f 476/633/446 613/778/544 971/777/543
f 613/778/544 612/1674/1239 972/779/545
f 972/779/545 612/1674/1239 611/780/546
f 973/782/547 611/1675/546 610/783/548
f 974/784/549 610/783/548 609/785/550
f 975/786/551 609/785/550 608/787/552
f 976/788/553 608/787/552 607/789/554
f 977/790/555 607/789/554 606/791/556
f 606/791/556 605/1676/1240 979/793/558
f 979/794/558 605/1677/1240 604/795/559
f 604/797/559 603/800/562 981/798/561
f 603/800/562 602/1757/564 982/801/563
f 602/802/564 601/805/566 983/803/565
f 601/805/566 600/1682/1241 984/806/567
f 984/806/567 600/1682/1241 599/807/568
f 599/807/568 598/810/571 986/809/570
f 598/810/571 597/693/490 987/776/517
f 448/673/473 449/1758/476 579/811/572
f 579/813/572 578/1684/1242 1261/814/574
f 1261/814/574 578/1684/1242 577/816/575
f 577/816/575 576/819/578 1263/818/577
f 576/819/578 575/1685/1243 1264/820/579
f 1264/820/579 575/1685/1243 574/821/580
f 1265/822/581 574/821/580 573/823/582
f 1266/824/583 573/823/582 572/825/584
f 572/825/584 571/828/587 1268/827/586
f 571/828/587 570/830/589 1269/829/588
f 570/830/589 569/832/591 1270/831/590
f 569/832/591 568/834/593 1271/833/592
f 568/834/593 567/836/595 1272/835/594
f 567/836/595 566/838/597 1273/837/596
f 566/838/597 565/840/599 1274/839/598
f 565/840/599 564/842/601 1275/841/600
f 564/842/601 563/688/485 1276/774/541
f 462/843/463 461/934/457 1259/844/602
f 546/845/603 1259/844/602 1258/846/604
f 547/847/605 1258/846/604 1257/848/606
f 1257/848/606 1256/851/609 549/850/608
f 1256/851/609 1255/853/611 550/852/610
f 1255/853/611 1254/940/685 551/854/612
f 551/854/612 1254/940/685 1253/855/613
f 552/856/614 1253/855/613 1252/857/615
f 553/859/616 1252/1759/615 1251/860/617
f 554/862/618 1251/944/617 1250/863/619
f 555/864/620 1250/863/619 1249/865/621
f 556/866/622 1249/865/621 1248/867/623
f 557/868/624 1248/867/623 1247/869/625
f 558/870/626 1247/869/625 1246/871/627
f 559/872/628 1246/871/627 1245/873/629
f 1245/873/629 1244/950/694 561/875/631
f 561/875/631 1244/950/694 1243/769/483
f 475/625/439 474/619/435 1242/876/632
f 1022/878/633 1242/953/632 1241/879/634
f 1023/880/635 1241/879/634 1240/881/636
f 1024/883/637 1240/1760/636 1239/884/638
f 1025/886/639 1239/1761/638 1238/887/640
f 1026/889/641 1238/1762/640 1237/890/642
f 1027/892/643 1237/963/642 1236/893/644
f 1028/894/645 1236/893/644 1235/895/646
f 1029/897/647 1235/965/646 1234/898/648
f 1030/900/649 1234/1763/648 1233/901/650
f 1031/903/651 1233/969/650 1232/904/652
f 1232/904/652 1231/1764/655 1033/906/654
f 1231/907/655 1230/910/657 1034/908/656
f 1230/910/657 1229/912/659 1035/911/658
f 1229/912/659 1228/914/661 1036/913/660
f 1228/914/661 1227/916/663 1037/915/662
f 1227/916/663 1226/767/537 1038/737/520
f 447/666/468 448/673/473 1260/812/573
f 1209/918/664 1260/815/573 1261/814/574
f 1210/919/665 1261/814/574 1262/817/576
f 1262/817/576 1263/818/577 1212/921/667
f 1212/921/667 1263/818/577 1264/820/579
f 1213/922/668 1264/820/579 1265/822/581
f 1214/923/669 1265/822/581 1266/824/583
f 1215/924/670 1266/824/583 1267/826/585
f 1267/826/585 1268/827/586 1217/926/672
f 1268/827/586 1269/829/588 1218/927/673
f 1218/927/673 1269/829/588 1270/831/590
f 1270/831/590 1271/833/592 1220/929/675
f 1271/833/592 1272/835/594 1221/930/676
f 1272/835/594 1273/837/596 1222/931/677
f 1273/837/596 1274/839/598 1223/932/678
f 1274/839/598 1275/841/600 1224/933/679
f 1224/933/679 1275/841/600 1276/774/541
f 461/934/457 460/1001/454 1208/935/680
f 1208/935/680 1207/936/681 1258/846/604
f 1207/936/681 1206/937/682 1257/848/606
f 1206/937/682 1205/938/683 1256/851/609
f 1205/938/683 1204/939/684 1255/853/611
f 1204/939/684 1203/1007/730 1254/940/685
f 1254/940/685 1203/1007/730 1202/941/686
f 1253/855/613 1202/941/686 1201/942/687
f 1252/857/615 1201/942/687 1200/943/688
f 1251/944/617 1200/943/688 1199/945/689
f 1250/863/619 1199/945/689 1198/946/690
f 1198/946/690 1197/1013/736 1248/867/623
f 1248/867/623 1197/1013/736 1196/947/691
f 1247/869/625 1196/947/691 1195/948/692
f 1246/871/627 1195/948/692 1194/949/693
f 1194/949/693 1193/951/695 1244/950/694
f 1193/951/695 1192/763/483 1243/769/483
f 474/619/435 473/615/432 1191/952/696
f 1242/953/632 1191/1765/696 1190/954/697
f 1241/879/634 1190/954/697 1189/955/698
f 1189/956/698 1188/1766/744 1239/957/638
f 1239/959/638 1188/1023/744 1187/960/699
f 1238/961/640 1187/960/699 1186/962/700
f 1186/962/700 1185/1026/747 1236/893/644
f 1236/893/644 1185/1026/747 1184/964/701
f 1235/965/646 1184/1767/701 1183/966/702
f 1234/898/648 1183/966/702 1182/967/703
f 1233/969/650 1182/1768/703 1181/970/704
f 1181/971/704 1180/973/705 1231/907/655
f 1180/973/705 1179/974/706 1230/910/657
f 1179/974/706 1178/1036/754 1229/912/659
f 1229/912/659 1178/1036/754 1177/975/707
f 1177/975/707 1176/976/708 1227/916/663
f 1176/976/708 1175/761/533 1226/767/537
f 446/660/464 447/666/468 1209/917/664
f 1158/978/709 1209/1769/664 1210/979/665
f 1210/919/665 1211/920/666 1160/981/711
f 1211/920/666 1212/921/667 1161/983/712
f 1212/921/667 1213/922/668 1162/984/713
f 1162/985/713 1213/1770/668 1214/986/669
f 1163/987/714 1214/986/669 1215/988/670
f 1164/990/715 1215/924/670 1216/925/671
f 1165/991/716 1216/925/671 1217/926/672
f 1166/992/717 1217/926/672 1218/927/673
f 1167/993/718 1218/927/673 1219/928/674
f 1219/928/674 1220/929/675 1169/995/720
f 1220/929/675 1221/930/676 1170/996/721
f 1221/930/676 1222/931/677 1171/997/722
f 1222/931/677 1223/932/678 1172/998/723
f 1172/998/723 1223/932/678 1224/933/679
f 1173/999/724 1224/933/679 1225/770/538
f 459/1000/450 1157/1002/725 1208/935/680
f 1157/1002/725 1156/1003/726 1207/936/681
f 1156/1003/726 1155/1004/727 1206/937/682
f 1155/1004/727 1154/1005/728 1205/938/683
f 1154/1005/728 1153/1006/729 1204/939/684
f 1153/1006/729 1152/1065/778 1203/1007/730
f 1203/1007/730 1152/1065/778 1151/1008/731
f 1202/941/686 1151/1008/731 1150/1009/732
f 1201/942/687 1150/1009/732 1149/1010/733
f 1200/943/688 1149/1010/733 1148/1011/734
f 1148/1011/734 1147/1012/735 1198/946/690
f 1147/1012/735 1146/1071/784 1197/1013/736
f 1197/1013/736 1146/1071/784 1145/1014/737
f 1196/947/691 1145/1014/737 1144/1015/738
f 1195/948/692 1144/1015/738 1143/1016/739
f 1194/949/693 1143/1016/739 1142/1017/740
f 1142/1017/740 1141/757/483 1192/763/483
f 473/615/432 472/614/431 1140/1018/741
f 1191/952/696 1140/1018/741 1139/1019/742
f 1139/1021/742 1138/1079/791 1189/955/698
f 1189/955/698 1138/1079/791 1137/1022/743
f 1137/1022/743 1136/1024/745 1187/960/699
f 1136/1024/745 1135/1025/746 1186/962/700
f 1135/1025/746 1134/1083/795 1185/1026/747
f 1185/1026/747 1134/1083/795 1133/1027/748
f 1184/964/701 1133/1027/748 1132/1028/749
f 1183/966/702 1132/1086/749 1131/1030/750
f 1182/967/703 1131/1030/750 1130/1031/751
f 1130/1033/751 1129/1034/752 1180/973/705
f 1129/1034/752 1128/1035/753 1179/974/706
f 1128/1035/753 1127/1092/802 1178/1036/754
f 1178/1036/754 1127/1092/802 1126/1037/755
f 1126/1037/755 1125/1038/756 1176/976/708
f 1125/1038/756 1124/755/529 1175/761/533
f 445/661/458 446/660/464 1158/977/709
f 1158/977/709 1159/1771/710 1108/1040/758
f 1159/982/710 1160/981/711 1109/1041/759
f 1160/981/711 1161/983/712 1110/1043/760
f 1110/1043/760 1161/983/712 1162/984/713
f 1111/1045/761 1162/985/713 1163/987/714
f 1163/1047/714 1164/990/715 1113/1048/763
f 1113/1048/763 1164/990/715 1165/991/716
f 1114/1050/764 1165/991/716 1166/992/717
f 1115/1051/765 1166/992/717 1167/993/718
f 1116/1052/766 1167/993/718 1168/994/719
f 1168/994/719 1169/995/720 1118/1054/768
f 1169/995/720 1170/996/721 1119/1055/769
f 1170/996/721 1171/997/722 1120/1056/770
f 1120/1056/770 1171/997/722 1172/998/723
f 1121/1057/771 1172/998/723 1173/999/724
f 1122/1058/772 1173/999/724 1174/758/530
f 458/1059/443 1106/1060/773 1157/1002/725
f 1106/1060/773 1105/1061/774 1156/1003/726
f 1105/1061/774 1104/1062/775 1155/1004/727
f 1104/1062/775 1103/1063/776 1154/1005/728
f 1103/1063/776 1102/1064/777 1153/1006/729
f 1102/1064/777 1101/1125/826 1152/1065/778
f 1152/1065/778 1101/1125/826 1100/1066/779
f 1151/1008/731 1100/1066/779 1099/1067/780
f 1150/1009/732 1099/1067/780 1098/1068/781
f 1098/1068/781 1097/1069/782 1148/1011/734
f 1097/1069/782 1096/1070/783 1147/1012/735
f 1096/1070/783 1095/1072/785 1146/1071/784
f 1095/1072/785 1094/1132/833 1145/1014/737
f 1145/1014/737 1094/1132/833 1093/1073/786
f 1144/1015/738 1093/1073/786 1092/1074/787
f 1143/1016/739 1092/1074/787 1091/1075/788
f 1091/1075/788 1090/750/483 1141/757/483
f 471/1076/479 1089/1077/789 1140/1018/741
f 1089/1077/789 1088/1138/790 1139/1019/742
f 1088/1078/790 1087/1140/839 1138/1079/791
f 1138/1079/791 1087/1140/839 1086/1080/792
f 1086/1080/792 1085/1081/793 1136/1024/745
f 1085/1081/793 1084/1144/843 1135/1025/746
f 1135/1025/746 1084/1144/843 1083/1082/794
f 1134/1083/795 1083/1082/794 1082/1084/796
f 1133/1027/748 1082/1084/796 1081/1085/797
f 1132/1086/749 1081/1148/797 1080/1087/798
f 1131/1030/750 1080/1087/798 1079/1088/799
f 1079/1089/799 1078/1090/800 1129/1034/752
f 1078/1090/800 1077/1154/850 1128/1035/753
f 1128/1035/753 1077/1154/850 1076/1091/801
f 1127/1092/802 1076/1091/801 1075/1093/803
f 1075/1093/803 1074/1094/804 1125/1038/756
f 1074/1094/804 1073/748/526 1124/755/529
f 443/1095/459 445/1772/458 1107/1096/757
f 1107/1098/757 1108/1773/758 921/1099/806
f 1108/1101/758 1109/1774/759 922/1102/807
f 1109/1041/759 1110/1043/760 923/1104/808
f 923/1104/808 1110/1043/760 1111/1044/761
f 924/1107/809 1111/1045/761 1112/1046/762
f 1112/1049/762 1113/1048/763 926/1109/811
f 1113/1048/763 1114/1050/764 927/1111/812
f 927/1111/812 1114/1050/764 1115/1051/765
f 928/1112/813 1115/1051/765 1116/1052/766
f 929/1113/814 1116/1052/766 1117/1053/767
f 1117/1053/767 1118/1054/768 931/1115/816
f 1118/1054/768 1119/1055/769 932/1116/817
f 1119/1055/769 1120/1056/770 933/1117/818
f 933/1117/818 1120/1056/770 1121/1057/771
f 934/1118/819 1121/1057/771 1122/1058/772
f 935/1119/820 1122/1058/772 1123/751/527
f 458/1059/443 457/1226/441 1072/1120/821
f 1072/1120/821 1071/1121/822 1105/1061/774
f 1071/1121/822 1070/1122/823 1104/1062/775
f 1070/1122/823 1069/1123/824 1103/1063/776
f 1069/1123/824 1068/1124/825 1102/1064/777
f 1068/1124/825 1067/1126/827 1101/1125/826
f 1067/1126/827 1066/1233/917 1100/1066/779
f 1100/1066/779 1066/1233/917 1065/1127/828
f 1099/1067/780 1065/1127/828 1064/1128/829
f 1064/1128/829 1063/1129/830 1097/1069/782
f 1063/1129/830 1062/1130/831 1096/1070/783
f 1062/1130/831 1061/1131/832 1095/1072/785
f 1061/1131/832 1060/1133/834 1094/1132/833
f 1060/1133/834 1059/1240/924 1093/1073/786
f 1093/1073/786 1059/1240/924 1058/1134/835
f 1092/1074/787 1058/1134/835 1057/1135/836
f 1091/1075/788 1057/1135/836 1056/743/483
f 470/1136/474 1055/1137/837 1089/1077/789
f 1055/1137/837 1054/1245/838 1088/1138/790
f 1054/1139/838 1053/1141/840 1087/1140/839
f 1053/1141/840 1052/1142/841 1086/1080/792
f 1052/1142/841 1051/1251/930 1085/1081/793
f 1085/1081/793 1051/1251/930 1050/1143/842
f 1084/1144/843 1050/1143/842 1049/1145/844
f 1083/1082/794 1049/1145/844 1048/1146/845
f 1082/1084/796 1048/1146/845 1047/1147/846
f 1081/1148/797 1047/1257/846 1046/1149/847
f 1046/1150/847 1045/1775/936 1079/1089/799
f 1079/1089/799 1045/1775/936 1044/1152/848
f 1078/1090/800 1044/1152/848 1043/1153/849
f 1077/1154/850 1043/1153/849 1042/1155/851
f 1076/1091/801 1042/1155/851 1041/1156/852
f 1041/1156/852 1040/1157/853 1074/1094/804
f 1040/1157/853 1039/741/523 1073/748/526
f 444/1158/456 1021/1776/942 869/1159/854
f 869/1159/854 1021/1776/942 1020/1161/855
f 870/1162/856 1020/1161/855 1019/1163/857
f 871/1164/858 1019/1163/857 1018/1165/859
f 872/1166/860 1018/1165/859 1017/1167/861
f 1017/1169/861 1016/1276/864 874/1170/863
f 1016/1172/864 1015/1175/866 875/1173/865
f 1015/1175/866 1014/1177/868 876/1176/867
f 1014/1177/868 1013/1179/870 877/1178/869
f 1013/1179/870 1012/1283/943 878/1180/871
f 878/1180/871 1012/1283/943 1011/1181/872
f 879/1182/873 1011/1181/872 1010/1183/874
f 1010/1183/874 1009/1284/944 881/1185/876
f 881/1185/876 1009/1284/944 1008/1186/877
f 882/1187/878 1008/1186/877 1007/1188/879
f 883/1189/880 1007/1188/879 1006/1190/881
f 884/1191/882 1006/1190/881 1005/1192/522
f 483/1193/481 484/1345/453 919/1194/883
f 919/1196/883 918/1348/886 989/1197/885
f 918/1199/886 917/1351/979 990/1200/887
f 990/1200/887 917/1351/979 916/1202/888
f 991/1203/889 916/1202/888 915/1204/890
f 915/1204/890 914/1207/893 993/1206/892
f 914/1207/893 913/1353/980 994/1208/894
f 994/1208/894 913/1353/980 912/1209/895
f 995/1210/896 912/1209/895 911/1211/897
f 996/1212/898 911/1211/897 910/1213/899
f 910/1213/899 909/1356/981 998/1215/901
f 998/1215/901 909/1356/981 908/1216/902
f 999/1217/903 908/1216/902 907/1218/904
f 1000/1219/905 907/1218/904 906/1220/906
f 906/1220/906 905/1223/909 1002/1222/908
f 905/1223/909 904/1361/982 1003/1224/910
f 1003/1224/910 904/1361/982 903/729/489
f 456/1225/437 970/1227/911 1072/1120/821
f 970/1227/911 969/1228/912 1071/1121/822
f 969/1228/912 968/1229/913 1070/1122/823
f 968/1229/913 967/1230/914 1069/1123/824
f 967/1230/914 966/1231/915 1068/1124/825
f 966/1231/915 965/1232/916 1067/1126/827
f 965/1232/916 964/1316/961 1066/1233/917
f 1066/1233/917 964/1316/961 963/1234/918
f 1065/1127/828 963/1234/918 962/1235/919
f 962/1235/919 961/1236/920 1063/1129/830
f 961/1236/920 960/1237/921 1062/1130/831
f 960/1237/921 959/1238/922 1061/1131/832
f 959/1238/922 958/1239/923 1060/1133/834
f 958/1239/923 957/1320/962 1059/1240/924
f 1059/1240/924 957/1320/962 956/1241/925
f 1058/1134/835 956/1241/925 955/1242/926
f 1057/1135/836 955/1242/926 954/734/518
f 469/1243/470 953/1244/927 1055/1137/837
f 953/1244/927 952/1324/964 1054/1245/838
f 1054/1246/838 952/1325/964 951/1247/928
f 951/1247/928 950/1777/929 1052/1249/841
f 950/1250/929 949/1330/967 1051/1251/930
f 1051/1251/930 949/1330/967 948/1252/931
f 1050/1143/842 948/1252/931 947/1253/932
f 1049/1145/844 947/1253/932 946/1254/933
f 1048/1146/845 946/1254/933 945/1255/934
f 945/1256/934 944/1258/935 1046/1149/847
f 944/1258/935 943/1778/973 1045/1259/936
f 1045/1259/936 943/1778/973 942/1260/937
f 1044/1152/848 942/1340/937 941/1262/938
f 1043/1153/849 941/1262/938 940/1263/939
f 1042/1155/851 940/1263/939 939/1264/940
f 1041/1156/852 939/1264/940 938/1265/941
f 938/1265/941 937/731/506 1039/741/523
f 444/647/456 475/625/439 1022/877/633
f 1021/1266/942 1022/877/633 1023/1267/635
f 1023/1269/635 1024/1779/637 1019/1163/857
f 1019/1270/857 1024/1780/637 1025/1271/639
f 1018/1273/859 1025/1781/639 1026/1274/641
f 1017/1169/861 1026/1782/641 1027/892/643
f 1016/1276/864 1027/892/643 1028/894/645
f 1015/1277/866 1028/894/645 1029/896/647
f 1014/1279/868 1029/897/647 1030/899/649
f 1030/900/649 1031/902/651 1012/1281/943
f 1012/1283/943 1031/903/651 1032/905/653
f 1011/1181/872 1032/905/653 1033/906/654
f 1033/906/654 1034/1783/656 1009/1284/944
f 1034/908/656 1035/911/658 1008/1285/877
f 1035/911/658 1036/913/660 1007/1287/879
f 1036/913/660 1037/915/662 1006/1288/881
f 1037/915/662 1038/737/520 1005/739/522
f 483/1193/481 988/1195/884 886/1289/945
f 886/1291/945 988/1198/884 989/1197/885
f 887/1292/946 989/1197/885 990/1293/887
f 888/1295/947 990/1200/887 991/1203/889
f 889/1296/948 991/1203/889 992/1205/891
f 992/1205/891 993/1206/892 891/1298/950
f 993/1206/892 994/1208/894 892/1299/951
f 994/1208/894 995/1210/896 893/1300/952
f 893/1300/952 995/1210/896 996/1212/898
f 894/1301/953 996/1212/898 997/1214/900
f 895/1302/954 997/1214/900 998/1215/901
f 896/1303/955 998/1215/901 999/1217/903
f 897/1304/956 999/1217/903 1000/1219/905
f 898/1305/957 1000/1219/905 1001/1221/907
f 1001/1221/907 1002/1222/908 900/1307/959
f 1002/1222/908 1003/1224/910 901/1308/960
f 901/1308/960 1003/1224/910 1004/735/519
f 441/1309/436 971/1310/543 970/1227/911
f 971/1310/543 972/1311/545 969/1228/912
f 972/1311/545 973/1312/547 968/1229/913
f 973/1312/547 974/1313/549 967/1230/914
f 974/1313/549 975/1314/551 966/1231/915
f 975/1314/551 976/1784/553 965/1232/916
f 965/1232/916 976/1784/553 977/1315/555
f 977/1315/555 978/1317/557 963/1234/918
f 978/1317/557 979/1318/558 962/1235/919
f 979/1318/558 980/799/560 961/1236/920
f 980/799/560 981/798/561 960/1237/921
f 981/798/561 982/801/563 959/1238/922
f 982/801/563 983/1319/565 958/1239/923
f 983/1319/565 984/1785/567 957/1320/962
f 957/1320/962 984/1785/567 985/1321/569
f 956/1241/925 985/1321/569 986/1322/570
f 955/1242/926 986/1322/570 987/732/517
f 468/665/467 868/1323/963 953/1244/927
f 868/1323/963 867/1404/1016 952/1324/964
f 952/1325/964 867/1786/1016 866/1326/965
f 866/1327/965 865/1329/966 950/1250/929
f 865/1329/966 864/1331/968 949/1330/967
f 864/1331/968 863/1412/1021 948/1252/931
f 948/1252/931 863/1412/1021 862/1332/969
f 947/1253/932 862/1332/969 861/1333/970
f 946/1254/933 861/1333/970 860/1334/971
f 945/1256/934 860/1415/971 859/1335/972
f 859/1336/972 858/1339/974 943/1337/973
f 858/1339/974 857/1419/1026 942/1340/937
f 942/1340/937 857/1419/1026 856/1341/975
f 941/1262/938 856/1341/975 855/1342/976
f 940/1263/939 855/1342/976 854/1343/977
f 939/1264/940 854/1343/977 853/1344/978
f 853/1344/978 852/722/506 937/731/506
f 484/1345/453 443/1787/459 920/1346/805
f 920/1347/805 921/1103/806 918/1348/886
f 921/1103/806 922/1102/807 917/1349/979
f 922/1350/807 923/1788/808 916/1202/888
f 916/1202/888 923/1788/808 924/1107/809
f 915/1204/890 924/1107/809 925/1108/810
f 914/1207/893 925/1108/810 926/1352/811
f 926/1352/811 927/1789/812 912/1209/895
f 912/1209/895 927/1789/812 928/1354/813
f 928/1354/813 929/1790/814 910/1213/899
f 910/1213/899 929/1790/814 930/1355/815
f 909/1356/981 930/1355/815 931/1357/816
f 908/1216/902 931/1357/816 932/1358/817
f 907/1218/904 932/1358/817 933/1359/818
f 933/1359/818 934/1360/819 905/1223/909
f 934/1360/819 935/1362/820 904/1361/982
f 935/1362/820 936/727/516 903/729/489
f 482/1290/478 886/1289/945 835/1363/983
f 886/1291/945 887/1292/946 836/1365/984
f 836/1365/984 887/1292/946 888/1294/947
f 837/1367/985 888/1294/947 889/1368/948
f 838/1370/986 889/1296/948 890/1297/949
f 890/1297/949 891/1298/950 840/1372/988
f 891/1298/950 892/1299/951 841/1373/989
f 892/1299/951 893/1300/952 842/1374/990
f 893/1300/952 894/1301/953 843/1375/991
f 843/1375/991 894/1301/953 895/1302/954
f 895/1302/954 896/1303/955 845/1377/993
f 896/1303/955 897/1304/956 846/1378/994
f 897/1304/956 898/1305/957 847/1379/995
f 898/1305/957 899/1306/958 848/1380/996
f 899/1306/958 900/1307/959 849/1381/997
f 900/1307/959 901/1308/960 850/1382/998
f 850/1382/998 901/1308/960 902/725/514
f 455/1160/461 869/1159/854 818/1383/999
f 869/1159/854 870/1162/856 819/1385/1000
f 870/1162/856 871/1164/858 820/1386/1001
f 820/1386/1001 871/1164/858 872/1166/860
f 872/1166/860 873/1168/862 822/1388/1003
f 873/1168/862 874/1174/863 823/1389/1004
f 874/1390/863 875/1791/865 824/1391/1005
f 875/1173/865 876/1176/867 825/1393/1006
f 876/1176/867 877/1178/869 826/1395/1007
f 877/1178/869 878/1180/871 827/1396/1008
f 827/1396/1008 878/1180/871 879/1182/873
f 828/1397/1009 879/1182/873 880/1184/875
f 829/1398/1010 880/1184/875 881/1185/876
f 830/1399/1011 881/1185/876 882/1187/878
f 831/1400/1012 882/1187/878 883/1189/880
f 832/1401/1013 883/1189/880 884/1191/882
f 833/1402/1014 884/1191/882 885/745/524
f 467/657/462 800/1403/1015 868/1323/963
f 800/1403/1015 799/1405/1017 867/1404/1016
f 799/1405/1017 798/1792/1018 866/1406/965
f 798/1407/1018 797/1495/1092 865/1408/966
f 865/1329/966 797/1793/1092 796/1410/1019
f 864/1331/968 796/1410/1019 795/1411/1020
f 795/1411/1020 794/1413/1022 862/1332/969
f 794/1413/1022 793/1500/1093 861/1333/970
f 861/1333/970 793/1500/1093 792/1414/1023
f 860/1415/971 792/1502/1023 791/1416/1024
f 791/1416/1024 790/1504/1025 858/1417/974
f 790/1418/1025 789/1506/1094 857/1419/1026
f 857/1419/1026 789/1506/1094 788/1420/1027
f 856/1341/975 788/1420/1027 787/1421/1028
f 855/1342/976 787/1421/1028 786/1422/1029
f 854/1343/977 786/1422/1029 785/1423/1030
f 785/1423/1030 784/714/506 852/722/506
f 442/1424/449 466/1547/448 749/1425/1031
f 801/1426/1032 749/1425/1031 748/1427/1033
f 748/1427/1033 747/1550/1129 803/1429/1035
f 803/1429/1035 747/1550/1129 746/1430/1036
f 804/1431/1037 746/1430/1036 745/1432/1038
f 805/1433/1039 745/1432/1038 744/1434/1040
f 744/1434/1040 743/1437/1043 807/1436/1042
f 743/1437/1043 742/1439/1045 808/1438/1044
f 742/1439/1045 741/1556/1135 809/1440/1046
f 809/1440/1046 741/1556/1135 740/1441/1047
f 810/1442/1048 740/1441/1047 739/1443/1049
f 811/1444/1050 739/1443/1049 738/1445/1051
f 812/1446/1052 738/1445/1051 737/1447/1053
f 737/1447/1053 736/1450/1056 814/1449/1055
f 736/1450/1056 735/1562/1141 815/1451/1057
f 815/1451/1057 735/1562/1141 734/1452/1058
f 734/1452/1058 733/707/500 817/720/505
f 480/1454/465 481/1364/469 835/1363/983
f 767/1456/1060 835/1366/983 836/1365/984
f 768/1457/1061 836/1365/984 837/1367/985
f 769/1458/1062 837/1367/985 838/1369/986
f 770/1460/1063 838/1370/986 839/1371/987
f 839/1371/987 840/1372/988 772/1462/1065
f 840/1372/988 841/1373/989 773/1463/1066
f 841/1373/989 842/1374/990 774/1464/1067
f 842/1374/990 843/1375/991 775/1465/1068
f 843/1375/991 844/1376/992 776/1466/1069
f 844/1376/992 845/1377/993 777/1467/1070
f 845/1377/993 846/1378/994 778/1468/1071
f 846/1378/994 847/1379/995 779/1469/1072
f 847/1379/995 848/1380/996 780/1470/1073
f 848/1380/996 849/1381/997 781/1471/1074
f 849/1381/997 850/1382/998 782/1472/1075
f 782/1472/1075 850/1382/998 851/717/509
f 454/1473/445 818/1794/999 750/1474/1076
f 750/1475/1076 818/1383/999 819/1385/1000
f 819/1385/1000 820/1386/1001 752/1477/1078
f 820/1386/1001 821/1387/1002 753/1478/1079
f 821/1387/1002 822/1388/1003 754/1479/1080
f 822/1388/1003 823/1389/1004 755/1480/1081
f 823/1389/1004 824/1394/1005 756/1481/1082
f 824/1394/1005 825/1393/1006 757/1482/1083
f 757/1482/1083 825/1393/1006 826/1395/1007
f 826/1395/1007 827/1396/1008 759/1484/1085
f 827/1396/1008 828/1397/1009 760/1485/1086
f 760/1485/1086 828/1397/1009 829/1398/1010
f 761/1486/1087 829/1398/1010 830/1399/1011
f 762/1487/1088 830/1399/1011 831/1400/1012
f 763/1488/1089 831/1400/1012 832/1401/1013
f 832/1401/1013 833/1402/1014 765/1490/1091
f 765/1490/1091 833/1402/1014 834/723/512
f 442/637/449 801/1491/1032 800/1403/1015
f 801/1491/1032 802/1795/1034 799/1405/1017
f 802/1492/1034 803/1796/1035 798/1493/1018
f 803/1429/1035 804/1431/1037 797/1495/1092
f 797/1495/1092 804/1431/1037 805/1433/1039
f 796/1496/1019 805/1433/1039 806/1435/1041
f 806/1498/1041 807/1499/1042 794/1413/1022
f 807/1499/1042 808/1797/1044 793/1500/1093
f 793/1500/1093 808/1797/1044 809/1501/1046
f 792/1502/1023 809/1798/1046 810/1503/1048
f 810/1503/1048 811/1799/1050 790/1504/1025
f 811/1505/1050 812/1800/1052 789/1506/1094
f 789/1506/1094 812/1800/1052 813/1507/1054
f 788/1420/1027 813/1507/1054 814/1508/1055
f 787/1421/1028 814/1508/1055 815/1509/1057
f 786/1422/1029 815/1509/1057 816/1510/1059
f 816/1510/1059 817/712/505 784/714/506
f 480/1454/465 767/1455/1060 716/1511/1095
f 716/1513/1095 767/1456/1060 768/1457/1061
f 717/1514/1096 768/1457/1061 769/1458/1062
f 718/1515/1097 769/1458/1062 770/1459/1063
f 719/1517/1098 770/1460/1063 771/1461/1064
f 720/1518/1099 771/1461/1064 772/1462/1065
f 772/1462/1065 773/1463/1066 722/1520/1101
f 773/1463/1066 774/1464/1067 723/1521/1102
f 774/1464/1067 775/1465/1068 724/1522/1103
f 775/1465/1068 776/1466/1069 725/1523/1104
f 776/1466/1069 777/1467/1070 726/1524/1105
f 777/1467/1070 778/1468/1071 727/1525/1106
f 778/1468/1071 779/1469/1072 728/1526/1107
f 779/1469/1072 780/1470/1073 729/1527/1108
f 780/1470/1073 781/1471/1074 730/1528/1109
f 730/1528/1109 781/1471/1074 782/1472/1075
f 731/1529/1110 782/1472/1075 783/710/503
f 452/623/433 453/626/440 750/1474/1076
f 699/1531/1111 750/1475/1076 751/1476/1077
f 751/1476/1077 752/1477/1078 701/1533/1113
f 752/1477/1078 753/1478/1079 702/1534/1114
f 753/1478/1079 754/1479/1080 703/1535/1115
f 754/1479/1080 755/1480/1081 704/1536/1116
f 755/1480/1081 756/1481/1082 705/1537/1117
f 705/1537/1117 756/1481/1082 757/1482/1083
f 706/1538/1118 757/1482/1083 758/1483/1084
f 707/1539/1119 758/1483/1084 759/1484/1085
f 759/1484/1085 760/1485/1086 709/1541/1121
f 709/1541/1121 760/1485/1086 761/1486/1087
f 710/1542/1122 761/1486/1087 762/1487/1088
f 711/1543/1123 762/1487/1088 763/1488/1089
f 712/1544/1124 763/1488/1089 764/1489/1090
f 764/1489/1090 765/1490/1091 714/1546/1126
f 765/1490/1091 766/715/507 715/708/501
f 466/1547/448 465/1601/475 698/1548/1127
f 749/1425/1031 698/1548/1127 697/1549/1128
f 697/1549/1128 696/1605/1178 747/1550/1129
f 747/1550/1129 696/1605/1178 695/1551/1130
f 746/1430/1036 695/1551/1130 694/1552/1131
f 694/1552/1131 693/1553/1132 744/1434/1040
f 693/1553/1132 692/1554/1133 743/1437/1043
f 692/1554/1133 691/1555/1134 742/1439/1045
f 691/1555/1134 690/1557/1136 741/1556/1135
f 690/1557/1136 689/1614/1185 740/1441/1047
f 740/1441/1047 689/1614/1185 688/1558/1137
f 739/1443/1049 688/1558/1137 687/1559/1138
f 738/1445/1051 687/1559/1138 686/1560/1139
f 686/1560/1139 685/1561/1140 736/1450/1056
f 685/1561/1140 684/1619/1190 735/1562/1141
f 735/1562/1141 684/1619/1190 683/1563/1142
f 734/1452/1058 683/1563/1142 682/701/495
f 478/1564/455 479/1512/460 716/1511/1095
f 716/1513/1095 717/1514/1096 666/1566/1144
f 666/1566/1144 717/1514/1096 718/1515/1097
f 667/1568/1145 718/1515/1097 719/1516/1098
f 668/1570/1146 719/1517/1098 720/1518/1099
f 669/1571/1147 720/1518/1099 721/1519/1100
f 670/1572/1148 721/1519/1100 722/1520/1101
f 671/1573/1149 722/1520/1101 723/1521/1102
f 723/1521/1102 724/1522/1103 673/1575/1151
f 724/1522/1103 725/1523/1104 674/1576/1152
f 725/1523/1104 726/1524/1105 675/1577/1153
f 726/1524/1105 727/1525/1106 676/1578/1154
f 727/1525/1106 728/1526/1107 677/1579/1155
f 728/1526/1107 729/1527/1108 678/1580/1156
f 729/1527/1108 730/1528/1109 679/1581/1157
f 679/1581/1157 730/1528/1109 731/1529/1110
f 680/1582/1158 731/1529/1110 732/711/504
f 451/617/434 452/616/433 699/1583/1111
f 648/1585/1159 699/1531/1111 700/1532/1112
f 649/1586/1160 700/1532/1112 701/1533/1113
f 701/1533/1113 702/1534/1114 651/1588/1162
f 702/1534/1114 703/1535/1115 652/1589/1163
f 703/1535/1115 704/1536/1116 653/1590/1164
f 704/1536/1116 705/1537/1117 654/1591/1165
f 654/1591/1165 705/1537/1117 706/1538/1118
f 655/1592/1166 706/1538/1118 707/1539/1119
f 656/1593/1167 707/1539/1119 708/1540/1120
f 708/1540/1120 709/1541/1121 658/1595/1169
f 709/1541/1121 710/1542/1122 659/1596/1170
f 659/1596/1170 710/1542/1122 711/1543/1123
f 660/1597/1171 711/1543/1123 712/1544/1124
f 661/1598/1172 712/1544/1124 713/1545/1125
f 713/1545/1125 714/1546/1126 663/1600/1174
f 714/1546/1126 715/708/501 664/702/496
f 465/1601/475 464/1656/472 647/1602/1175
f 698/1548/1127 647/1602/1175 646/1603/1176
f 697/1549/1128 646/1603/1176 645/1604/1177
f 696/1605/1178 645/1604/1177 644/1606/1179
f 695/1551/1130 644/1606/1179 643/1607/1180
f 694/1552/1131 643/1607/1180 642/1608/1181
f 642/1608/1181 641/1609/1182 692/1554/1133
f 641/1609/1182 640/1610/1183 691/1555/1134
f 640/1610/1183 639/1664/1231 690/1557/1136
f 690/1611/1136 639/1665/1231 638/1612/1184
f 689/1614/1185 638/1667/1184 637/1615/1186
f 688/1558/1137 637/1615/1186 636/1616/1187
f 687/1559/1138 636/1616/1187 635/1617/1188
f 635/1617/1188 634/1618/1189 685/1561/1140
f 634/1618/1189 633/1672/1237 684/1619/1190
f 684/1619/1190 633/1672/1237 632/1620/1191
f 683/1563/1142 632/1620/1191 631/695/491
f 477/640/451 478/646/455 665/1567/1143
f 614/1621/1192 665/1567/1143 666/1566/1144
f 615/1622/1193 666/1566/1144 667/1568/1145
f 616/1624/1194 667/1801/1145 668/1570/1146
f 617/1625/1195 668/1570/1146 669/1571/1147
f 618/1626/1196 669/1571/1147 670/1572/1148
f 619/1627/1197 670/1572/1148 671/1573/1149
f 620/1628/1198 671/1573/1149 672/1574/1150
f 621/1629/1199 672/1574/1150 673/1575/1151
f 622/1630/1200 673/1575/1151 674/1576/1152
f 623/1631/1201 674/1576/1152 675/1577/1153
f 675/1577/1153 676/1578/1154 625/1633/1203
f 676/1578/1154 677/1579/1155 626/1634/1204
f 677/1579/1155 678/1580/1156 627/1635/1205
f 627/1635/1205 678/1580/1156 679/1581/1157
f 628/1636/1206 679/1581/1157 680/1582/1158
f 629/1637/1207 680/1582/1158 681/698/494
f 450/682/480 451/1753/434 648/1638/1159
f 580/1640/1208 648/1585/1159 649/1586/1160
f 581/1641/1209 649/1586/1160 650/1587/1161
f 650/1587/1161 651/1588/1162 583/1643/1211
f 651/1588/1162 652/1589/1163 584/1644/1212
f 652/1589/1163 653/1590/1164 585/1645/1213
f 585/1645/1213 653/1590/1164 654/1591/1165
f 586/1646/1214 654/1591/1165 655/1592/1166
f 587/1647/1215 655/1592/1166 656/1593/1167
f 656/1593/1167 657/1594/1168 589/1649/1217
f 657/1594/1168 658/1595/1169 590/1650/1218
f 590/1650/1218 658/1595/1169 659/1596/1170
f 659/1596/1170 660/1597/1171 592/1652/1220
f 592/1652/1220 660/1597/1171 661/1598/1172
f 593/1653/1221 661/1598/1172 662/1599/1173
f 662/1599/1173 663/1600/1174 595/1655/1223
f 663/1600/1174 664/702/496 596/696/492
f 464/1656/472 463/1691/466 545/1657/1224
f 647/1602/1175 545/1657/1224 544/1658/1225
f 646/1603/1176 544/1658/1225 543/1659/1226
f 645/1604/1177 543/1659/1226 542/1660/1227
f 542/1660/1227 541/1661/1228 643/1607/1180
f 541/1661/1228 540/1692/1244 642/1608/1181
f 642/1608/1181 540/1692/1244 539/1662/1229
f 641/1609/1182 539/1662/1229 538/1663/1230
f 538/1663/1230 537/1693/1245 639/1664/1231
f 639/1665/1231 537/1802/1245 536/1666/1232
f 638/1667/1184 536/1694/1232 535/1668/1233
f 637/1615/1186 535/1668/1233 534/1669/1234
f 636/1616/1187 534/1669/1234 533/1670/1235
f 533/1670/1235 532/1671/1236 634/1618/1189
f 532/1671/1236 531/1695/1246 633/1672/1237
f 633/1672/1237 531/1695/1246 530/1673/1238
f 632/1620/1191 530/1673/1238 529/687/484
f 476/633/446 477/640/451 614/1621/1192
f 613/778/544 614/1621/1192 615/1622/1193
f 612/1674/1239 615/1622/1193 616/1623/1194
f 616/1624/1194 617/1625/1195 610/783/548
f 610/783/548 617/1625/1195 618/1626/1196
f 618/1626/1196 619/1627/1197 608/787/552
f 608/787/552 619/1627/1197 620/1628/1198
f 607/789/554 620/1628/1198 621/1629/1199
f 606/791/556 621/1629/1199 622/1630/1200
f 605/1677/1240 622/1803/1200 623/1678/1201
f 604/795/559 623/1678/1201 624/1679/1202
f 624/1632/1202 625/1633/1203 602/802/564
f 625/1633/1203 626/1634/1204 601/805/566
f 601/805/566 626/1634/1204 627/1635/1205
f 600/1682/1241 627/1635/1205 628/1636/1206
f 628/1636/1206 629/1637/1207 598/810/571
f 598/810/571 629/1637/1207 630/691/488
f 449/677/476 450/682/480 580/1639/1208
f 579/813/572 580/1640/1208 581/1641/1209
f 578/1684/1242 581/1641/1209 582/1642/1210
f 582/1642/1210 583/1643/1211 576/819/578
f 583/1643/1211 584/1644/1212 575/1685/1243
f 584/1644/1212 585/1645/1213 574/821/580
f 574/821/580 585/1645/1213 586/1646/1214
f 573/823/582 586/1646/1214 587/1647/1215
f 572/825/584 587/1647/1215 588/1648/1216
f 571/828/587 588/1648/1216 589/1649/1217
f 589/1649/1217 590/1650/1218 569/832/591
f 590/1650/1218 591/1651/1219 568/834/593
f 568/1686/593 591/1804/1219 592/1687/1220
f 567/1688/595 592/1687/1220 593/1689/1221
f 566/838/597 593/1653/1221 594/1654/1222
f 594/1654/1222 595/1655/1223 564/842/601
f 595/1655/1223 596/696/492 563/688/485
f 462/843/463 546/845/603 545/1657/1224
f 546/845/603 547/847/605 544/1658/1225
f 544/1658/1225 547/847/605 548/849/607
f 548/849/607 549/850/608 542/1660/1227
f 549/850/608 550/852/610 541/1661/1228
f 550/852/610 551/854/612 540/1692/1244
f 540/1692/1244 551/854/612 552/856/614
f 539/1662/1229 552/856/614 553/858/616
f 553/858/616 554/862/618 537/1693/1245
f 554/862/618 555/864/620 536/1694/1232
f 536/1694/1232 555/864/620 556/866/622
f 535/1668/1233 556/866/622 557/868/624
f 557/868/624 558/870/626 533/1670/1235
f 558/870/626 559/872/628 532/1671/1236
f 532/1671/1236 559/872/628 560/874/630
f 560/874/630 561/875/631 530/1673/1238
f 530/1673/1238 561/875/631 562/685/482
