# Blender 5.0.1
# www.blender.org
o Cylinder.002
v 0.228190 0.002681 0.207660
v 0.461681 0.002681 0.207660
v 0.228190 0.002681 0.379253
v 0.461681 0.002681 0.379253
v 0.228190 0.151284 0.465049
v 0.461681 0.151284 0.465049
v 0.228190 0.299888 0.379253
v 0.461681 0.299888 0.379253
v 0.269375 0.595412 0.060479
v 0.457141 0.595412 0.060479
v 0.269375 0.595412 -0.051510
v 0.457141 0.595412 -0.051510
v 0.461681 0.299888 -0.368639
v 0.228190 0.299888 -0.368639
v 0.461681 0.002681 -0.197046
v 0.228190 0.002681 -0.197046
v 0.461681 0.002681 -0.368639
v 0.228190 0.002681 -0.368639
v 0.461681 0.151284 -0.454435
v 0.228190 0.151284 -0.454435
v 0.228190 0.012895 0.207660
v 0.461681 0.012895 0.207660
v 0.228190 0.011526 0.374146
v 0.461681 0.011526 0.374146
v 0.228190 0.151284 0.454835
v 0.461681 0.151284 0.454835
v 0.228190 0.293548 0.371245
v 0.461681 0.293521 0.371266
v 0.269375 0.585939 0.056662
v 0.457141 0.585908 0.056740
v 0.269375 0.585944 -0.047680
v 0.457141 0.585913 -0.047759
v 0.461681 0.293532 -0.360644
v 0.228190 0.293558 -0.360623
v 0.461681 0.012895 -0.197046
v 0.228190 0.012895 -0.197046
v 0.461681 0.011526 -0.363532
v 0.228190 0.011526 -0.363532
v 0.461681 0.151284 -0.444222
v 0.228190 0.151284 -0.444222
v -0.228190 0.002681 0.207660
v -0.461681 0.002681 0.207660
v -0.228190 0.002681 0.379253
v -0.461681 0.002681 0.379253
v -0.228190 0.151284 0.465049
v -0.461681 0.151284 0.465049
v -0.228190 0.299888 0.379253
v -0.461681 0.299888 0.379253
v -0.269375 0.595412 0.060479
v -0.457141 0.595412 0.060479
v -0.269375 0.595412 -0.051510
v -0.457141 0.595412 -0.051510
v -0.461681 0.299888 -0.368639
v -0.228190 0.299888 -0.368639
v -0.461681 0.002681 -0.197046
v -0.228190 0.002681 -0.197046
v -0.461681 0.002681 -0.368639
v -0.228190 0.002681 -0.368639
v -0.461681 0.151284 -0.454435
v -0.228190 0.151284 -0.454435
v -0.228190 0.012895 0.207660
v -0.461681 0.012894 0.207660
v -0.228190 0.011526 0.374146
v -0.461681 0.011526 0.374146
v -0.228190 0.151284 0.454835
v -0.461681 0.151284 0.454835
v -0.228190 0.293548 0.371245
v -0.461681 0.293521 0.371266
v -0.269375 0.585939 0.056662
v -0.457141 0.585908 0.056740
v -0.269375 0.585944 -0.047680
v -0.457141 0.585913 -0.047759
v -0.461681 0.293532 -0.360644
v -0.228190 0.293558 -0.360623
v -0.461681 0.012894 -0.197046
v -0.228190 0.012895 -0.197046
v -0.461681 0.011526 -0.363532
v -0.228190 0.011526 -0.363532
v -0.461681 0.151284 -0.444222
v -0.228190 0.151284 -0.444222
v 0.236267 0.148123 0.224329
v 0.420409 0.148123 0.152593
v 0.236267 0.093568 0.255826
v 0.420409 0.031442 0.219958
v 0.236267 0.093568 0.318821
v 0.420409 0.031442 0.354689
v 0.236267 0.148123 0.350319
v 0.420409 0.148123 0.422055
v 0.236267 0.202678 0.318821
v 0.420409 0.264803 0.354689
v 0.236267 0.202678 0.255826
v 0.420409 0.264803 0.219958
v 0.268748 0.488010 -0.058870
v 0.416829 0.488010 -0.071983
v 0.268748 0.433225 -0.027240
v 0.416829 0.421868 -0.033796
v 0.268748 0.433225 0.036021
v 0.416829 0.421868 0.042578
v 0.268748 0.488010 0.067652
v 0.416829 0.488010 0.080765
v 0.268748 0.542796 0.036021
v 0.416829 0.554152 0.042578
v 0.268748 0.542796 -0.027240
v 0.416829 0.554152 -0.033796
v 0.420409 0.264803 -0.344297
v 0.236267 0.202678 -0.308429
v 0.420409 0.264803 -0.209566
v 0.236267 0.202678 -0.245434
v 0.420409 0.148123 -0.142201
v 0.236267 0.148123 -0.213937
v 0.420409 0.031442 -0.209566
v 0.236267 0.093568 -0.245434
v 0.420409 0.031442 -0.344297
v 0.236267 0.093568 -0.308429
v 0.420409 0.148123 -0.411663
v 0.236267 0.148123 -0.339927
v 0.236267 0.148123 0.119317
v 0.236267 0.002625 0.203320
v 0.236267 0.002625 0.371327
v 0.236267 0.148123 0.455330
v 0.236267 0.293621 0.371327
v 0.236267 0.293621 0.203320
v 0.236267 0.293621 -0.192929
v 0.236267 0.293621 -0.360935
v 0.236267 0.148123 -0.108925
v 0.236267 0.002625 -0.192929
v 0.236267 0.002625 -0.360935
v 0.236267 0.148123 -0.444938
v 0.191506 0.148123 0.224329
v 0.191506 0.093568 0.255826
v 0.191506 0.093568 0.318821
v 0.191506 0.148123 0.350319
v 0.191506 0.202678 0.318821
v 0.191506 0.202678 0.255826
v 0.191506 0.202678 -0.245434
v 0.191506 0.202678 -0.308429
v 0.191506 0.148123 -0.213937
v 0.191506 0.093568 -0.245434
v 0.191506 0.093568 -0.308429
v 0.191506 0.148123 -0.339927
v 0.174833 0.148123 0.224329
v 0.174833 0.093568 0.255826
v 0.174833 0.093568 0.318821
v 0.174833 0.148123 0.350319
v 0.174833 0.093568 -0.245434
v 0.174833 0.148123 -0.213937
v 0.174833 0.093568 -0.308429
v 0.174833 0.148123 -0.339927
v 0.268748 0.488010 -0.105259
v 0.268748 0.393051 -0.050434
v 0.268748 0.393051 0.059215
v 0.268748 0.488010 0.114040
v 0.268748 0.582969 0.059215
v 0.268748 0.582969 -0.050434
v 0.192347 0.488010 -0.058870
v 0.192347 0.433224 -0.027240
v 0.192347 0.433224 0.036021
v 0.192347 0.488010 0.067652
v 0.192347 0.542796 0.036021
v 0.192347 0.542796 -0.027240
v 0.191506 0.148123 0.070132
v 0.191506 0.148123 -0.059740
v 0.174833 0.148123 -0.059740
v 0.174833 0.148123 0.070132
v 0.174833 0.093568 -0.062031
v 0.174833 0.093568 0.072423
v 0.191506 0.093568 -0.062031
v 0.191506 0.093568 0.072423
v 0.172931 0.488010 -0.058870
v 0.172931 0.433224 -0.027240
v 0.172931 0.433224 0.036021
v 0.172931 0.488010 0.067652
v -0.000000 0.353035 0.368562
v -0.000000 0.353035 -0.334929
v 0.122963 0.399028 -0.334929
v 0.198958 0.668274 0.368562
v 0.198958 0.668274 -0.334929
v -0.000000 0.834678 0.368562
v -0.000000 0.834678 -0.334929
v -0.122963 0.788685 0.368562
v -0.122963 0.788685 -0.334929
v -0.198958 0.519439 0.368562
v -0.198958 0.519439 -0.334929
v 0.288857 0.597339 0.345130
v 0.288857 0.648697 -0.336161
v 0.381914 0.635885 0.345130
v 0.345598 0.672200 -0.336161
v 0.420459 0.728941 0.345130
v 0.369101 0.728941 -0.336161
v 0.381914 0.821998 0.345130
v 0.345598 0.785682 -0.336161
v 0.288857 0.860543 0.345130
v 0.288857 0.809185 -0.336161
v 0.195800 0.821998 0.345130
v 0.232116 0.785682 -0.336161
v 0.157255 0.728941 0.345130
v 0.208613 0.728941 -0.336161
v 0.195800 0.635885 0.345130
v 0.232116 0.672200 -0.336161
v -0.000000 0.379859 -0.384993
v -0.000000 0.807854 -0.384993
v -0.176798 0.527728 -0.384993
v -0.109267 0.420729 -0.384993
v -0.000000 0.379859 -0.421605
v 0.176798 0.659985 -0.421605
v -0.000000 0.807854 -0.421605
v -0.176798 0.527728 -0.421605
v -0.109267 0.420729 -0.421605
v 0.084688 0.459672 -0.481786
v -0.000000 0.427995 -0.481786
v -0.000000 0.759718 -0.481786
v -0.084689 0.728041 -0.481786
v -0.137029 0.645110 -0.481786
v -0.000000 0.455338 -0.481786
v 0.070728 0.705921 -0.481786
v -0.000000 0.732375 -0.481786
v -0.070728 0.705921 -0.481786
v -0.114440 0.551052 -0.481786
v -0.000000 0.593857 -0.444865
v -0.000000 0.353035 0.428703
v 0.198958 0.668274 0.428704
v -0.000000 0.834678 0.428704
v -0.122963 0.788685 0.428704
v -0.122963 0.399028 0.428704
v 0.146682 0.399028 0.386862
v 0.418715 0.519439 0.386862
v 0.418715 0.668274 0.386862
v 0.146682 0.788685 0.386862
v 0.146682 0.399028 0.447003
v 0.418715 0.519439 0.447003
v 0.418715 0.668274 0.447003
v 0.146682 0.788685 0.447003
v -0.000000 0.402684 0.428703
v 0.152456 0.654827 0.428704
v 0.091999 0.750617 0.428704
v -0.000000 0.785028 0.428704
v 0.381914 0.635885 -0.314174
v 0.288857 0.597339 -0.314174
v 0.420459 0.728941 -0.314174
v 0.381914 0.821998 -0.314174
v 0.288857 0.860543 -0.314174
v 0.195800 0.821998 -0.314174
v 0.157255 0.728941 -0.314174
v 0.195800 0.635885 -0.314174
v 0.288857 0.728941 -0.107586
v 0.288857 0.728941 0.447654
v -0.000000 0.593857 0.268036
v 0.288857 0.578696 0.492216
v 0.395096 0.622702 0.492216
v 0.439102 0.728941 0.492216
v 0.395096 0.835181 0.492216
v 0.288857 0.879186 0.492216
v 0.182618 0.835181 0.492216
v 0.138612 0.728941 0.492216
v 0.182618 0.622702 0.492216
v 0.420409 0.002625 0.203320
v 0.420409 0.148123 0.119317
v 0.420409 0.002625 0.371327
v 0.420409 0.148123 0.455330
v 0.420409 0.293621 0.371327
v 0.420409 0.293621 0.203320
v 0.416829 0.393051 -0.050434
v 0.416829 0.488010 -0.105259
v 0.416829 0.393051 0.059215
v 0.416829 0.488010 0.114040
v 0.416829 0.582969 0.059215
v 0.416829 0.582969 -0.050434
v 0.420409 0.148123 -0.444938
v 0.420409 0.293621 -0.360935
v 0.420409 0.293621 -0.192929
v 0.420409 0.148123 -0.108925
v 0.420409 0.002625 -0.192929
v 0.420409 0.002625 -0.360935
v 0.394175 0.148123 0.287324
v 0.390595 0.488010 0.004391
v 0.394175 0.148123 -0.276932
v -0.000000 0.353035 0.122854
v -0.000000 0.353035 -0.122854
v 0.198958 0.519439 0.122854
v 0.198958 0.668274 -0.122854
v 0.198958 0.668274 0.122854
v -0.000000 0.834678 -0.122854
v -0.000000 0.834678 0.122854
v -0.122963 0.788685 -0.122854
v -0.122963 0.788685 0.122854
v -0.198958 0.668274 -0.122854
v -0.198958 0.668274 0.122854
v -0.122963 0.399028 -0.122854
v -0.122963 0.399028 0.122854
v -0.000000 0.421678 0.122854
v -0.000000 0.421678 -0.122854
v 0.122963 0.421678 0.122854
v -0.122963 0.421678 -0.122854
v -0.000000 0.349817 -0.123865
v -0.000000 0.457452 -0.105246
v 0.107271 0.349817 -0.061933
v -0.000000 0.349817 0.123865
v -0.000000 0.457452 0.105246
v -0.107271 0.349817 0.061933
v -0.000000 0.339689 -0.154094
v -0.000000 0.339689 0.154094
v -0.133450 0.339689 0.077047
v -0.133450 0.339689 -0.077047
v -0.000000 0.324045 -0.154094
v -0.000000 0.324045 0.154094
v -0.000000 0.322090 -0.115905
v 0.100376 0.322090 -0.057952
v 0.100376 0.322090 0.057952
v -0.000000 0.322090 0.115904
v -0.000000 0.335442 -0.000000
v -0.083866 0.856658 0.316844
v -0.000000 0.455338 -0.444865
v -0.000000 0.732375 -0.444865
v -0.114440 0.551052 -0.444865
v 0.345598 0.672200 -0.107586
v 0.288857 0.648697 -0.107586
v 0.369101 0.728941 -0.107586
v 0.345598 0.785682 -0.107586
v 0.288857 0.809185 -0.107586
v 0.232116 0.785682 -0.107586
v 0.208613 0.728941 -0.107586
v 0.232116 0.672200 -0.107586
v 0.288857 0.640245 0.467251
v 0.351574 0.666224 0.467251
v 0.377553 0.728941 0.467251
v 0.351574 0.791659 0.467251
v 0.288857 0.817637 0.467251
v 0.226139 0.791659 0.467251
v 0.200161 0.728941 0.467251
v 0.226139 0.666224 0.467251
v -0.000000 0.466084 0.268036
v 0.061489 0.698630 0.268036
v -0.000000 0.721629 0.268036
v -0.061489 0.698630 0.268036
v -0.101896 0.634607 0.268036
v -0.000000 0.335442 -0.088971
v 0.077051 0.335442 0.044486
v -0.000000 0.335442 0.088971
v -0.236267 0.148123 0.224329
v -0.420409 0.148123 0.152593
v -0.236267 0.093568 0.255826
v -0.420409 0.031442 0.219958
v -0.236267 0.093568 0.318821
v -0.420409 0.031442 0.354689
v -0.236267 0.148123 0.350319
v -0.420409 0.148123 0.422055
v -0.236267 0.202678 0.318821
v -0.420409 0.264803 0.354689
v -0.236267 0.202678 0.255826
v -0.420409 0.264803 0.219958
v -0.268748 0.488010 -0.058870
v -0.416829 0.488010 -0.071983
v -0.268748 0.433224 -0.027240
v -0.416829 0.421868 -0.033796
v -0.268748 0.433224 0.036021
v -0.416829 0.421868 0.042578
v -0.268748 0.488010 0.067652
v -0.416829 0.488010 0.080765
v -0.268748 0.542796 0.036021
v -0.416829 0.554152 0.042578
v -0.268748 0.542796 -0.027240
v -0.416829 0.554152 -0.033796
v -0.420409 0.264803 -0.344297
v -0.236267 0.202678 -0.308429
v -0.420409 0.264803 -0.209566
v -0.236267 0.202678 -0.245434
v -0.420409 0.148123 -0.142201
v -0.236267 0.148123 -0.213937
v -0.420409 0.031442 -0.209566
v -0.236267 0.093568 -0.245434
v -0.420409 0.031442 -0.344297
v -0.236267 0.093568 -0.308429
v -0.420409 0.148123 -0.411663
v -0.236267 0.148123 -0.339927
v -0.236267 0.148123 0.119317
v -0.236267 0.002625 0.203320
v -0.236267 0.002625 0.371327
v -0.236267 0.148123 0.455330
v -0.236267 0.293621 0.371327
v -0.236267 0.293621 0.203320
v -0.236267 0.293621 -0.192929
v -0.236267 0.293621 -0.360935
v -0.236267 0.148123 -0.108925
v -0.236267 0.002625 -0.192929
v -0.236267 0.002625 -0.360935
v -0.236267 0.148123 -0.444938
v -0.191506 0.148123 0.224329
v -0.191506 0.093568 0.255826
v -0.191506 0.093568 0.318821
v -0.191506 0.148123 0.350319
v -0.191506 0.202678 0.318821
v -0.191506 0.202678 0.255826
v -0.191506 0.202678 -0.245434
v -0.191506 0.202678 -0.308429
v -0.191506 0.148123 -0.213937
v -0.191506 0.093568 -0.245434
v -0.191506 0.093568 -0.308429
v -0.191506 0.148123 -0.339927
v -0.174833 0.148123 0.224329
v -0.174833 0.093568 0.255826
v -0.174833 0.093568 0.318821
v -0.174833 0.148123 0.350319
v -0.174833 0.093568 -0.245434
v -0.174833 0.148123 -0.213937
v -0.174833 0.093568 -0.308429
v -0.174833 0.148123 -0.339927
v -0.268748 0.488010 -0.105259
v -0.268748 0.393051 -0.050434
v -0.268748 0.393051 0.059215
v -0.268748 0.488010 0.114040
v -0.268748 0.582969 0.059215
v -0.268748 0.582969 -0.050434
v -0.192347 0.488010 -0.058870
v -0.192347 0.433224 -0.027240
v -0.192347 0.433224 0.036021
v -0.192347 0.488010 0.067652
v -0.192347 0.542796 0.036021
v -0.192347 0.542796 -0.027240
v -0.191506 0.148123 0.070132
v -0.191506 0.148123 -0.059740
v -0.174833 0.148123 -0.059740
v -0.174833 0.148123 0.070132
v -0.174833 0.093568 -0.062031
v -0.174833 0.093568 0.072423
v -0.191506 0.093568 -0.062031
v -0.191506 0.093568 0.072423
v -0.172931 0.488010 -0.058870
v -0.172931 0.433224 -0.027240
v -0.172931 0.433224 0.036021
v -0.172931 0.488010 0.067652
v -0.122963 0.399028 0.368562
v -0.122963 0.399028 -0.334929
v -0.198958 0.668274 0.368562
v -0.198958 0.668274 -0.334929
v 0.122963 0.788685 0.368562
v 0.122963 0.788685 -0.334929
v 0.198958 0.519439 0.368562
v 0.198958 0.519439 -0.334929
v 0.122963 0.399028 0.368562
v -0.288857 0.597339 0.345130
v -0.288857 0.648697 -0.336161
v -0.381914 0.635885 0.345130
v -0.345598 0.672200 -0.336161
v -0.420459 0.728941 0.345130
v -0.369101 0.728941 -0.336161
v -0.381914 0.821998 0.345130
v -0.345598 0.785682 -0.336161
v -0.288857 0.860543 0.345130
v -0.288857 0.809185 -0.336161
v -0.195800 0.821998 0.345130
v -0.232116 0.785682 -0.336161
v -0.157255 0.728941 0.345130
v -0.208613 0.728941 -0.336161
v -0.195800 0.635885 0.345130
v -0.232116 0.672200 -0.336161
v -0.176798 0.659985 -0.384993
v -0.109267 0.766984 -0.384993
v 0.109267 0.766984 -0.384993
v 0.176798 0.659985 -0.384993
v 0.176798 0.527728 -0.384993
v 0.109267 0.420729 -0.384993
v -0.176798 0.659985 -0.421605
v -0.109267 0.766984 -0.421605
v 0.109267 0.766984 -0.421605
v 0.176798 0.527728 -0.421605
v 0.109267 0.420729 -0.421605
v -0.084689 0.459672 -0.481786
v -0.137029 0.542603 -0.481786
v 0.084688 0.728041 -0.481786
v 0.137029 0.645110 -0.481786
v 0.137029 0.542603 -0.481786
v -0.070728 0.481792 -0.481786
v -0.114440 0.636661 -0.481786
v 0.114440 0.636661 -0.481786
v 0.114440 0.551052 -0.481786
v 0.070728 0.481792 -0.481786
v -0.198958 0.519439 0.428704
v -0.198958 0.668274 0.428704
v 0.122963 0.788685 0.428704
v 0.198958 0.519439 0.428704
v 0.122963 0.399028 0.428704
v -0.146682 0.399028 0.386862
v -0.418715 0.519439 0.386862
v -0.418715 0.668274 0.386862
v -0.146682 0.788685 0.386862
v -0.146682 0.399028 0.447003
v -0.418715 0.519439 0.447003
v -0.418715 0.668274 0.447003
v -0.146682 0.788685 0.447003
v -0.091999 0.437095 0.428704
v -0.152456 0.532886 0.428704
v -0.152456 0.654827 0.428704
v -0.091999 0.750617 0.428704
v 0.152456 0.532886 0.428704
v 0.091999 0.437095 0.428704
v -0.381914 0.635885 -0.314174
v -0.288857 0.597339 -0.314174
v -0.420459 0.728941 -0.314174
v -0.381914 0.821998 -0.314174
v -0.288857 0.860543 -0.314174
v -0.195800 0.821998 -0.314174
v -0.157255 0.728941 -0.314174
v -0.195800 0.635885 -0.314174
v -0.288857 0.728941 -0.107586
v -0.288857 0.728941 0.447654
v -0.288857 0.578696 0.492216
v -0.395096 0.622702 0.492216
v -0.439102 0.728941 0.492216
v -0.395096 0.835181 0.492216
v -0.288857 0.879186 0.492216
v -0.182618 0.835181 0.492216
v -0.138612 0.728941 0.492216
v -0.182618 0.622702 0.492216
v -0.420409 0.002625 0.203320
v -0.420409 0.148123 0.119317
v -0.420409 0.002625 0.371327
v -0.420409 0.148123 0.455330
v -0.420409 0.293621 0.371327
v -0.420409 0.293621 0.203320
v -0.416829 0.393051 -0.050434
v -0.416829 0.488010 -0.105259
v -0.416829 0.393051 0.059215
v -0.416829 0.488010 0.114040
v -0.416829 0.582969 0.059215
v -0.416829 0.582969 -0.050434
v -0.420409 0.148123 -0.444938
v -0.420409 0.293621 -0.360935
v -0.420409 0.293621 -0.192929
v -0.420409 0.148123 -0.108925
v -0.420409 0.002625 -0.192929
v -0.420409 0.002625 -0.360935
v -0.394175 0.148123 0.287324
v -0.390595 0.488010 0.004391
v -0.394175 0.148123 -0.276932
v -0.198958 0.519439 -0.122854
v -0.198958 0.519439 0.122854
v 0.122963 0.788685 -0.122854
v 0.122963 0.788685 0.122854
v 0.198958 0.519439 -0.122854
v 0.122963 0.399028 -0.122854
v 0.122963 0.399028 0.122854
v -0.122963 0.421678 0.122854
v 0.122963 0.421678 -0.122854
v -0.107271 0.349817 -0.061933
v -0.091146 0.457452 -0.052623
v -0.091146 0.457452 0.052623
v 0.107271 0.349817 0.061933
v 0.091146 0.457452 0.052623
v 0.091146 0.457452 -0.052623
v 0.133450 0.339689 0.077047
v 0.133450 0.339689 -0.077047
v -0.133450 0.324045 -0.077047
v -0.133450 0.324045 0.077047
v 0.133450 0.324045 0.077047
v 0.133450 0.324045 -0.077047
v -0.100376 0.322090 -0.057952
v -0.100376 0.322090 0.057952
v 0.083865 0.728832 0.316844
v 0.083865 0.856658 0.316844
v 0.083865 0.728832 -0.316844
v 0.083865 0.856658 -0.316844
v -0.083866 0.728832 0.316844
v -0.083866 0.728832 -0.316844
v -0.083866 0.856658 -0.316844
v -0.070728 0.481792 -0.444865
v -0.114440 0.636661 -0.444865
v -0.070728 0.705921 -0.444865
v 0.070728 0.705921 -0.444865
v 0.114440 0.636661 -0.444865
v 0.114440 0.551052 -0.444865
v 0.070728 0.481792 -0.444865
v -0.345598 0.672200 -0.107586
v -0.288857 0.648697 -0.107586
v -0.369101 0.728941 -0.107586
v -0.345598 0.785682 -0.107586
v -0.288857 0.809185 -0.107586
v -0.232116 0.785682 -0.107586
v -0.208613 0.728941 -0.107586
v -0.232116 0.672200 -0.107586
v -0.288857 0.640245 0.467251
v -0.351575 0.666224 0.467251
v -0.377553 0.728941 0.467251
v -0.351575 0.791659 0.467251
v -0.288857 0.817637 0.467251
v -0.226140 0.791659 0.467251
v -0.200161 0.728941 0.467251
v -0.226140 0.666224 0.467251
v -0.061489 0.489083 0.268036
v -0.101896 0.553106 0.268036
v 0.101896 0.634607 0.268036
v 0.101896 0.553106 0.268036
v 0.061489 0.489083 0.268036
v -0.077051 0.335442 -0.044486
v -0.077051 0.335442 0.044486
v 0.077051 0.335442 -0.044486
v -0.139414 0.732357 -0.197242
v -0.139414 0.902371 -0.197242
v -0.140085 0.898762 -0.204352
v -0.144916 0.897267 -0.201796
v -0.134861 0.902371 -0.202744
v -0.132304 0.905980 -0.197913
v -0.133912 0.907475 -0.192689
v -0.138744 0.905980 -0.190132
v -0.143967 0.902371 -0.191741
v -0.146524 0.898762 -0.196572
v -0.144916 0.732357 -0.201796
v -0.140085 0.732357 -0.204352
v -0.134861 0.732357 -0.202744
v -0.132304 0.732357 -0.197913
v -0.133912 0.732357 -0.192689
v -0.138744 0.732357 -0.190132
v -0.143967 0.732357 -0.191741
v -0.146524 0.732357 -0.196572
v -0.145186 0.900369 -0.191153
v -0.133927 0.874886 -0.246618
v -0.176371 0.862789 -0.229464
v -0.099314 0.904092 -0.232798
v -0.092806 0.933297 -0.196100
v -0.118216 0.945395 -0.158021
v -0.160660 0.933297 -0.140867
v -0.195273 0.904092 -0.154687
v -0.201781 0.874886 -0.191385
v -0.133249 0.872453 -0.261070
v -0.185055 0.857687 -0.240132
v -0.091000 0.908102 -0.244202
v -0.083056 0.943750 -0.199409
v -0.114072 0.958516 -0.152930
v -0.165878 0.943750 -0.131992
v -0.208128 0.908102 -0.148860
v -0.216071 0.872453 -0.193653
v -0.133642 0.872498 -0.269610
v -0.190383 0.856326 -0.246677
v -0.087369 0.911542 -0.251135
v -0.078669 0.950585 -0.202076
v -0.112639 0.966758 -0.151170
v -0.169380 0.950585 -0.128237
v -0.215653 0.911542 -0.146712
v -0.224353 0.872498 -0.195771
v -0.134142 0.872910 -0.276053
v -0.194453 0.855720 -0.251677
v -0.084957 0.914410 -0.256416
v -0.075710 0.955911 -0.204269
v -0.111817 0.973101 -0.150160
v -0.172128 0.955911 -0.125784
v -0.221313 0.914410 -0.145422
v -0.230560 0.872910 -0.197568
v -0.135173 0.874732 -0.277320
v -0.195484 0.857542 -0.252944
v -0.085988 0.916232 -0.257683
v -0.076741 0.957732 -0.205536
v -0.112849 0.974923 -0.151427
v -0.173159 0.957732 -0.127051
v -0.222344 0.916232 -0.146688
v -0.231591 0.874732 -0.198835
v -0.137094 0.882688 -0.223164
v -0.162789 0.875364 -0.212779
v -0.116139 0.900369 -0.214797
v -0.112199 0.918050 -0.192581
v -0.127583 0.925374 -0.169528
v -0.153278 0.918050 -0.159143
v -0.174233 0.900369 -0.167509
v -0.178173 0.882688 -0.189726
v -0.147638 0.904699 -0.194165
v -0.136382 0.879224 -0.249610
v -0.178811 0.867130 -0.232462
v -0.101779 0.908420 -0.235795
v -0.095274 0.937616 -0.199110
v -0.120676 0.949709 -0.161043
v -0.163106 0.937616 -0.143894
v -0.197708 0.908420 -0.157709
v -0.204213 0.879224 -0.194395
v -0.135704 0.876793 -0.264048
v -0.187486 0.862034 -0.243119
v -0.093474 0.912425 -0.247188
v -0.085534 0.948057 -0.202415
v -0.116536 0.962817 -0.155957
v -0.168319 0.948057 -0.135028
v -0.210549 0.912425 -0.151888
v -0.218488 0.876793 -0.196661
v -0.136097 0.876838 -0.272576
v -0.192807 0.860674 -0.249656
v -0.089848 0.915861 -0.254111
v -0.081153 0.954884 -0.205078
v -0.115105 0.971048 -0.154199
v -0.171815 0.954884 -0.131278
v -0.218064 0.915861 -0.149743
v -0.226759 0.876838 -0.198777
v -0.136596 0.877250 -0.279017
v -0.196876 0.860069 -0.254654
v -0.087437 0.918728 -0.259390
v -0.078195 0.960207 -0.207270
v -0.114283 0.977388 -0.153189
v -0.174563 0.960207 -0.128827
v -0.223722 0.918728 -0.148454
v -0.232964 0.877250 -0.200573
v -0.135276 0.874967 -0.276772
v -0.195174 0.857895 -0.252563
v -0.086427 0.916183 -0.257269
v -0.077243 0.957400 -0.205479
v -0.113104 0.974472 -0.151740
v -0.173002 0.957400 -0.127532
v -0.221850 0.916184 -0.147034
v -0.231034 0.874967 -0.198824
v -0.139547 0.887022 -0.226168
v -0.165237 0.879700 -0.215786
v -0.118597 0.904699 -0.217804
v -0.114658 0.922376 -0.195592
v -0.130038 0.929698 -0.172544
v -0.155728 0.922376 -0.162161
v -0.176678 0.904699 -0.170525
v -0.180617 0.887022 -0.192738
v 0.134373 0.693190 -0.398820
v 0.131916 0.697445 -0.491524
v 0.158337 0.734609 -0.398820
v 0.153416 0.734604 -0.491524
v 0.134449 0.775984 -0.398820
v 0.131985 0.771724 -0.491524
v 0.086597 0.775940 -0.398820
v 0.089054 0.771685 -0.491524
v 0.062632 0.734520 -0.398820
v 0.067554 0.734525 -0.491524
v 0.086520 0.693145 -0.398820
v 0.088985 0.697405 -0.491524
v 0.158337 0.734609 -0.491524
v 0.134373 0.693190 -0.491524
v 0.134449 0.775984 -0.491524
v 0.086597 0.775940 -0.491524
v 0.062632 0.734520 -0.491524
v 0.086520 0.693145 -0.491524
v 0.110485 0.734565 -0.483068
v 0.110485 0.734565 -0.371784
v 0.144608 0.734596 -0.483068
v 0.127519 0.705060 -0.483068
v 0.127574 0.764100 -0.483068
v 0.093450 0.764069 -0.483068
v 0.076362 0.734533 -0.483068
v 0.093396 0.705029 -0.483068
v 0.125923 0.707825 -0.371784
v 0.141410 0.734593 -0.371784
v 0.125972 0.761333 -0.371784
v 0.095047 0.761304 -0.371784
v 0.079559 0.734536 -0.371784
v 0.094997 0.707797 -0.371784
v 0.162359 0.518043 -0.464703
v 0.160845 0.507017 -0.454193
v 0.157004 0.506637 -0.439380
v 0.170380 0.539841 -0.448562
v 0.176106 0.527356 -0.441805
v 0.170565 0.513602 -0.438002
v 0.156742 0.543744 -0.454314
v 0.152901 0.543363 -0.439501
v 0.151388 0.532338 -0.428991
v 0.153087 0.517125 -0.428941
v 0.143181 0.536779 -0.455692
v 0.137641 0.523025 -0.451889
v 0.143366 0.510540 -0.445132
v 0.160659 0.533256 -0.464753
v 0.148545 0.522212 -0.447201
v 0.180239 0.492512 -0.514475
v 0.167457 0.516505 -0.435772
v 0.199152 0.486805 -0.503046
v 0.165824 0.537036 -0.445605
v 0.197519 0.507336 -0.512879
v 0.207877 0.486088 -0.524272
v 0.198602 0.476538 -0.516716
v 0.187907 0.478145 -0.505884
v 0.211891 0.506240 -0.504835
v 0.210130 0.493213 -0.496992
v 0.200196 0.481575 -0.497427
v 0.204446 0.513026 -0.516361
v 0.193750 0.514633 -0.505529
v 0.184476 0.505083 -0.497973
v 0.182055 0.489969 -0.498121
v 0.192157 0.509595 -0.524818
v 0.182223 0.497958 -0.525253
v 0.180462 0.484931 -0.517410
v 0.210297 0.501202 -0.524124
v 0.188664 0.481796 -0.509061
v 0.165117 0.463148 -0.540221
v 0.201688 0.488805 -0.523097
v 0.162765 0.457979 -0.574603
v 0.185569 0.500034 -0.517637
v 0.146646 0.469209 -0.569143
v -0.086473 0.364482 -0.083160
v -0.079177 0.371803 -0.082847
v -0.076335 0.382258 -0.075262
v -0.102758 0.382494 -0.076134
v -0.098931 0.389812 -0.083326
v -0.087987 0.389714 -0.082965
v -0.097225 0.372047 -0.065601
v -0.094383 0.382502 -0.058016
v -0.087087 0.389823 -0.057703
v -0.079612 0.389722 -0.064847
v -0.085573 0.364591 -0.057898
v -0.074629 0.364494 -0.057537
v -0.070802 0.371812 -0.064729
v -0.093948 0.364583 -0.076016
v -0.080332 0.373053 -0.065050
v -0.083992 0.329967 -0.122843
v -0.087745 0.390356 -0.078679
v -0.091405 0.347270 -0.136472
v -0.098489 0.382768 -0.072645
v -0.102149 0.339682 -0.130438
v -0.096634 0.333622 -0.150389
v -0.085767 0.335217 -0.144267
v -0.080188 0.339528 -0.131720
v -0.109601 0.352493 -0.139761
v -0.101126 0.357402 -0.140857
v -0.088943 0.352032 -0.137527
v -0.109404 0.340180 -0.134880
v -0.103825 0.344492 -0.122334
v -0.092958 0.346087 -0.116212
v -0.083167 0.344031 -0.120100
v -0.100649 0.327677 -0.129074
v -0.088465 0.322307 -0.125743
v -0.079990 0.327216 -0.126840
v -0.106425 0.335678 -0.146500
v -0.082744 0.337465 -0.131932
v -0.059678 0.300536 -0.130133
v -0.094542 0.332042 -0.144054
v -0.056415 0.270998 -0.141081
v -0.091335 0.330137 -0.125212
v -0.053208 0.269094 -0.122239
v 0.061495 0.364482 0.094906
v 0.054535 0.371803 0.097116
v 0.049263 0.382258 0.090966
v 0.074381 0.382494 0.082720
v 0.073254 0.389812 0.090788
v 0.062850 0.389714 0.094204
v 0.065570 0.372047 0.074725
v 0.060298 0.382502 0.068574
v 0.053338 0.389823 0.070784
v 0.048767 0.389722 0.080058
v 0.051983 0.364591 0.071486
v 0.041579 0.364494 0.074902
v 0.040452 0.371812 0.082970
v 0.066066 0.364583 0.085632
v 0.049514 0.373053 0.080002
v 0.072779 0.329967 0.133032
v 0.061152 0.390356 0.090261
v 0.084418 0.347270 0.143291
v 0.069174 0.382768 0.080907
v 0.092440 0.339682 0.133937
v 0.094104 0.333622 0.154569
v 0.081796 0.335217 0.152546
v 0.072252 0.339528 0.142676
v 0.102638 0.352493 0.140137
v 0.095054 0.357402 0.144074
v 0.082467 0.352032 0.145126
v 0.100778 0.340180 0.135620
v 0.091234 0.344492 0.125749
v 0.078925 0.346087 0.123727
v 0.071063 0.344031 0.130738
v 0.090562 0.327677 0.133170
v 0.077976 0.322307 0.134222
v 0.070391 0.327216 0.138159
v 0.101967 0.335678 0.147557
v 0.074725 0.337465 0.141998
v 0.052442 0.300536 0.148221
v 0.089966 0.332042 0.149336
v 0.053133 0.270998 0.159624
v 0.080489 0.330137 0.132738
v 0.043656 0.269094 0.143026
v 0.068298 0.364482 -0.091648
v 0.073276 0.371803 -0.086307
v 0.069978 0.382258 -0.078908
v 0.051765 0.382494 -0.098070
v 0.059538 0.389812 -0.100509
v 0.067082 0.389714 -0.092572
v 0.048316 0.372047 -0.086683
v 0.045018 0.382502 -0.079284
v 0.049997 0.389823 -0.073942
v 0.060336 0.389722 -0.073786
v 0.051212 0.364591 -0.073019
v 0.058757 0.364494 -0.065082
v 0.066530 0.371812 -0.067521
v 0.057959 0.364583 -0.091804
v 0.059965 0.373053 -0.074437
v 0.097910 0.329967 -0.118181
v 0.064247 0.390356 -0.089348
v 0.102193 0.347270 -0.133093
v 0.052358 0.382768 -0.092588
v 0.090304 0.339682 -0.136333
v 0.108232 0.333622 -0.146677
v 0.111679 0.335217 -0.134690
v 0.106850 0.339528 -0.121837
v 0.091536 0.352493 -0.148204
v 0.098343 0.357402 -0.143039
v 0.104687 0.352032 -0.132117
v 0.088252 0.340180 -0.144588
v 0.083423 0.344492 -0.131735
v 0.086870 0.346087 -0.119747
v 0.096574 0.344031 -0.115647
v 0.090415 0.327677 -0.134308
v 0.096759 0.322307 -0.123386
v 0.103566 0.327216 -0.118221
v 0.098528 0.335678 -0.150777
v 0.105178 0.337465 -0.123780
v 0.120349 0.300536 -0.106314
v 0.105278 0.332042 -0.140696
v 0.130356 0.270998 -0.111824
v 0.094342 0.330137 -0.125021
v 0.119420 0.269094 -0.096150
v -0.071545 0.364482 0.103075
v -0.077207 0.371803 0.098464
v -0.074952 0.382258 0.090683
v -0.054290 0.382494 0.107175
v -0.061656 0.389812 0.110654
v -0.070215 0.389714 0.103823
v -0.052430 0.372047 0.095424
v -0.050175 0.382502 0.087644
v -0.055837 0.389823 0.083033
v -0.066100 0.389722 0.084292
v -0.057167 0.364591 0.082284
v -0.065726 0.364494 0.075453
v -0.073092 0.371812 0.078932
v -0.061282 0.364583 0.101816
v -0.065643 0.373053 0.084885
v -0.097252 0.329967 0.133407
v -0.067847 0.390356 0.100242
v -0.099455 0.347270 0.148764
v -0.055626 0.382768 0.101827
v -0.087235 0.339682 0.150348
v -0.103581 0.333622 0.163047
v -0.108634 0.335217 0.151643
v -0.105608 0.339528 0.138251
v -0.086832 0.352493 0.162277
v -0.094282 0.357402 0.158090
v -0.102059 0.352032 0.148138
v -0.084074 0.340180 0.158245
v -0.081047 0.344492 0.144853
v -0.086101 0.346087 0.133449
v -0.096274 0.344031 0.130714
v -0.087622 0.327677 0.148358
v -0.095399 0.322307 0.138406
v -0.102849 0.327216 0.134219
v -0.093407 0.335678 0.165782
v -0.103686 0.337465 0.139947
v -0.121103 0.300536 0.124719
v -0.101472 0.332042 0.156718
v -0.130262 0.270998 0.131546
v -0.092781 0.330137 0.139695
v -0.121572 0.269094 0.114523
vn -0.0000 -1.0000 -0.0000
vn -0.0000 -0.5000 0.8660
vn -0.0000 1.0000 -0.0000
vn -0.0000 0.5000 -0.8660
vn -0.0000 -0.5000 -0.8660
vn -0.0000 0.5000 0.8660
vn -0.0000 0.7316 -0.6817
vn -0.0000 0.7333 0.6799
vn -0.0000 1.0000 0.0082
vn -0.0002 -1.0000 -0.0000
vn -0.0000 1.0000 -0.0082
vn -0.0000 -0.5066 0.8622
vn -0.0000 -0.5066 -0.8622
vn 0.0002 -0.7306 0.6828
vn -0.0000 -0.7325 -0.6808
vn -1.0000 -0.0000 -0.0000
vn 1.0000 -0.0000 -0.0000
vn 0.9999 0.0084 0.0067
vn -0.9949 0.0380 0.0938
vn 0.9999 0.0041 -0.0104
vn -0.9953 0.0757 -0.0599
vn 0.0002 -1.0000 -0.0000
vn -0.0000 -0.7307 0.6827
vn -0.0002 -0.7324 -0.6809
vn -0.9999 0.0041 0.0105
vn 0.9949 0.0380 0.0938
vn -0.9999 0.0041 -0.0104
vn 0.9949 0.0377 -0.0936
vn 0.9756 -0.1097 0.1900
vn 0.9756 -0.2194 -0.0000
vn 0.9296 -0.1843 0.3193
vn -0.0000 0.1133 -0.9936
vn -1.0000 -0.0067 -0.0000
vn -0.0000 0.1188 0.9929
vn 1.0000 -0.0029 -0.0000
vn 0.3503 -0.9366 -0.0000
vn 0.8457 -0.5337 -0.0000
vn 0.8457 0.5337 -0.0000
vn -0.3503 0.9366 -0.0000
vn -0.8457 0.5337 -0.0000
vn -0.3131 0.8371 -0.4485
vn -0.8457 -0.5337 -0.0000
vn -0.3503 -0.9366 -0.0000
vn 0.3827 -0.9239 -0.0000
vn 0.9239 -0.3827 -0.0000
vn 0.9239 0.3827 -0.0000
vn 0.3827 0.9239 -0.0000
vn -0.3827 0.9239 -0.0000
vn -0.9239 0.3827 -0.0000
vn -0.9239 -0.3827 -0.0000
vn -0.3827 -0.9239 -0.0000
vn -0.3801 -0.9176 -0.1163
vn 0.7675 0.4844 -0.4199
vn 0.3131 -0.8371 -0.4485
vn 0.9144 -0.0000 -0.4048
vn 0.7675 -0.4844 -0.4199
vn -0.3131 -0.8371 -0.4485
vn -0.7675 -0.4844 -0.4199
vn -0.9144 -0.0000 -0.4048
vn -0.7675 0.4844 -0.4199
vn 0.6958 -0.4391 -0.5683
vn -0.0000 -0.0000 -1.0000
vn -0.6958 -0.4391 -0.5683
vn -0.2804 0.7496 -0.5996
vn 0.8343 -0.0000 -0.5513
vn -0.2804 -0.7496 -0.5996
vn -0.6958 0.4391 -0.5683
vn 0.6958 0.4391 -0.5683
vn 0.2804 -0.7496 -0.5996
vn -0.8343 -0.0000 -0.5513
vn 0.0830 -0.0000 -0.9966
vn -0.0816 -0.1843 0.9795
vn 0.3503 0.9366 -0.0000
vn 0.4048 0.9144 -0.0000
vn 0.4048 -0.9144 -0.0000
vn -0.5700 0.3597 0.7387
vn 0.0816 0.1843 -0.9795
vn -0.0830 -0.0000 0.9966
vn 0.5700 -0.3597 -0.7387
vn -0.5700 -0.3597 0.7387
vn -0.0816 0.1843 0.9795
vn 0.1609 -0.3884 -0.9073
vn 0.3884 -0.1609 -0.9073
vn 0.3884 0.1609 -0.9073
vn 0.1609 0.3884 -0.9073
vn -0.1609 0.3884 -0.9073
vn -0.3884 0.1609 -0.9073
vn -0.3884 -0.1609 -0.9073
vn -0.1609 -0.3884 -0.9073
vn 0.3801 -0.9176 -0.1163
vn 0.9176 0.3801 -0.1163
vn -0.9176 0.3801 -0.1163
vn 0.3801 0.9176 -0.1163
vn -0.9176 -0.3801 -0.1163
vn 0.9176 -0.3801 -0.1163
vn -0.3801 0.9176 -0.1163
vn -0.0000 -0.0000 1.0000
vn 0.9539 -0.0000 0.3002
vn -0.3286 -0.8785 0.3467
vn 0.3286 -0.8785 0.3467
vn -0.9539 -0.0000 0.3002
vn 0.8023 -0.5063 0.3162
vn -0.8023 -0.5063 0.3162
vn -0.1538 0.3714 0.9156
vn -0.3714 0.1538 0.9156
vn -0.3714 -0.1538 0.9156
vn -0.1538 -0.3714 0.9156
vn 0.1538 -0.3714 0.9156
vn 0.3714 -0.1538 0.9156
vn 0.3714 0.1538 0.9156
vn 0.1538 0.3714 0.9156
vn 0.9756 -0.1097 -0.1900
vn 0.9296 0.1843 0.3193
vn 0.9756 0.1097 -0.1900
vn 0.9296 0.3687 -0.0000
vn 0.9756 0.1097 0.1900
vn 0.9756 0.2194 -0.0000
vn 0.9296 0.1843 -0.3193
vn 0.9296 -0.1843 -0.3193
vn 0.9296 -0.3687 -0.0000
vn 0.4945 0.1482 -0.8565
vn 0.9890 0.1482 -0.0000
vn -0.4945 0.1482 0.8565
vn -0.9890 0.1482 -0.0000
vn -0.1804 0.9326 -0.3125
vn -0.1804 0.9326 0.3125
vn 0.3608 0.9326 -0.0000
vn -0.3608 0.9326 -0.0000
vn 0.1804 0.9326 -0.3125
vn -0.5000 -0.0000 -0.8660
vn -0.5000 -0.0000 0.8660
vn 0.0295 -0.9983 0.0511
vn 0.0295 -0.9983 -0.0511
vn 0.0590 -0.9983 -0.0000
vn -0.4968 -0.8679 -0.0000
vn -0.2484 -0.8679 -0.4302
vn -0.2484 -0.8679 0.4302
vn -0.0890 0.2149 0.9726
vn -0.2149 0.0890 0.9726
vn -0.2149 -0.0890 0.9726
vn -0.0890 -0.2149 0.9726
vn 0.0890 -0.2149 0.9726
vn 0.2149 -0.0890 0.9726
vn 0.2149 0.0890 0.9726
vn 0.0890 0.2149 0.9726
vn -0.9756 -0.1097 0.1900
vn -0.9756 -0.2194 -0.0000
vn -0.9296 -0.1843 0.3193
vn 1.0000 -0.0067 -0.0000
vn -1.0000 -0.0029 -0.0000
vn 0.3131 0.8371 -0.4485
vn 0.2804 0.7496 -0.5996
vn -0.0830 -0.0000 -0.9966
vn 0.0816 -0.1843 0.9795
vn -0.4048 0.9144 -0.0000
vn -0.4048 -0.9144 -0.0000
vn 0.5700 0.3597 0.7387
vn -0.5700 0.3597 -0.7387
vn 0.0830 -0.0000 0.9966
vn -0.5700 -0.3597 -0.7387
vn 0.5700 -0.3597 0.7387
vn 0.0816 0.1843 0.9795
vn 0.3286 0.8785 0.3467
vn 0.8023 0.5063 0.3162
vn -0.8023 0.5063 0.3162
vn -0.3286 0.8785 0.3467
vn -0.9756 -0.1097 -0.1900
vn -0.9296 0.1843 0.3193
vn -0.9756 0.1097 -0.1900
vn -0.9296 0.3687 -0.0000
vn -0.9756 0.1097 0.1900
vn -0.9756 0.2194 -0.0000
vn -0.9296 0.1843 -0.3193
vn -0.9296 -0.1843 -0.3193
vn -0.9296 -0.3687 -0.0000
vn -0.4945 0.1482 -0.8565
vn 0.4945 0.1482 0.8565
vn 0.1804 0.9326 0.3125
vn 0.5000 -0.0000 -0.8660
vn 0.5000 -0.0000 0.8660
vn -0.0295 -0.9983 0.0511
vn -0.0295 -0.9983 -0.0511
vn -0.0590 -0.9983 -0.0000
vn 0.4968 -0.8679 -0.0000
vn 0.2484 -0.8679 -0.4302
vn 0.2484 -0.8679 0.4302
vn -0.4677 -0.0000 -0.8839
vn 0.2943 -0.0000 -0.9557
vn 0.8839 -0.0000 -0.4677
vn 0.9557 -0.0000 0.2942
vn 0.4677 -0.0000 0.8839
vn -0.2943 -0.0000 0.9557
vn -0.8839 -0.0000 0.4677
vn -0.9557 -0.0000 -0.2943
vn -0.4479 0.8136 -0.3707
vn 0.1768 -0.5843 0.7921
vn 0.6055 -0.6715 0.4271
vn 0.3817 -0.8604 0.3377
vn 0.2532 -0.8604 0.4423
vn 0.2953 -0.6716 0.6796
vn 0.5697 -0.5933 0.5687
vn 0.5276 -0.7822 0.3314
vn 0.2174 -0.7822 0.5839
vn 0.4412 -0.5933 0.6733
vn 0.2676 -0.9634 -0.0174
vn 0.6748 -0.4423 0.5908
vn 0.5984 -0.7850 0.1602
vn 0.0355 -0.7850 0.6185
vn 0.4416 -0.4424 0.7806
vn 0.7397 -0.5843 0.3338
vn 0.3336 -0.9270 0.1717
vn 0.1004 -0.9270 0.3615
vn -0.2316 -0.7407 0.6306
vn -0.0713 -0.9634 0.2585
vn 0.0396 -0.4654 0.8842
vn 0.7634 -0.2591 0.5917
vn 0.6524 -0.7571 -0.0340
vn -0.1657 -0.7571 0.6319
vn 0.4245 -0.2591 0.8676
vn 0.8578 -0.4654 0.2183
vn 0.4148 -0.1953 0.8887
vn 0.8894 -0.4212 0.1775
vn 0.2429 -0.9667 -0.0806
vn -0.1282 -0.9667 0.2215
vn -0.0067 -0.4212 0.9069
vn 0.7860 -0.1953 0.5865
vn 0.6645 -0.7407 -0.0989
vn 0.4215 -0.7445 0.5178
vn -0.1768 0.5843 -0.7920
vn -0.6055 0.6716 -0.4271
vn -0.3817 0.8604 -0.3377
vn -0.2532 0.8604 -0.4423
vn -0.2953 0.6716 -0.6796
vn -0.5697 0.5933 -0.5687
vn -0.5276 0.7822 -0.3314
vn -0.2175 0.7822 -0.5839
vn -0.4412 0.5933 -0.6733
vn -0.2676 0.9634 0.0174
vn -0.6747 0.4424 -0.5908
vn -0.5984 0.7850 -0.1603
vn -0.0355 0.7850 -0.6185
vn -0.4416 0.4424 -0.7806
vn -0.7397 0.5843 -0.3338
vn -0.3336 0.9269 -0.1717
vn -0.1004 0.9269 -0.3615
vn 0.2317 0.7407 -0.6306
vn 0.0713 0.9634 -0.2585
vn -0.0396 0.4654 -0.8842
vn -0.7634 0.2591 -0.5917
vn -0.6524 0.7571 0.0341
vn 0.1658 0.7571 -0.6319
vn -0.4245 0.2591 -0.8676
vn -0.8578 0.4654 -0.2183
vn -0.4148 0.1953 -0.8887
vn -0.8894 0.4212 -0.1775
vn -0.2429 0.9667 0.0806
vn 0.1283 0.9667 -0.2215
vn 0.0067 0.4212 -0.9069
vn -0.7860 0.1953 -0.5866
vn -0.6645 0.7407 0.0989
vn -0.4215 0.7445 -0.5178
vn -0.4214 0.7445 -0.5178
vn -0.1405 -0.6113 -0.7788
vn 0.5335 -0.2500 -0.8080
vn 0.8933 0.2609 -0.3661
vn 0.7279 0.6222 0.2881
vn 0.1343 0.6222 0.7712
vn -0.5397 0.2609 0.8004
vn -0.8994 -0.2500 0.3585
vn -0.7341 -0.6113 -0.2956
vn 0.8656 -0.5008 -0.0000
vn 0.8660 0.5000 -0.0000
vn -0.0009 1.0000 -0.0000
vn -0.8656 0.5008 -0.0000
vn 0.6430 -0.3720 -0.6694
vn -0.8660 -0.5000 -0.0000
vn 0.0009 -1.0000 -0.0000
vn 0.7612 0.4395 0.4769
vn -0.6429 -0.3712 -0.6700
vn 0.6429 0.3712 -0.6700
vn 0.0007 -0.7429 -0.6694
vn -0.6430 0.3720 -0.6694
vn -0.0007 0.7429 -0.6694
vn -0.7612 -0.4395 0.4769
vn 0.7611 -0.4404 0.4763
vn -0.0008 0.8793 0.4763
vn 0.0008 -0.8793 0.4763
vn -0.7611 0.4404 0.4763
vn 0.8405 -0.4298 -0.3298
vn 0.4361 0.7114 -0.5511
vn 0.4474 -0.8895 0.0932
vn 0.8368 0.0917 -0.5397
vn 0.4683 0.0552 0.8819
vn 0.2400 0.9669 0.0870
vn 0.2513 -0.6340 0.7313
vn 0.4646 0.5767 0.6720
vn -0.8368 -0.0917 0.5397
vn -0.4474 0.8895 -0.0932
vn -0.4361 -0.7114 0.5511
vn -0.8405 0.4298 0.3298
vn -0.4646 -0.5767 -0.6720
vn -0.2513 0.6340 -0.7313
vn -0.2400 -0.9669 -0.0870
vn -0.4683 -0.0552 -0.8819
vn -0.5197 0.6637 -0.5379
vn -0.3958 0.3709 0.8401
vn 0.3958 -0.3709 -0.8401
vn -0.3958 -0.8944 0.2084
vn 0.9155 0.2307 0.3295
vn 0.7542 -0.6478 0.1069
vn 0.8152 0.5403 -0.2085
vn 0.1017 -0.9646 0.2435
vn 0.9867 -0.1576 -0.0403
vn -0.0398 -0.0034 0.9992
vn 0.3970 0.8798 0.2615
vn -0.3165 -0.6251 0.7135
vn 0.1927 0.4869 0.8520
vn -0.9867 0.1576 0.0403
vn -0.1017 0.9646 -0.2435
vn -0.8152 -0.5403 0.2085
vn -0.7542 0.6478 -0.1069
vn -0.1927 -0.4869 -0.8520
vn 0.3165 0.6251 -0.7135
vn -0.3970 -0.8798 -0.2615
vn 0.0398 0.0034 -0.9992
vn -0.8252 0.1195 0.5521
vn 0.5441 0.4309 0.7200
vn -0.5267 -0.8346 0.1615
vn 0.5441 -0.8344 0.0882
vn 0.2811 0.7149 -0.6403
vn 0.0331 0.0097 -0.9994
vn -0.8969 -0.4409 0.0338
vn 0.6561 0.3182 -0.6843
vn -0.6553 -0.3268 -0.6811
vn 0.0091 0.9999 -0.0047
vn -0.9062 -0.0576 0.4189
vn 0.6468 0.7015 -0.2993
vn -0.6793 0.6635 0.3137
vn 0.6553 0.3268 0.6811
vn -0.6561 -0.3182 0.6843
vn 0.8969 0.4409 -0.0338
vn -0.0331 -0.0097 0.9994
vn 0.6793 -0.6635 -0.3137
vn -0.6468 -0.7015 0.2993
vn 0.9062 0.0576 -0.4189
vn -0.0091 -0.9999 0.0047
vn -0.5618 -0.6458 0.5170
vn 0.0032 0.6196 0.7849
vn -0.0032 -0.6196 -0.7849
vn 0.9470 0.2258 -0.2283
vn -0.6688 0.6157 -0.4166
vn 0.4029 0.4051 -0.8207
vn -0.9725 -0.0992 -0.2108
vn 0.8083 0.3442 -0.4777
vn -0.2949 0.3070 -0.9049
vn 0.3115 0.8985 0.3093
vn -0.9218 0.1300 0.3652
vn 0.8214 0.5703 -0.0104
vn -0.3894 0.7813 0.4878
vn 0.2949 -0.3070 0.9049
vn -0.8083 -0.3442 0.4777
vn 0.9725 0.0992 0.2108
vn -0.4029 -0.4051 0.8207
vn 0.3894 -0.7813 -0.4878
vn -0.8214 -0.5703 0.0104
vn 0.9218 -0.1300 -0.3652
vn -0.3115 -0.8985 -0.3093
vn 0.4149 0.3010 0.8587
vn -0.5551 0.8128 0.1766
vn 0.9752 0.1631 -0.1495
vn 0.5953 0.3362 -0.7298
vn -0.8466 -0.5243 0.0911
vn 0.3118 0.0097 0.9501
vn 0.8309 -0.4409 -0.3395
vn -0.3815 0.3182 0.8679
vn 0.8491 -0.3268 0.4149
vn -0.0069 0.9999 0.0075
vn 0.7075 -0.0576 -0.7044
vn -0.5048 0.7015 0.5030
vn 0.5304 0.6635 -0.5277
vn -0.8491 0.3268 -0.4149
vn 0.3815 -0.3182 -0.8679
vn -0.8309 0.4409 0.3395
vn -0.3118 -0.0097 -0.9501
vn -0.5304 -0.6635 0.5277
vn 0.5048 -0.7015 -0.5030
vn -0.7075 0.0576 0.7044
vn 0.0069 -0.9999 -0.0075
vn 0.3503 -0.6458 -0.6784
vn -0.2723 0.6196 -0.7362
vn 0.2723 -0.6196 0.7362
vn -0.8112 0.2258 0.5394
vn 0.7712 0.6157 0.1619
vn -0.0969 0.4051 0.9091
vn 0.9858 -0.0992 -0.1356
vn -0.5954 0.3442 0.7260
vn 0.5874 0.3070 0.7488
vn -0.3987 0.8985 -0.1836
vn 0.7406 0.1300 -0.6593
vn -0.7680 0.5703 0.2916
vn 0.1985 0.7813 -0.5918
vn -0.5874 -0.3070 -0.7488
vn 0.5954 -0.3442 -0.7260
vn -0.9858 0.0992 0.1356
vn 0.0969 -0.4051 -0.9091
vn -0.1985 -0.7813 0.5918
vn 0.7680 -0.5703 -0.2916
vn -0.7406 -0.1300 0.6593
vn 0.3987 -0.8985 0.1836
vn -0.6843 0.3010 -0.6642
vn 0.4608 0.8128 -0.3564
vn -0.8647 0.1631 0.4750
vn -0.3088 0.3362 0.8897
vn 0.7640 -0.5243 -0.3760
vn 0.7248 0.0097 -0.6888
vn -0.6628 -0.4409 -0.6052
vn 0.9476 0.3182 -0.0272
vn 0.0111 -0.3268 -0.9450
vn 0.0097 0.9999 0.0030
vn -0.9396 -0.0576 -0.3374
vn 0.6708 0.7015 0.2406
vn -0.7041 0.6635 -0.2532
vn -0.0111 0.3268 0.9450
vn -0.9476 -0.3182 0.0272
vn 0.6628 0.4409 0.6052
vn -0.7248 -0.0097 0.6888
vn 0.7041 -0.6635 0.2532
vn -0.6708 -0.7015 -0.2406
vn 0.9396 0.0576 0.3374
vn -0.0097 -0.9999 -0.0030
vn -0.7631 -0.6458 -0.0258
vn -0.5485 0.6196 0.5615
vn 0.5485 -0.6196 -0.5615
vn 0.8350 0.2258 0.5018
vn -0.1842 0.6157 -0.7662
vn 0.8629 0.4051 -0.3020
vn -0.5449 -0.0992 -0.8326
vn 0.9111 0.3442 0.2269
vn 0.4249 0.3070 -0.8516
vn 0.0049 0.8985 0.4389
vn -0.9130 0.1300 -0.3866
vn 0.5925 0.5703 0.5689
vn -0.6197 0.7813 0.0743
vn -0.4248 -0.3070 0.8516
vn -0.9111 -0.3442 -0.2269
vn 0.5449 0.0992 0.8326
vn -0.8629 -0.4051 0.3020
vn 0.6197 -0.7813 -0.0743
vn -0.5925 -0.5703 -0.5689
vn 0.9130 -0.1300 0.3866
vn -0.0049 -0.8985 -0.4389
vn -0.3069 0.3010 0.9029
vn -0.5195 0.8128 -0.2637
vn 0.7997 0.1631 0.5778
vn 0.9362 0.3362 -0.1023
vn -0.6671 -0.5243 -0.5292
vn -0.6239 0.0097 0.7815
vn 0.7393 -0.4409 0.5089
vn -0.9350 0.3182 0.1565
vn 0.1183 -0.3268 0.9377
vn -0.0100 0.9999 -0.0017
vn 0.9769 -0.0576 0.2058
vn -0.6974 0.7015 -0.1466
vn 0.7321 0.6635 0.1545
vn -0.1183 0.3268 -0.9377
vn 0.9350 -0.3182 -0.1565
vn -0.7393 0.4409 -0.5089
vn 0.6239 -0.0097 -0.7815
vn -0.7321 -0.6635 -0.1545
vn 0.6974 -0.7015 0.1466
vn -0.9769 0.0576 -0.2058
vn 0.0100 -0.9999 0.0017
vn 0.7594 -0.6458 -0.0787
vn 0.4666 0.6196 -0.6312
vn -0.4666 -0.6196 0.6312
vn -0.8957 0.2258 -0.3830
vn 0.2872 0.6157 0.7338
vn -0.8136 0.4051 0.4172
vn 0.6536 -0.0992 0.7503
vn -0.9335 0.3442 -0.1002
vn -0.3044 0.3070 0.9017
vn -0.0649 0.8985 -0.4341
vn 0.9573 0.1300 0.2582
vn -0.6647 0.5703 -0.4826
vn 0.6038 0.7813 -0.1583
vn 0.3044 -0.3070 -0.9017
vn 0.9336 -0.3442 0.1002
vn -0.6536 0.0992 -0.7503
vn 0.8136 -0.4051 -0.4172
vn -0.6038 -0.7813 0.1583
vn 0.6647 -0.5703 0.4826
vn -0.9573 -0.1300 -0.2582
vn 0.0649 -0.8985 0.4341
vn 0.1806 0.3010 -0.9364
vn 0.5506 0.8128 0.1902
vn -0.8712 0.1631 -0.4630
vn -0.9134 0.3362 0.2293
vn 0.7332 -0.5243 0.4330
vn 0.0002 -0.7324 -0.6809
vn 0.9999 0.0041 0.0105
vn -0.9953 0.0760 0.0600
vn 0.9999 0.0084 -0.0067
vn -0.9949 0.0377 -0.0936
vn -0.0002 -0.7306 0.6828
vn -0.9999 0.0084 0.0067
vn 0.9953 0.0760 0.0600
vn -0.9999 0.0084 -0.0067
vn 0.9953 0.0757 -0.0599
vn 0.5700 0.3597 -0.7387
vn 0.0816 -0.1843 -0.9795
vn -0.0816 0.1843 -0.9795
vn -0.0816 -0.1843 -0.9795
vn 0.2942 -0.0000 -0.9557
vn 0.9557 -0.0000 0.2943
vn 0.2953 -0.6715 0.6796
vn 0.6748 -0.4424 0.5908
vn 0.4416 -0.4423 0.7806
vn -0.2317 -0.7407 0.6306
vn -0.4412 0.5933 -0.6732
vn 0.1657 0.7571 -0.6319
vn -0.8578 0.4654 -0.2182
vn 0.5336 -0.2500 -0.8080
vn 0.7612 0.4395 0.4768
vn -0.7612 -0.4395 0.4768
vn -0.7542 0.6479 -0.1069
vn -0.4249 -0.3070 0.8516
vn 0.1182 -0.3268 0.9377
vn -0.8135 0.4051 0.4172
vt 0.745521 0.586337
vt 0.698404 0.629331
vt 0.698404 0.586352
vt 0.899300 0.482791
vt 0.849060 0.519848
vt 0.852962 0.482908
vt 0.099495 0.594967
vt 0.137384 0.566912
vt 0.137384 0.594971
vt 0.745521 0.441988
vt 0.698404 0.484982
vt 0.698404 0.442002
vt 0.183382 0.878089
vt 0.234431 0.840951
vt 0.222336 0.878367
vt 0.195476 0.840673
vt 0.222336 0.803907
vt 0.899300 0.557248
vt 0.895398 0.519731
vt 0.099699 0.487013
vt 0.146814 0.487017
vt 0.099699 0.674391
vt 0.051920 0.807018
vt 0.004799 0.765304
vt 0.051915 0.765308
vt 0.372787 0.862313
vt 0.345413 0.826687
vt 0.384365 0.827190
vt 0.473824 0.704643
vt 0.511714 0.730786
vt 0.473824 0.730778
vt 0.051915 0.663912
vt 0.004804 0.622194
vt 0.051920 0.622199
vt 0.852955 0.346482
vt 0.895558 0.381641
vt 0.849220 0.381851
vt 0.849220 0.311205
vt 0.899293 0.346279
vt 0.345410 0.897331
vt 0.333834 0.861809
vt 0.511699 0.624517
vt 0.511714 0.704612
vt 0.511699 0.807843
vt 0.464582 0.807852
vt 0.183382 0.069282
vt 0.185598 0.027571
vt 0.185941 0.069282
vt 0.004799 0.413101
vt 0.007004 0.454779
vt 0.004799 0.456065
vt 0.220613 0.004799
vt 0.183382 0.026292
vt 0.041845 0.477414
vt 0.041845 0.474857
vt 0.257844 0.026297
vt 0.220613 0.007358
vt 0.078892 0.455799
vt 0.077304 0.453805
vt 0.331939 0.106085
vt 0.329567 0.133182
vt 0.329565 0.107041
vt 0.152656 0.375750
vt 0.150288 0.348658
vt 0.152656 0.347710
vt 0.078892 0.268538
vt 0.041845 0.249746
vt 0.041845 0.247189
vt 0.004799 0.311769
vt 0.007004 0.270075
vt 0.007345 0.311760
vt 0.183382 0.170675
vt 0.185598 0.212385
vt 0.183382 0.213664
vt 0.004799 0.268805
vt 0.220613 0.235162
vt 0.220613 0.232603
vt 0.257844 0.213669
vt 0.256258 0.211661
vt 0.077307 0.270545
vt 0.331939 0.134142
vt 0.150287 0.374823
vt 0.256256 0.028303
vt 0.007345 0.413092
vt 0.185941 0.170675
vt 0.751102 0.192129
vt 0.703985 0.149163
vt 0.751102 0.149149
vt 0.895398 0.435559
vt 0.852962 0.398736
vt 0.899300 0.398619
vt 0.654462 0.084696
vt 0.692351 0.112758
vt 0.654462 0.112754
vt 0.751102 0.047779
vt 0.703985 0.004813
vt 0.751102 0.004799
vt 0.849719 0.690762
vt 0.876579 0.728456
vt 0.837625 0.728178
vt 0.837625 0.653718
vt 0.888674 0.691040
vt 0.852962 0.473193
vt 0.849060 0.435676
vt 0.694387 0.004804
vt 0.692351 0.084700
vt 0.694387 0.192182
vt 0.647271 0.192177
vt 0.441079 0.758082
vt 0.393969 0.799787
vt 0.393964 0.758078
vt 0.899749 0.230759
vt 0.849220 0.265381
vt 0.860796 0.230258
vt 0.574849 0.759942
vt 0.612739 0.733776
vt 0.612739 0.759911
vt 0.441084 0.614972
vt 0.393964 0.656682
vt 0.393969 0.614968
vt 0.755120 0.911668
vt 0.805193 0.876103
vt 0.801457 0.911471
vt 0.758855 0.876306
vt 0.801458 0.840825
vt 0.899749 0.301403
vt 0.888172 0.265882
vt 0.573002 0.653673
vt 0.620119 0.653665
vt 0.573002 0.837000
vt 0.424784 0.276162
vt 0.394727 0.247206
vt 0.395461 0.244760
vt 0.185598 0.267532
vt 0.183382 0.309243
vt 0.183382 0.266253
vt 0.353814 0.254441
vt 0.220613 0.247319
vt 0.220613 0.244760
vt 0.355559 0.256310
vt 0.341490 0.295523
vt 0.257844 0.266257
vt 0.341490 0.404684
vt 0.361692 0.422860
vt 0.360627 0.425179
vt 0.329511 0.373234
vt 0.331891 0.346117
vt 0.331891 0.374174
vt 0.220613 0.472564
vt 0.257844 0.453630
vt 0.220613 0.475123
vt 0.183382 0.410636
vt 0.185598 0.452346
vt 0.183382 0.453625
vt 0.520787 0.382203
vt 0.493943 0.350225
vt 0.523266 0.381627
vt 0.509197 0.420840
vt 0.510942 0.422709
vt 0.469295 0.432389
vt 0.329510 0.347054
vt 0.343862 0.403765
vt 0.185941 0.309243
vt 0.492088 0.351969
vt 0.697706 0.877460
vt 0.716585 0.841409
vt 0.728427 0.877679
vt 0.610161 0.929320
vt 0.573002 0.971412
vt 0.573002 0.929331
vt 0.930140 0.846839
vt 0.889775 0.883099
vt 0.893595 0.846931
vt 0.820796 0.772519
vt 0.820796 0.806092
vt 0.791667 0.789915
vt 0.685864 0.914094
vt 0.716585 0.914313
vt 0.321181 0.641833
vt 0.312148 0.626057
vt 0.321181 0.626054
vt 0.945366 0.225397
vt 0.962343 0.201902
vt 0.970071 0.225573
vt 0.393964 0.955062
vt 0.421428 0.984952
vt 0.393964 0.984944
vt 0.921656 0.929430
vt 0.889775 0.953110
vt 0.892268 0.929505
vt 0.919163 0.953035
vt 0.892268 0.977083
vt 0.165171 0.836367
vt 0.135942 0.853211
vt 0.136042 0.820191
vt 0.933578 0.056493
vt 0.961049 0.086372
vt 0.933578 0.086374
vt 0.937638 0.249307
vt 0.962343 0.249483
vt 0.156413 0.653727
vt 0.171829 0.669578
vt 0.156413 0.669576
vt 0.333834 0.907439
vt 0.370992 0.949535
vt 0.333834 0.949532
vt 0.028472 0.900816
vt 0.044961 0.910319
vt 0.029000 0.920128
vt 0.937203 0.747499
vt 0.896838 0.783759
vt 0.900659 0.747591
vt 0.723022 0.923912
vt 0.685864 0.966004
vt 0.685864 0.923923
vt 0.837613 0.919743
vt 0.880177 0.883327
vt 0.868335 0.919962
vt 0.849455 0.883108
vt 0.868335 0.847058
vt 0.435467 0.968662
vt 0.438495 0.982451
vt 0.431027 0.982398
vt 0.937203 0.820400
vt 0.933383 0.783667
vt 0.755120 0.921266
vt 0.792277 0.963362
vt 0.755120 0.963359
vt 0.930140 0.919740
vt 0.926319 0.883007
vt 0.672288 0.711551
vt 0.635835 0.716812
vt 0.658620 0.703659
vt 0.658620 0.687877
vt 0.635835 0.674721
vt 0.672288 0.679987
vt 0.672288 0.653678
vt 0.685957 0.687879
vt 0.708742 0.674726
vt 0.708742 0.716817
vt 0.685957 0.703661
vt 0.672288 0.737860
vt 0.149616 0.718195
vt 0.172401 0.747133
vt 0.149616 0.733977
vt 0.135948 0.683994
vt 0.172401 0.705042
vt 0.122280 0.718193
vt 0.135948 0.710303
vt 0.122280 0.733975
vt 0.099495 0.705037
vt 0.135948 0.768176
vt 0.099495 0.747128
vt 0.135948 0.741867
vt 0.008108 0.970576
vt 0.006232 0.957023
vt 0.009541 0.957015
vt 0.742157 0.879458
vt 0.745521 0.911024
vt 0.742157 0.911024
vt 0.364224 0.972695
vt 0.356773 0.959156
vt 0.365657 0.959134
vt 0.032463 0.970592
vt 0.035490 0.984381
vt 0.028022 0.984328
vt 0.016991 0.970554
vt 0.018424 0.956993
vt 0.321181 0.500500
vt 0.312148 0.484724
vt 0.321181 0.484721
vt 0.080746 0.959387
vt 0.089779 0.975171
vt 0.080746 0.975170
vt 0.018424 0.984327
vt 0.431027 0.955062
vt 0.442935 0.968715
vt 0.028022 0.956993
vt 0.039930 0.970645
vt 0.365657 0.986468
vt 0.355341 0.972717
vt 0.801876 0.969630
vt 0.810908 0.985414
vt 0.801876 0.985413
vt 0.974412 0.375954
vt 0.960744 0.352280
vt 0.974412 0.360172
vt 0.298067 0.982076
vt 0.311736 0.958403
vt 0.311736 0.974186
vt 0.464582 0.465661
vt 0.478250 0.441988
vt 0.478250 0.473553
vt 0.464582 0.607026
vt 0.478250 0.583353
vt 0.478250 0.614918
vt 0.464582 0.511609
vt 0.478250 0.512184
vt 0.312148 0.500503
vt 0.308784 0.484725
vt 0.450683 0.614968
vt 0.454047 0.646534
vt 0.450683 0.646534
vt 0.312148 0.641835
vt 0.308784 0.626058
vt 0.438495 0.955116
vt 0.445716 0.968735
vt 0.745521 0.840826
vt 0.742157 0.840825
vt 0.312148 0.580119
vt 0.308784 0.580120
vt 0.640758 0.324347
vt 0.654358 0.362333
vt 0.640758 0.370268
vt 0.207173 0.931286
vt 0.183382 0.929171
vt 0.193447 0.923360
vt 0.183382 0.901700
vt 0.193447 0.907511
vt 0.207173 0.887966
vt 0.207173 0.899588
vt 0.220899 0.907513
vt 0.230964 0.901703
vt 0.230964 0.929174
vt 0.220899 0.923362
vt 0.207173 0.942908
vt 0.065372 0.707352
vt 0.062957 0.693743
vt 0.066810 0.693733
vt 0.080534 0.707314
vt 0.081973 0.693695
vt 0.718340 0.725083
vt 0.735546 0.738831
vt 0.722799 0.738740
vt 0.731087 0.752625
vt 0.718340 0.752535
vt 0.081973 0.721145
vt 0.955156 0.977291
vt 0.939738 0.961450
vt 0.955156 0.961446
vt 0.654358 0.252598
vt 0.640758 0.290682
vt 0.640758 0.244760
vt 0.654358 0.291206
vt 0.308784 0.546442
vt 0.308784 0.500504
vt 0.312148 0.546441
vt 0.450683 0.685167
vt 0.464582 0.545295
vt 0.478250 0.544722
vt 0.738590 0.653697
vt 0.731087 0.725174
vt 0.735808 0.653678
vt 0.549677 0.520738
vt 0.061783 0.622203
vt 0.065092 0.622194
vt 0.726475 0.233478
vt 0.740201 0.209706
vt 0.740201 0.225555
vt 0.549677 0.536587
vt 0.563404 0.512815
vt 0.563404 0.544513
vt 0.738785 0.738854
vt 0.981771 0.846839
vt 0.985689 0.878538
vt 0.981771 0.878538
vt 0.725416 0.314922
vt 0.654358 0.323724
vt 0.862280 0.836962
vt 0.887240 0.784106
vt 0.887240 0.837225
vt 0.448761 0.027123
vt 0.477248 0.079568
vt 0.448761 0.080224
vt 0.477248 0.026468
vt 0.514352 0.079435
vt 0.514352 0.026335
vt 0.545901 0.079874
vt 0.089939 0.200637
vt 0.064947 0.147572
vt 0.089934 0.147503
vt 0.439162 0.196122
vt 0.408896 0.143136
vt 0.439162 0.142990
vt 0.408896 0.196268
vt 0.371606 0.143133
vt 0.064952 0.200706
vt 0.089838 0.213220
vt 0.067635 0.213281
vt 0.371606 0.196265
vt 0.341537 0.142983
vt 0.837613 0.784120
vt 0.837613 0.837240
vt 0.776538 0.230258
vt 0.795390 0.395626
vt 0.776489 0.395398
vt 0.250493 0.485002
vt 0.272322 0.649800
vt 0.249899 0.650080
vt 0.272916 0.484721
vt 0.296296 0.650080
vt 0.381673 0.817088
vt 0.363027 0.651847
vt 0.381658 0.651905
vt 0.363042 0.817030
vt 0.344103 0.651905
vt 0.622964 0.643991
vt 0.599589 0.478887
vt 0.622953 0.478812
vt 0.076137 0.731002
vt 0.061518 0.788115
vt 0.061518 0.730883
vt 0.599599 0.644066
vt 0.576324 0.478812
vt 0.757882 0.230485
vt 0.757833 0.395626
vt 0.755120 0.432389
vt 0.540767 0.014357
vt 0.545901 0.026774
vt 0.862365 0.771460
vt 0.884545 0.771694
vt 0.479761 0.014085
vt 0.512732 0.013966
vt 0.454447 0.014667
vt 0.862280 0.783842
vt 0.346992 0.208632
vt 0.341537 0.196115
vt 0.373712 0.208765
vt 0.433743 0.208637
vt 0.406848 0.208767
vt 0.813175 0.031526
vt 0.837026 0.014454
vt 0.828293 0.035169
vt 0.346992 0.217804
vt 0.512732 0.004799
vt 0.840446 0.771708
vt 0.862365 0.762290
vt 0.540767 0.005190
vt 0.373712 0.217938
vt 0.874016 0.035495
vt 0.862955 0.020181
vt 0.865284 0.014656
vt 0.356781 0.232835
vt 0.067636 0.222454
vt 0.089658 0.237543
vt 0.072449 0.237591
vt 0.828293 0.060851
vt 0.813175 0.064661
vt 0.840446 0.762537
vt 0.862519 0.747499
vt 0.406848 0.217940
vt 0.424018 0.232839
vt 0.403173 0.232940
vt 0.837026 0.081690
vt 0.824441 0.091547
vt 0.884545 0.762524
vt 0.879709 0.747681
vt 0.377490 0.232938
vt 0.061900 0.973576
vt 0.070992 0.987935
vt 0.061744 0.987932
vt 0.865284 0.081891
vt 0.851155 0.082876
vt 0.862955 0.076333
vt 0.874016 0.061177
vt 0.870247 0.059033
vt 0.839355 0.076164
vt 0.851155 0.013469
vt 0.839355 0.020013
vt 0.870247 0.037585
vt 0.851155 0.089726
vt 0.832062 0.037313
vt 0.171817 0.303097
vt 0.162255 0.286677
vt 0.171499 0.286710
vt 0.171505 0.329991
vt 0.162340 0.312696
vt 0.171590 0.312696
vt 0.162255 0.265335
vt 0.171499 0.265368
vt 0.070992 0.959390
vt 0.071148 0.973578
vt 0.162572 0.247189
vt 0.171817 0.247222
vt 0.632379 0.064866
vt 0.621898 0.060077
vt 0.636962 0.060081
vt 0.617315 0.064862
vt 0.632107 0.089826
vt 0.617043 0.089821
vt 0.222625 0.726474
vt 0.183382 0.763541
vt 0.183382 0.726252
vt 0.434194 0.497627
vt 0.454983 0.460238
vt 0.454983 0.522147
vt 0.617315 0.114488
vt 0.632379 0.114493
vt 0.371606 0.020017
vt 0.341537 0.004799
vt 0.371606 0.004949
vt 0.408896 0.020019
vt 0.408896 0.004952
vt 0.439162 0.019873
vt 0.439162 0.004805
vt 0.089923 0.024383
vt 0.064935 0.009384
vt 0.089921 0.009315
vt 0.114560 0.009384
vt 0.114561 0.024452
vt 0.119347 0.019867
vt 0.173782 0.004980
vt 0.173783 0.020048
vt 0.173778 0.908259
vt 0.158720 0.871101
vt 0.173778 0.871155
vt 0.622608 0.004799
vt 0.981218 0.904194
vt 0.985803 0.934112
vt 0.981218 0.934761
vt 0.222625 0.763762
vt 0.228767 0.794031
vt 0.401679 0.479377
vt 0.228767 0.696409
vt 0.235304 0.696398
vt 0.985794 0.945072
vt 0.981218 0.974791
vt 0.981218 0.944359
vt 0.422468 0.441988
vt 0.369858 0.474368
vt 0.275679 0.896700
vt 0.258591 0.888601
vt 0.276093 0.883518
vt 0.265007 0.899799
vt 0.246215 0.909327
vt 0.257461 0.927210
vt 0.257461 0.912437
vt 0.265007 0.935465
vt 0.246215 0.933556
vt 0.276093 0.942011
vt 0.258591 0.947094
vt 0.275679 0.932366
vt 0.288469 0.921284
vt 0.283225 0.904954
vt 0.283225 0.919728
vt 0.288469 0.897056
vt 0.729865 0.762366
vt 0.718340 0.819484
vt 0.718340 0.762231
vt 0.934271 0.158412
vt 0.948456 0.101193
vt 0.948456 0.158459
vt 0.958340 0.747499
vt 0.946801 0.804801
vt 0.946801 0.747534
vt 0.969701 0.804803
vt 0.958340 0.804767
vt 0.089809 0.788014
vt 0.076137 0.788234
vt 0.741240 0.819477
vt 0.729865 0.819619
vt 0.920024 0.158457
vt 0.934271 0.101146
vt 0.797997 0.432389
vt 0.776418 0.432130
vt 0.271815 0.686492
vt 0.599562 0.442074
vt 0.626237 0.441988
vt 0.384365 0.615034
vt 0.246215 0.686812
vt 0.341490 0.615034
vt 0.363094 0.614968
vt 0.356933 0.499542
vt 0.368025 0.477783
vt 0.373347 0.487817
vt 0.400120 0.489086
vt 0.426760 0.504038
vt 0.441840 0.526261
vt 0.453151 0.525562
vt 0.440462 0.546424
vt 0.451308 0.552512
vt 0.429370 0.568183
vt 0.424048 0.558149
vt 0.395716 0.566589
vt 0.397275 0.556881
vt 0.363201 0.548339
vt 0.370635 0.541929
vt 0.355555 0.519705
vt 0.344244 0.520404
vt 0.346087 0.493454
vt 0.869536 0.126242
vt 0.910132 0.150729
vt 0.869536 0.156642
vt 0.837613 0.929763
vt 0.856258 0.970177
vt 0.843923 0.970313
vt 0.874743 0.929763
vt 0.856068 0.929560
vt 0.635835 0.865111
vt 0.676186 0.890659
vt 0.635835 0.895662
vt 0.910426 0.165877
vt 0.869975 0.179306
vt 0.676265 0.854253
vt 0.676186 0.870240
vt 0.487074 0.831829
vt 0.504618 0.821308
vt 0.500920 0.834106
vt 0.521202 0.843857
vt 0.510710 0.847417
vt 0.510710 0.863966
vt 0.521202 0.871889
vt 0.500920 0.874058
vt 0.504618 0.888984
vt 0.481166 0.885127
vt 0.487074 0.871781
vt 0.464582 0.862578
vt 0.477284 0.858469
vt 0.477284 0.841921
vt 0.464582 0.834546
vt 0.481166 0.817451
vt 0.135942 0.786066
vt 0.172390 0.798635
vt 0.165171 0.802795
vt 0.106714 0.802910
vt 0.135942 0.777775
vt 0.106714 0.836482
vt 0.099495 0.798779
vt 0.135942 0.861502
vt 0.099495 0.840642
vt 0.172390 0.840499
vt 0.004799 0.906297
vt 0.028472 0.892485
vt 0.011983 0.929560
vt 0.011983 0.910437
vt 0.028472 0.939062
vt 0.004799 0.933752
vt 0.052145 0.933581
vt 0.028472 0.947394
vt 0.044961 0.929441
vt 0.052145 0.906127
vt 0.828015 0.768359
vt 0.828015 0.810223
vt 0.791567 0.822935
vt 0.755120 0.810367
vt 0.762339 0.806207
vt 0.755120 0.768503
vt 0.762339 0.772635
vt 0.791567 0.747499
vt 0.791567 0.755791
vt 0.791567 0.831227
vt 0.555770 0.114470
vt 0.735014 0.244781
vt 0.740661 0.306282
vt 0.735014 0.306302
vt 0.341537 0.081425
vt 0.341537 0.019867
vt 0.371606 0.081575
vt 0.408896 0.081577
vt 0.439162 0.081431
vt 0.089928 0.085943
vt 0.064936 0.024452
vt 0.064942 0.086012
vt 0.514352 0.140957
vt 0.545901 0.202917
vt 0.514352 0.202478
vt 0.545901 0.141396
vt 0.477248 0.141090
vt 0.477248 0.202612
vt 0.448761 0.141745
vt 0.448761 0.203267
vt 0.968205 0.447425
vt 0.973879 0.423036
vt 0.973879 0.447439
vt 0.099495 0.871116
vt 0.124308 0.932653
vt 0.099495 0.932660
vt 0.149121 0.871101
vt 0.149121 0.932645
vt 0.963729 0.189484
vt 0.958055 0.169009
vt 0.975252 0.168886
vt 0.963729 0.148453
vt 0.958055 0.148494
vt 0.165915 0.378448
vt 0.171590 0.440007
vt 0.165915 0.440006
vt 0.270210 0.983698
vt 0.246215 0.956692
vt 0.272842 0.956692
vt 0.896693 0.191255
vt 0.869536 0.219919
vt 0.869536 0.188905
vt 0.975265 0.677044
vt 0.948451 0.696295
vt 0.948236 0.677823
vt 0.635032 0.185775
vt 0.607958 0.214423
vt 0.608051 0.183391
vt 0.864208 0.618168
vt 0.838974 0.633260
vt 0.838985 0.626720
vt 0.813761 0.582010
vt 0.807595 0.610769
vt 0.807595 0.577638
vt 0.864208 0.591536
vt 0.838975 0.566998
vt 0.870354 0.589489
vt 0.813761 0.608641
vt 0.870354 0.622620
vt 0.818827 0.898487
vt 0.814791 0.879431
vt 0.818711 0.879443
vt 0.173778 0.970836
vt 0.169591 0.947845
vt 0.173510 0.947855
vt 0.814908 0.840825
vt 0.818827 0.840838
vt 0.067536 0.839105
vt 0.059749 0.866665
vt 0.059749 0.841742
vt 0.036168 0.816616
vt 0.012560 0.832834
vt 0.004799 0.827262
vt 0.036155 0.824827
vt 0.054355 0.843614
vt 0.036243 0.830629
vt 0.054355 0.862746
vt 0.018132 0.836776
vt 0.839621 0.230260
vt 0.807595 0.389018
vt 0.807595 0.230258
vt 0.679294 0.201861
vt 0.647271 0.235068
vt 0.647271 0.201780
vt 0.555158 0.624520
vt 0.521312 0.783282
vt 0.521312 0.624517
vt 0.927992 0.433322
vt 0.947084 0.422734
vt 0.947084 0.444182
vt 0.939791 0.405331
vt 0.112377 0.961641
vt 0.107041 0.945358
vt 0.117713 0.942258
vt 0.099495 0.957996
vt 0.099495 0.972769
vt 0.107041 0.981024
vt 0.117713 0.977924
vt 0.125259 0.965286
vt 0.125259 0.950513
vt 0.494864 0.852728
vt 0.929121 0.509634
vt 0.949343 0.519792
vt 0.941324 0.535852
vt 0.929121 0.541644
vt 0.916918 0.535913
vt 0.908899 0.519894
vt 0.908899 0.499476
vt 0.036243 0.849761
vt 0.573002 0.846598
vt 0.615565 0.883087
vt 0.584844 0.882868
vt 0.672994 0.971420
vt 0.635835 0.929350
vt 0.672994 0.929339
vt 0.920159 0.040967
vt 0.887435 0.004891
vt 0.923979 0.004799
vt 0.311902 0.755378
vt 0.282641 0.738447
vt 0.311902 0.721623
vt 0.603724 0.919721
vt 0.573002 0.919502
vt 0.165445 0.628346
vt 0.156413 0.644128
vt 0.156413 0.628349
vt 0.939738 0.846839
vt 0.972172 0.870686
vt 0.947467 0.870510
vt 0.210846 0.952514
vt 0.183382 0.982388
vt 0.183382 0.952506
vt 0.969126 0.927799
vt 0.942232 0.904268
vt 0.971619 0.904194
vt 0.971619 0.951773
vt 0.939738 0.927873
vt 0.820806 0.712689
vt 0.791607 0.695758
vt 0.820806 0.678934
vt 0.975708 0.705894
vt 0.948236 0.735777
vt 0.948236 0.705897
vt 0.964444 0.894596
vt 0.939738 0.894419
vt 0.946801 0.830251
vt 0.962218 0.814403
vt 0.962218 0.830253
vt 0.687514 0.421959
vt 0.724671 0.379870
vt 0.724671 0.421963
vt 0.417755 0.937127
vt 0.417789 0.917942
vt 0.434326 0.927561
vt 0.934817 0.689886
vt 0.902093 0.653810
vt 0.938637 0.653718
vt 0.970736 0.046881
vt 0.933578 0.004810
vt 0.970736 0.004799
vt 0.891794 0.603267
vt 0.910674 0.640121
vt 0.879952 0.639902
vt 0.879952 0.566998
vt 0.922516 0.603486
vt 0.970648 0.083987
vt 0.983879 0.071579
vt 0.978072 0.084796
vt 0.902093 0.726711
vt 0.898273 0.689978
vt 0.640758 0.421959
vt 0.677915 0.379870
vt 0.677915 0.421963
vt 0.887435 0.077792
vt 0.883615 0.041059
vt 0.282662 0.790192
vt 0.296328 0.824180
vt 0.282662 0.816358
vt 0.268996 0.824234
vt 0.268996 0.839931
vt 0.246215 0.811195
vt 0.282662 0.847753
vt 0.246215 0.853059
vt 0.319110 0.852915
vt 0.296328 0.839877
vt 0.319110 0.811052
vt 0.708379 0.768362
vt 0.685708 0.797363
vt 0.685708 0.781590
vt 0.672107 0.831591
vt 0.672107 0.805298
vt 0.658507 0.797461
vt 0.635835 0.810689
vt 0.658507 0.781688
vt 0.672107 0.747459
vt 0.672107 0.773752
vt 0.089688 0.850300
vt 0.086398 0.864292
vt 0.086398 0.850655
vt 0.450683 0.764964
vt 0.454047 0.733399
vt 0.454047 0.764964
vt 0.163687 0.450079
vt 0.171138 0.463618
vt 0.162255 0.463641
vt 0.333834 0.986469
vt 0.345742 0.972786
vt 0.341302 0.986523
vt 0.077566 0.865248
vt 0.077566 0.851611
vt 0.165445 0.487014
vt 0.156413 0.502795
vt 0.156413 0.487016
vt 0.375255 0.974916
vt 0.384287 0.959134
vt 0.384287 0.974917
vt 0.080438 0.878794
vt 0.976455 0.070771
vt 0.980838 0.057600
vt 0.338275 0.972733
vt 0.341302 0.959187
vt 0.163687 0.477414
vt 0.526726 0.985459
vt 0.535758 0.969677
vt 0.535758 0.985460
vt 0.983604 0.574835
vt 0.970003 0.598544
vt 0.970003 0.566998
vt 0.983604 0.631753
vt 0.970003 0.608142
vt 0.983604 0.615980
vt 0.546465 0.417587
vt 0.532865 0.393977
vt 0.546465 0.386041
vt 0.546465 0.276306
vt 0.532865 0.252696
vt 0.546465 0.244760
vt 0.532865 0.348055
vt 0.546465 0.347433
vt 0.168810 0.487013
vt 0.165445 0.502792
vt 0.735014 0.347466
vt 0.738379 0.315901
vt 0.738379 0.347467
vt 0.168810 0.628345
vt 0.165445 0.644125
vt 0.973690 0.070470
vt 0.973414 0.056792
vt 0.450683 0.694766
vt 0.454047 0.694766
vt 0.165445 0.582408
vt 0.168810 0.582407
vt 0.004799 0.532961
vt 0.018468 0.494905
vt 0.018468 0.533536
vt 0.512009 0.912419
vt 0.501976 0.933973
vt 0.501976 0.918160
vt 0.488295 0.898583
vt 0.488295 0.910178
vt 0.464582 0.912154
vt 0.474614 0.918008
vt 0.464582 0.939562
vt 0.474614 0.933821
vt 0.488295 0.953398
vt 0.488295 0.941803
vt 0.555158 0.863823
vt 0.551327 0.877932
vt 0.551327 0.864238
vt 0.536253 0.879563
vt 0.536253 0.865868
vt 0.915391 0.286643
vt 0.925210 0.274141
vt 0.928039 0.288226
vt 0.909347 0.299820
vt 0.921995 0.301403
vt 0.539136 0.893167
vt 0.479999 0.962997
vt 0.464582 0.978847
vt 0.464582 0.963001
vt 0.004799 0.566647
vt 0.018468 0.604705
vt 0.004799 0.612596
vt 0.018468 0.566074
vt 0.168810 0.548730
vt 0.168810 0.502791
vt 0.165445 0.548731
vt 0.738379 0.386100
vt 0.532865 0.314390
vt 0.532865 0.268469
vt 0.546465 0.314915
vt 0.922584 0.201726
vt 0.912562 0.272558
vt 0.909347 0.272156
vt 0.617501 0.338623
vt 0.545725 0.792883
vt 0.542436 0.793239
vt 0.974402 0.334712
vt 0.960744 0.311002
vt 0.974402 0.318873
vt 0.631159 0.346493
vt 0.617501 0.322783
vt 0.631159 0.314814
vt 0.912176 0.286241
vt 0.983478 0.430318
vt 0.987396 0.398619
vt 0.987396 0.430318
vt 0.089896 0.542088
vt 0.089896 0.557937
vt 0.114572 0.147572
vt 0.114577 0.200706
vt 0.757833 0.607356
vt 0.776538 0.441988
vt 0.776489 0.607128
vt 0.209968 0.521621
vt 0.186714 0.686724
vt 0.186704 0.521546
vt 0.233333 0.521546
vt 0.209979 0.686799
vt 0.782238 0.041678
vt 0.763329 0.206919
vt 0.763314 0.041736
vt 0.800869 0.041736
vt 0.782253 0.206862
vt 0.661943 0.607067
vt 0.686511 0.442268
vt 0.685917 0.607347
vt 0.526726 0.902810
vt 0.540973 0.960031
vt 0.526726 0.960076
vt 0.640113 0.442268
vt 0.662537 0.441988
vt 0.795439 0.442215
vt 0.795389 0.607356
vt 0.797997 0.644120
vt 0.089839 0.222393
vt 0.454447 0.005500
vt 0.111732 0.213281
vt 0.433743 0.217810
vt 0.111733 0.222454
vt 0.851155 0.006619
vt 0.832062 0.058761
vt 0.979709 0.216099
vt 0.988920 0.201726
vt 0.988960 0.216098
vt 0.979670 0.230271
vt 0.988920 0.230270
vt 0.162255 0.351440
vt 0.171505 0.351440
vt 0.162340 0.368849
vt 0.171590 0.368849
vt 0.621898 0.119276
vt 0.859937 0.131704
vt 0.825854 0.168691
vt 0.825854 0.131403
vt 0.426615 0.572989
vt 0.374005 0.605370
vt 0.448761 0.218325
vt 0.477248 0.217670
vt 0.514352 0.217537
vt 0.004799 0.004980
vt 0.060150 0.019867
vt 0.004801 0.020048
vt 0.958941 0.554576
vt 0.974009 0.517285
vt 0.974009 0.554575
vt 0.636962 0.119280
vt 0.622608 0.173787
vt 0.341490 0.525210
vt 0.814552 0.198836
vt 0.813175 0.198768
vt 0.814552 0.101214
vt 0.813175 0.101146
vt 0.341490 0.587120
vt 0.956088 0.259081
vt 0.974766 0.299292
vt 0.956332 0.299240
vt 0.938355 0.324184
vt 0.951145 0.324540
vt 0.945902 0.332439
vt 0.951145 0.348768
vt 0.945902 0.347212
vt 0.938355 0.359850
vt 0.938770 0.369495
vt 0.927684 0.362949
vt 0.908892 0.361040
vt 0.920137 0.354694
vt 0.908892 0.336811
vt 0.920137 0.339921
vt 0.927684 0.327283
vt 0.921267 0.316085
vt 0.320967 0.940771
vt 0.309592 0.883660
vt 0.320967 0.883518
vt 0.960405 0.624230
vt 0.946733 0.567218
vt 0.960405 0.566998
vt 0.084643 0.949789
vt 0.073282 0.892485
vt 0.084643 0.892521
vt 0.061744 0.949787
vt 0.061744 0.892519
vt 0.555158 0.902812
vt 0.555158 0.960078
vt 0.298067 0.940777
vt 0.298067 0.883525
vt 0.932114 0.624331
vt 0.932114 0.567099
vt 0.755120 0.644120
vt 0.209942 0.484807
vt 0.661435 0.643759
vt 0.760701 0.004865
vt 0.639519 0.607347
vt 0.803576 0.004865
vt 0.910426 0.113638
vt 0.869975 0.101146
vt 0.676265 0.906752
vt 0.635953 0.919740
vt 0.937637 0.299292
vt 0.393964 0.826485
vt 0.416456 0.823768
vt 0.406666 0.833860
vt 0.393964 0.854517
vt 0.406666 0.850409
vt 0.416456 0.863720
vt 0.430301 0.865997
vt 0.410547 0.877066
vt 0.450583 0.863828
vt 0.440091 0.855905
vt 0.450583 0.835796
vt 0.440091 0.839357
vt 0.430301 0.826045
vt 0.434000 0.813247
vt 0.791573 0.737901
vt 0.762340 0.712685
vt 0.791573 0.729564
vt 0.755120 0.716853
vt 0.762340 0.678930
vt 0.755120 0.674761
vt 0.791573 0.662055
vt 0.791573 0.653718
vt 0.828026 0.674766
vt 0.828026 0.716857
vt 0.417755 0.945464
vt 0.401184 0.927559
vt 0.393964 0.931727
vt 0.401184 0.908425
vt 0.417755 0.890522
vt 0.417755 0.898858
vt 0.434326 0.908427
vt 0.441546 0.931730
vt 0.319122 0.717454
vt 0.246215 0.717458
vt 0.282668 0.704747
vt 0.253435 0.721626
vt 0.253435 0.755381
vt 0.282668 0.780593
vt 0.282668 0.772256
vt 0.282668 0.696411
vt 0.555770 0.064844
vt 0.114566 0.086012
vt 0.968205 0.398619
vt 0.956683 0.422993
vt 0.635032 0.225149
vt 0.608051 0.229731
vt 0.948451 0.653718
vt 0.576929 0.228651
vt 0.555499 0.198755
vt 0.598359 0.190657
vt 0.838985 0.573457
vt 0.984254 0.004800
vt 0.980335 0.037925
vt 0.980335 0.004799
vt 0.173778 0.917868
vt 0.619759 0.967917
vt 0.623659 0.929320
vt 0.623659 0.967903
vt 0.036168 0.882886
vt 0.067536 0.872240
vt 0.004799 0.860397
vt 0.012560 0.857757
vt 0.036243 0.868892
vt 0.036155 0.874673
vt 0.807595 0.398733
vt 0.839462 0.557284
vt 0.807595 0.557399
vt 0.716877 0.201980
vt 0.688893 0.233805
vt 0.688893 0.201780
vt 0.927991 0.398619
vt 0.939791 0.461482
vt 0.927991 0.468026
vt 0.916192 0.461314
vt 0.908899 0.443910
vt 0.908899 0.422462
vt 0.916192 0.405162
vt 0.814758 0.940649
vt 0.820094 0.921266
vt 0.827640 0.929521
vt 0.827640 0.944294
vt 0.820094 0.956932
vt 0.809422 0.960032
vt 0.801876 0.951777
vt 0.801876 0.937004
vt 0.809422 0.924366
vt 0.424246 0.844668
vt 0.916918 0.483417
vt 0.929121 0.477624
vt 0.949343 0.499374
vt 0.941324 0.483355
vt 0.018132 0.855908
vt 0.331241 0.697691
vt 0.331872 0.739001
vt 0.331241 0.739008
vt 0.331878 0.526414
vt 0.330779 0.484721
vt 0.331878 0.484724
vt 0.331231 0.791048
vt 0.330040 0.748608
vt 0.331231 0.748664
vt 0.330040 0.791892
vt 0.328720 0.748636
vt 0.453183 0.890528
vt 0.452108 0.934018
vt 0.452108 0.890522
vt 0.451145 0.933122
vt 0.451145 0.890530
vt 0.328720 0.739006
vt 0.329936 0.697318
vt 0.329936 0.739010
vt 0.768856 0.218815
vt 0.769423 0.217114
vt 0.770224 0.217966
vt 0.768288 0.217259
vt 0.767487 0.218315
vt 0.767487 0.219664
vt 0.768288 0.220516
vt 0.769423 0.220372
vt 0.770224 0.219316
vt 0.781175 0.218820
vt 0.779823 0.217981
vt 0.780615 0.217124
vt 0.781735 0.217261
vt 0.782527 0.218311
vt 0.782527 0.219660
vt 0.781735 0.220516
vt 0.780615 0.220379
vt 0.779823 0.219329
vt 0.227711 0.967713
vt 0.224634 0.978284
vt 0.222803 0.975926
vt 0.735014 0.402311
vt 0.738336 0.410616
vt 0.735014 0.409325
vt 0.972448 0.113872
vt 0.964498 0.115738
vt 0.970486 0.108252
vt 0.968823 0.118404
vt 0.963980 0.126600
vt 0.223416 0.966724
vt 0.220445 0.971696
vt 0.223416 0.960851
vt 0.222803 0.952506
vt 0.227711 0.958012
vt 0.978436 0.108528
vt 0.977261 0.114039
vt 0.971691 0.129748
vt 0.968509 0.124980
vt 0.969057 0.104908
vt 0.960070 0.113013
vt 0.968075 0.103006
vt 0.735121 0.420430
vt 0.740792 0.411388
vt 0.736868 0.423368
vt 0.978761 0.105245
vt 0.969235 0.134477
vt 0.961115 0.127304
vt 0.230625 0.968259
vt 0.738336 0.399031
vt 0.961748 0.114045
vt 0.966403 0.138065
vt 0.958055 0.127662
vt 0.959378 0.127535
vt 0.225952 0.979523
vt 0.742499 0.411830
vt 0.738201 0.424951
vt 0.978704 0.103375
vt 0.967530 0.136918
vt 0.230625 0.956418
vt 0.232512 0.968542
vt 0.740792 0.397248
vt 0.232512 0.955573
vt 0.233979 0.968746
vt 0.742499 0.396343
vt 0.743852 0.412160
vt 0.958791 0.112227
vt 0.967300 0.101590
vt 0.227006 0.980417
vt 0.739284 0.426106
vt 0.978597 0.101982
vt 0.974476 0.121894
vt 0.980443 0.118807
vt 0.980129 0.125384
vt 0.976504 0.129916
vt 0.152063 0.976780
vt 0.142187 0.976440
vt 0.149914 0.974740
vt 0.083831 0.815915
vt 0.078579 0.823871
vt 0.080020 0.816897
vt 0.142722 0.955261
vt 0.150872 0.955621
vt 0.147160 0.959026
vt 0.153511 0.966116
vt 0.148758 0.965381
vt 0.141901 0.971632
vt 0.146579 0.970602
vt 0.079046 0.810952
vt 0.135816 0.951102
vt 0.138044 0.956290
vt 0.134858 0.970221
vt 0.137463 0.967866
vt 0.144287 0.945856
vt 0.154673 0.952113
vt 0.153233 0.953446
vt 0.082222 0.806096
vt 0.086542 0.815450
vt 0.134858 0.947931
vt 0.143542 0.949401
vt 0.156453 0.966255
vt 0.078896 0.800578
vt 0.077566 0.803729
vt 0.081451 0.827433
vt 0.159522 0.966005
vt 0.153392 0.977667
vt 0.158200 0.966141
vt 0.329773 0.816936
vt 0.331062 0.803875
vt 0.331062 0.816846
vt 0.084578 0.803467
vt 0.088370 0.815263
vt 0.085190 0.830658
vt 0.077566 0.837404
vt 0.083637 0.829507
vt 0.079997 0.798976
vt 0.080909 0.797832
vt 0.086220 0.802140
vt 0.089809 0.815144
vt 0.144877 0.943801
vt 0.155773 0.951094
vt 0.328720 0.816989
vt 0.329773 0.802732
vt 0.086428 0.831508
vt 0.078541 0.839307
vt 0.142312 0.963446
vt 0.135866 0.961511
vt 0.958055 0.111778
vt 0.966559 0.101146
vt 0.715081 0.975739
vt 0.713726 0.990701
vt 0.713726 0.975603
vt 0.745189 0.395818
vt 0.745189 0.412272
vt 0.740623 0.426211
vt 0.233979 0.954961
vt 0.235120 0.968729
vt 0.744204 0.920691
vt 0.740460 0.931056
vt 0.739140 0.931129
vt 0.740460 0.947765
vt 0.739140 0.947847
vt 0.744204 0.961052
vt 0.745521 0.960963
vt 0.308784 0.651645
vt 0.318627 0.674647
vt 0.308784 0.674856
vt 0.318627 0.651435
vt 0.329423 0.674782
vt 0.979299 0.810405
vt 0.988955 0.787179
vt 0.988955 0.810405
vt 0.979685 0.507641
vt 0.969276 0.484461
vt 0.979685 0.484415
vt 0.920792 0.181694
vt 0.923271 0.172815
vt 0.923271 0.180726
vt 0.969276 0.507687
vt 0.958941 0.484414
vt 0.979299 0.770722
vt 0.988956 0.747499
vt 0.988956 0.770720
vt 0.325941 0.681625
vt 0.318964 0.681538
vt 0.934184 0.186561
vt 0.934951 0.176317
vt 0.934951 0.187411
vt 0.927488 0.169198
vt 0.934184 0.176608
vt 0.920024 0.170892
vt 0.927488 0.168057
vt 0.920792 0.171741
vt 0.920024 0.181986
vt 0.927488 0.189104
vt 0.927488 0.190245
vt 0.051630 0.966265
vt 0.049562 0.958908
vt 0.051672 0.956992
vt 0.928593 0.186615
vt 0.649533 0.989694
vt 0.651606 0.981945
vt 0.651606 0.988831
vt 0.049562 0.973700
vt 0.049529 0.966278
vt 0.323464 0.978323
vt 0.321334 0.986067
vt 0.321334 0.979181
vt 0.962623 0.477624
vt 0.969302 0.477655
vt 0.312603 0.681673
vt 0.981065 0.817156
vt 0.981057 0.777580
vt 0.976029 0.477625
vt 0.928593 0.178705
vt 0.933915 0.176683
vt 0.933915 0.184594
vt 0.928593 0.170794
vt 0.495180 0.970366
vt 0.489598 0.975184
vt 0.489598 0.967814
vt 0.495180 0.962997
vt 0.500761 0.965549
vt 0.500761 0.972919
vt 0.495180 0.977736
vt 0.889775 0.988246
vt 0.893236 0.992668
vt 0.889775 0.992479
vt 0.911017 0.556015
vt 0.908899 0.554217
vt 0.911017 0.551767
vt 0.624389 0.429390
vt 0.622074 0.432389
vt 0.622074 0.427841
vt 0.914636 0.551243
vt 0.914636 0.557250
vt 0.948075 0.636947
vt 0.952544 0.640596
vt 0.948569 0.640596
vt 0.579479 0.427818
vt 0.577650 0.430309
vt 0.575323 0.427316
vt 0.950760 0.642858
vt 0.953542 0.634048
vt 0.953696 0.636947
vt 0.813206 0.209833
vt 0.816705 0.214658
vt 0.813175 0.214234
vt 0.575323 0.431841
vt 0.626237 0.427311
vt 0.626237 0.431860
vt 0.820292 0.209851
vt 0.816749 0.208434
vt 0.813206 0.216629
vt 0.579479 0.432344
vt 0.820292 0.216647
vt 0.816749 0.218046
vt 0.454151 0.793433
vt 0.450683 0.774563
vt 0.454151 0.775402
vt 0.609207 0.427211
vt 0.612475 0.430989
vt 0.609207 0.432389
vt 0.561157 0.432145
vt 0.561157 0.427316
vt 0.565724 0.430171
vt 0.988021 0.441251
vt 0.983478 0.458073
vt 0.983478 0.439917
vt 0.288153 0.975540
vt 0.282441 0.956727
vt 0.288153 0.956692
vt 0.852490 0.209927
vt 0.846308 0.210717
vt 0.847753 0.208434
vt 0.851046 0.215987
vt 0.847753 0.217554
vt 0.846308 0.214495
vt 0.918378 0.988987
vt 0.916041 0.991555
vt 0.916041 0.986682
vt 0.853008 0.212828
vt 0.528070 0.231114
vt 0.532415 0.234611
vt 0.528267 0.234611
vt 0.906443 0.986682
vt 0.905172 0.989656
vt 0.902834 0.987097
vt 0.919658 0.987057
vt 0.529139 0.227924
vt 0.533936 0.231114
vt 0.829891 0.210819
vt 0.834713 0.215926
vt 0.829891 0.214609
vt 0.902834 0.991949
vt 0.831792 0.217584
vt 0.831792 0.208434
vt 0.836710 0.212681
vt 0.980838 0.247301
vt 0.984395 0.246658
vt 0.984180 0.249062
vt 0.981054 0.241089
vt 0.984180 0.239869
vt 0.984395 0.242850
vt 0.919658 0.991929
vt 0.979670 0.244167
vt 0.784669 0.982611
vt 0.789692 0.972961
vt 0.789692 0.988090
vt 0.698404 0.643535
vt 0.698404 0.638930
vt 0.701711 0.640567
vt 0.988920 0.157714
vt 0.988344 0.165799
vt 0.984850 0.165354
vt 0.984850 0.150046
vt 0.985047 0.696156
vt 0.988468 0.680081
vt 0.988468 0.695888
vt 0.171883 0.981773
vt 0.173653 0.987134
vt 0.171883 0.986510
vt 0.496478 0.232543
vt 0.498336 0.229935
vt 0.500954 0.232577
vt 0.169591 0.983788
vt 0.496467 0.234318
vt 0.502797 0.234367
vt 0.953118 0.993744
vt 0.955156 0.988046
vt 0.955156 0.992889
vt 0.500954 0.228022
vt 0.484996 0.232370
vt 0.486856 0.234456
vt 0.482379 0.234307
vt 0.502797 0.227924
vt 0.480537 0.234489
vt 0.482379 0.229664
vt 0.496478 0.227988
vt 0.993202 0.572625
vt 0.995201 0.566998
vt 0.995201 0.573812
vt 0.486869 0.228135
vt 0.486856 0.229813
vt 0.489598 0.987335
vt 0.491636 0.993032
vt 0.489598 0.994183
vt 0.964754 0.979514
vt 0.967845 0.961559
vt 0.967845 0.979627
vt 0.908892 0.387221
vt 0.911619 0.384176
vt 0.911619 0.388643
vt 0.158111 0.988454
vt 0.159979 0.992843
vt 0.158111 0.993800
vt 0.515955 0.980922
vt 0.510360 0.963053
vt 0.515955 0.962997
vt 0.970272 0.979678
vt 0.376388 0.990529
vt 0.379012 0.985615
vt 0.379012 0.989867
vt 0.547032 0.432127
vt 0.549260 0.429950
vt 0.551559 0.432344
vt 0.535210 0.429640
vt 0.537433 0.432002
vt 0.532865 0.432344
vt 0.375255 0.990104
vt 0.376388 0.984516
vt 0.576893 0.985960
vt 0.574742 0.981011
vt 0.576893 0.981460
vt 0.551559 0.427532
vt 0.532865 0.427527
vt 0.574742 0.987374
vt 0.573002 0.983052
vt 0.985091 0.989506
vt 0.983133 0.984389
vt 0.985091 0.985211
vt 0.547032 0.427316
vt 0.537433 0.427186
vt 0.983133 0.990463
vt 0.981218 0.986214
vt 0.588223 0.981214
vt 0.586492 0.985476
vt 0.586492 0.981011
vt 0.590379 0.982612
vt 0.588223 0.987529
vt 0.991902 0.485142
vt 0.989284 0.494653
vt 0.989284 0.477624
vt 0.932869 0.384176
vt 0.934839 0.385597
vt 0.932869 0.388937
vt 0.727535 0.983296
vt 0.724680 0.975603
vt 0.729407 0.975603
vt 0.988965 0.670483
vt 0.985047 0.660107
vt 0.988965 0.653718
vt 0.770376 0.973687
vt 0.775070 0.988227
vt 0.770376 0.988953
vt 0.985660 0.551699
vt 0.983608 0.546018
vt 0.985660 0.546865
vt 0.984098 0.888505
vt 0.986441 0.890847
vt 0.984098 0.892877
vt 0.987347 0.549525
vt 0.981771 0.888137
vt 0.981771 0.894320
vt 0.603798 0.981011
vt 0.601624 0.986199
vt 0.601624 0.981657
vt 0.984765 0.828768
vt 0.982787 0.831886
vt 0.980524 0.829706
vt 0.599978 0.984031
vt 0.979299 0.828083
vt 0.985297 0.826756
vt 0.901688 0.830091
vt 0.900234 0.835342
vt 0.899500 0.830847
vt 0.980524 0.834283
vt 0.897491 0.833480
vt 0.979299 0.834555
vt 0.664829 0.985970
vt 0.663378 0.981030
vt 0.664829 0.981429
vt 0.984765 0.833344
vt 0.896838 0.836448
vt 0.663378 0.987453
vt 0.661205 0.982265
vt 0.988943 0.191831
vt 0.984850 0.175398
vt 0.988943 0.176223
vt 0.757888 0.217756
vt 0.755120 0.220659
vt 0.755120 0.217114
vt 0.738820 0.643603
vt 0.736228 0.639856
vt 0.738820 0.638930
vt 0.550370 0.970392
vt 0.545357 0.986812
vt 0.545357 0.969676
vt 0.563084 0.970166
vt 0.559969 0.986955
vt 0.559969 0.969677
vt 0.926043 0.557272
vt 0.928425 0.552858
vt 0.928425 0.557121
vt 0.589078 0.427485
vt 0.591330 0.429754
vt 0.589078 0.432066
vt 0.914174 0.833513
vt 0.912325 0.835495
vt 0.912325 0.830890
vt 0.924235 0.556533
vt 0.926043 0.551243
vt 0.635835 0.982202
vt 0.638126 0.987115
vt 0.635835 0.986505
vt 0.512396 0.227924
vt 0.515155 0.229611
vt 0.513375 0.232235
vt 0.916458 0.831274
vt 0.638126 0.981030
vt 0.639935 0.985349
vt 0.917839 0.836604
vt 0.916458 0.835880
vt 0.517671 0.232375
vt 0.512396 0.234397
vt 0.518472 0.234596
vt 0.940305 0.557364
vt 0.942128 0.552994
vt 0.942128 0.557322
vt 0.593006 0.427316
vt 0.938024 0.556186
vt 0.940305 0.551243
vt 0.985252 0.268444
vt 0.987061 0.260264
vt 0.988529 0.275740
vt 0.987314 0.737268
vt 0.985306 0.735627
vt 0.987314 0.732685
vt 0.984364 0.276326
vt 0.985306 0.705915
vt 0.988335 0.716282
vt 0.985306 0.723087
vt 0.988427 0.301211
vt 0.984364 0.285925
vt 0.988427 0.286448
vt 0.382770 0.936073
vt 0.380590 0.942016
vt 0.380590 0.937142
vt 0.061530 0.804529
vt 0.063389 0.803267
vt 0.066007 0.806117
vt 0.468924 0.231274
vt 0.466306 0.229330
vt 0.470939 0.227924
vt 0.384362 0.941668
vt 0.382770 0.942966
vt 0.049529 0.986688
vt 0.051543 0.992130
vt 0.049529 0.991588
vt 0.066007 0.801424
vt 0.470939 0.232678
vt 0.067850 0.800079
vt 0.067850 0.806716
vt 0.134858 0.994972
vt 0.136853 0.989913
vt 0.136853 0.994522
vt 0.061530 0.799836
vt 0.466306 0.234085
vt 0.061518 0.797832
vt 0.464620 0.227986
vt 0.939738 0.992336
vt 0.941753 0.986894
vt 0.941753 0.993822
vt 0.821196 0.985563
vt 0.825502 0.971604
vt 0.826191 0.986884
vt 0.820507 0.970283
vt 0.826191 0.969630
vt 0.726629 0.638930
vt 0.726629 0.643450
vt 0.723728 0.642390
vt 0.760777 0.989404
vt 0.755120 0.972961
vt 0.760777 0.973356
vt 0.688334 0.989618
vt 0.685864 0.975603
vt 0.688334 0.976287
vt 0.697933 0.975921
vt 0.703245 0.978541
vt 0.698865 0.978765
vt 0.621515 0.984945
vt 0.622940 0.983698
vt 0.625755 0.985258
vt 0.700679 0.981704
vt 0.148513 0.989373
vt 0.146451 0.994538
vt 0.146451 0.988454
vt 0.853305 0.982650
vt 0.855497 0.986873
vt 0.853305 0.987090
vt 0.624696 0.980804
vt 0.702313 0.983017
vt 0.855497 0.980595
vt 0.857276 0.984351
vt 0.283899 0.990405
vt 0.282441 0.985174
vt 0.283899 0.985936
vt 0.620457 0.980491
vt 0.285710 0.988576
vt 0.625755 0.977957
vt 0.619760 0.977515
vt 0.929628 0.836522
vt 0.931414 0.832818
vt 0.931414 0.837222
vt 0.697933 0.983241
vt 0.927438 0.834495
vt 0.929628 0.830294
vt 0.992501 0.108692
vt 0.990041 0.116978
vt 0.990041 0.101146
vt 0.946525 0.388682
vt 0.944438 0.387875
vt 0.946525 0.384176
vt 0.983608 0.525473
vt 0.984476 0.517285
vt 0.988021 0.519166
vt 0.988021 0.536419
vt 0.380591 0.909565
vt 0.383904 0.924349
vt 0.380591 0.926475
vt 0.933939 0.637126
vt 0.938476 0.634048
vt 0.938438 0.635776
vt 0.448761 0.232845
vt 0.450471 0.231202
vt 0.453064 0.234191
vt 0.936559 0.639075
vt 0.478371 0.994965
vt 0.476348 0.989812
vt 0.478371 0.988446
vt 0.545524 0.233545
vt 0.543535 0.227924
vt 0.545524 0.228582
vt 0.453064 0.229270
vt 0.938438 0.640662
vt 0.455021 0.228182
vt 0.455021 0.235141
vt 0.985418 0.379712
vt 0.984011 0.385210
vt 0.984011 0.380325
vt 0.448761 0.227924
vt 0.933939 0.642011
vt 0.987604 0.380767
vt 0.985418 0.386620
vt 0.932114 0.635956
vt 0.992031 0.129267
vt 0.990041 0.134887
vt 0.990041 0.127869
vt 0.988359 0.354105
vt 0.984011 0.368287
vt 0.984011 0.352280
vt 0.714129 0.639838
vt 0.711310 0.643656
vt 0.711310 0.638930
vt 0.921218 0.388941
vt 0.921218 0.384176
vt 0.923270 0.385545
vt 0.744931 0.986919
vt 0.739140 0.970651
vt 0.744931 0.970679
vt 0.521312 0.792954
vt 0.524344 0.806726
vt 0.521312 0.806796
vt 0.837613 0.980011
vt 0.842927 0.982654
vt 0.838619 0.982725
vt 0.082444 0.989994
vt 0.080746 0.988189
vt 0.082444 0.985526
vt 0.840403 0.985759
vt 0.084070 0.984770
vt 0.084070 0.991088
vt 0.466749 0.992968
vt 0.464582 0.988593
vt 0.466749 0.988445
vt 0.960763 0.465528
vt 0.958386 0.463258
vt 0.960763 0.460650
vt 0.841922 0.987338
vt 0.962433 0.465222
vt 0.962433 0.458324
vt 0.993202 0.584210
vt 0.995192 0.589407
vt 0.993202 0.588450
vt 0.956696 0.459741
vt 0.837613 0.987408
vt 0.956683 0.457038
vt 0.868571 0.980526
vt 0.866875 0.984469
vt 0.866875 0.979912
vt 0.956696 0.464619
vt 0.870739 0.982572
vt 0.868571 0.986971
vt 0.321334 0.961064
vt 0.323786 0.951281
vt 0.323786 0.968724
vt 0.970272 0.993346
vt 0.968103 0.993492
vt 0.968103 0.989277
vt 0.988405 0.321403
vt 0.987745 0.329659
vt 0.984000 0.327601
vt 0.984000 0.311002
vt 0.948298 0.183893
vt 0.944550 0.170307
vt 0.948298 0.168057
vt 0.745521 0.629317
vt 0.099495 0.566909
vt 0.745521 0.484968
vt 0.183382 0.803629
vt 0.852962 0.557365
vt 0.146814 0.674395
vt 0.004804 0.807013
vt 0.004799 0.663908
vt 0.895557 0.311002
vt 0.384365 0.897840
vt 0.464582 0.624536
vt 0.703985 0.192143
vt 0.703985 0.047793
vt 0.876579 0.653996
vt 0.899300 0.473076
vt 0.647271 0.004799
vt 0.441084 0.799791
vt 0.574849 0.733768
vt 0.441079 0.656686
vt 0.755120 0.841028
vt 0.860799 0.300908
vt 0.620119 0.836980
vt 0.422929 0.277907
vt 0.344009 0.295906
vt 0.256249 0.268258
vt 0.256252 0.451627
vt 0.185941 0.410636
vt 0.469074 0.429841
vt 0.685864 0.841190
vt 0.610161 0.971401
vt 0.937638 0.201726
vt 0.421428 0.955070
vt 0.921656 0.977009
vt 0.961049 0.056491
vt 0.171829 0.653728
vt 0.370992 0.907442
vt 0.723022 0.965993
vt 0.837613 0.846839
vt 0.900659 0.820493
vt 0.792277 0.921270
vt 0.893595 0.919832
vt 0.004799 0.970585
vt 0.745521 0.879459
vt 0.089779 0.959388
vt 0.009541 0.984350
vt 0.035490 0.957046
vt 0.356773 0.986491
vt 0.810908 0.969631
vt 0.960744 0.383844
vt 0.298067 0.950511
vt 0.464582 0.449878
vt 0.464582 0.591244
vt 0.454047 0.614968
vt 0.308784 0.641836
vt 0.441276 0.955135
vt 0.061518 0.707362
vt 0.066810 0.721183
vt 0.939738 0.977296
vt 0.454047 0.685167
vt 0.734326 0.725197
vt 0.726475 0.201780
vt 0.985689 0.846839
vt 0.725416 0.299082
vt 0.795439 0.230485
vt 0.296890 0.485002
vt 0.344118 0.817088
vt 0.576335 0.643991
vt 0.824441 0.004799
vt 0.479761 0.004918
vt 0.845530 0.747691
vt 0.162572 0.303064
vt 0.162255 0.329991
vt 0.061744 0.959387
vt 0.119345 0.004799
vt 0.158720 0.908205
vt 0.637673 0.004804
vt 0.235304 0.794019
vt 0.969701 0.747536
vt 0.089809 0.730782
vt 0.741240 0.762224
vt 0.920024 0.101191
vt 0.299185 0.686812
vt 0.573002 0.441988
vt 0.910132 0.130411
vt 0.868739 0.970313
vt 0.635953 0.841190
vt 0.555499 0.089803
vt 0.740661 0.244760
vt 0.124308 0.871108
vt 0.958055 0.189524
vt 0.171590 0.378448
vt 0.247586 0.983698
vt 0.896693 0.217607
vt 0.975448 0.692740
vt 0.634953 0.212142
vt 0.814908 0.898475
vt 0.169859 0.970826
vt 0.839621 0.389020
vt 0.679294 0.235148
vt 0.555158 0.783285
vt 0.603724 0.846817
vt 0.635835 0.971432
vt 0.964444 0.847015
vt 0.210846 0.982396
vt 0.942232 0.951847
vt 0.975708 0.735775
vt 0.946801 0.814402
vt 0.687514 0.379867
vt 0.933578 0.046892
vt 0.910674 0.567217
vt 0.938637 0.726619
vt 0.640758 0.379867
vt 0.923979 0.077700
vt 0.282662 0.873919
vt 0.708379 0.810428
vt 0.635835 0.768623
vt 0.089688 0.863936
vt 0.450683 0.733398
vt 0.172570 0.450057
vt 0.375255 0.959134
vt 0.089269 0.877839
vt 0.333834 0.959134
vt 0.172570 0.477392
vt 0.526726 0.969677
vt 0.983604 0.590608
vt 0.970003 0.639688
vt 0.532865 0.409750
vt 0.735014 0.315901
vt 0.168810 0.644124
vt 0.970648 0.056491
vt 0.004799 0.487013
vt 0.512009 0.939826
vt 0.555158 0.877518
vt 0.554210 0.891536
vt 0.479999 0.978842
vt 0.735014 0.386099
vt 0.925344 0.202071
vt 0.960744 0.342681
vt 0.983478 0.398619
vt 0.757882 0.442215
vt 0.233343 0.686724
vt 0.800884 0.206919
vt 0.540973 0.902765
vt 0.776418 0.643860
vt 0.106627 0.237591
vt 0.979670 0.201727
vt 0.859937 0.168992
vt 0.545901 0.217976
vt 0.060148 0.004799
vt 0.958941 0.517286
vt 0.637673 0.173792
vt 0.968408 0.259116
vt 0.938770 0.311002
vt 0.921267 0.374578
vt 0.309592 0.940913
vt 0.946733 0.624450
vt 0.073282 0.949753
vt 0.236616 0.484721
vt 0.688806 0.644079
vt 0.782305 0.004799
vt 0.635835 0.644079
vt 0.183382 0.484721
vt 0.943593 0.259116
vt 0.410547 0.809390
vt 0.434000 0.880923
vt 0.393964 0.904256
vt 0.441546 0.904259
vt 0.319122 0.759546
vt 0.246215 0.759549
vt 0.973879 0.398633
vt 0.975448 0.656563
vt 0.598359 0.213287
vt 0.555499 0.221385
vt 0.576929 0.183391
vt 0.984254 0.037926
vt 0.169859 0.917858
vt 0.619759 0.929334
vt 0.839462 0.398619
vt 0.716877 0.234004
vt 0.331872 0.697310
vt 0.330779 0.527315
vt 0.328720 0.792292
vt 0.453183 0.934399
vt 0.328720 0.696411
vt 0.220445 0.957518
vt 0.965523 0.138855
vt 0.743852 0.395698
vt 0.142633 0.978855
vt 0.154411 0.978257
vt 0.087523 0.801195
vt 0.145360 0.942259
vt 0.328720 0.801891
vt 0.079361 0.840701
vt 0.715081 0.990845
vt 0.235120 0.954951
vt 0.745521 0.920623
vt 0.329423 0.651570
vt 0.979299 0.787178
vt 0.958941 0.507639
vt 0.979299 0.747502
vt 0.649533 0.981030
vt 0.051672 0.975603
vt 0.323464 0.986986
vt 0.987306 0.817157
vt 0.987297 0.777578
vt 0.893236 0.986682
vt 0.949567 0.634048
vt 0.820261 0.214252
vt 0.450683 0.792593
vt 0.988021 0.459407
vt 0.282441 0.975575
vt 0.533287 0.227924
vt 0.836614 0.209751
vt 0.784669 0.973458
vt 0.988920 0.148453
vt 0.985047 0.680350
vt 0.173653 0.980435
vt 0.953118 0.986894
vt 0.480537 0.227924
vt 0.993202 0.567807
vt 0.491636 0.988189
vt 0.964754 0.961446
vt 0.510360 0.980978
vt 0.970272 0.961610
vt 0.375255 0.985852
vt 0.573002 0.987552
vt 0.981218 0.990508
vt 0.590379 0.987078
vt 0.991902 0.495444
vt 0.985047 0.670249
vt 0.775070 0.972961
vt 0.983608 0.552853
vt 0.603798 0.987435
vt 0.902726 0.836448
vt 0.661205 0.986806
vt 0.984850 0.191006
vt 0.550370 0.987527
vt 0.563084 0.987444
vt 0.924235 0.552270
vt 0.639935 0.981046
vt 0.917839 0.830091
vt 0.938024 0.551857
vt 0.984364 0.259081
vt 0.988335 0.705894
vt 0.984364 0.300688
vt 0.384362 0.936795
vt 0.051543 0.985201
vt 0.134858 0.988454
vt 0.464620 0.234709
vt 0.939738 0.987438
vt 0.755120 0.989009
vt 0.685864 0.988934
vt 0.704127 0.975603
vt 0.148513 0.993675
vt 0.857276 0.979912
vt 0.282441 0.991493
vt 0.927438 0.830091
vt 0.992501 0.118270
vt 0.983608 0.535911
vt 0.383904 0.907439
vt 0.476348 0.994421
vt 0.543535 0.234943
vt 0.987604 0.385652
vt 0.932114 0.642865
vt 0.992031 0.134229
vt 0.988359 0.370113
vt 0.739140 0.986890
vt 0.524344 0.792884
vt 0.843707 0.979912
vt 0.464582 0.994989
vt 0.995192 0.583410
vt 0.870739 0.987129
vt 0.321334 0.950511
vt 0.988405 0.311361
vt 0.944550 0.186143
s 0
f 2/1/1 3/2/1 1/3/1
f 4/4/2 5/5/2 3/6/2
f 10/7/3 11/8/3 9/9/3
f 17/10/1 16/11/1 18/12/1
f 13/13/4 20/14/4 14/15/4
f 19/16/5 18/17/5 20/14/5
f 8/18/6 5/5/6 6/19/6
f 11/8/7 13/20/7 14/21/7
f 9/9/8 8/22/8 10/7/8
f 16/11/1 2/1/1 1/3/1
f 23/23/9 22/24/9 21/25/9
f 25/26/4 24/27/4 23/28/4
f 31/29/10 30/30/10 29/31/10
f 36/32/11 37/33/11 38/34/11
f 40/35/12 33/36/12 34/37/12
f 38/38/6 39/39/6 40/35/6
f 25/26/13 28/40/13 26/41/13
f 31/29/14 33/42/14 32/43/14
f 29/31/15 28/44/15 27/45/15
f 22/24/3 36/32/3 21/25/3
f 1/46/16 23/47/16 21/48/16
f 2/49/17 24/50/17 4/51/17
f 5/52/16 23/47/16 3/53/16
f 6/54/17 24/50/17 26/55/17
f 7/56/16 25/57/16 5/52/16
f 8/58/17 26/55/17 28/59/17
f 9/60/16 31/61/16 29/62/16
f 10/63/17 32/64/17 12/65/17
f 13/66/17 39/67/17 19/68/17
f 15/69/17 37/70/17 35/71/17
f 16/72/16 38/73/16 18/74/16
f 19/68/17 37/70/17 17/75/17
f 20/76/16 38/73/16 40/77/16
f 14/78/16 40/77/16 34/79/16
f 13/66/18 32/64/18 33/80/18
f 14/78/19 31/61/19 11/81/19
f 8/58/20 30/82/20 10/63/20
f 7/56/21 29/62/21 27/83/21
f 15/69/17 22/84/17 2/49/17
f 1/46/16 36/85/16 16/72/16
f 43/86/1 42/87/1 41/88/1
f 45/89/2 44/90/2 43/91/2
f 51/92/3 50/93/3 49/94/3
f 56/95/1 57/96/1 58/97/1
f 60/98/4 53/99/4 54/100/4
f 58/101/5 59/102/5 60/98/5
f 45/89/6 48/103/6 46/104/6
f 51/92/7 53/105/7 52/106/7
f 49/94/8 48/107/8 47/108/8
f 42/87/1 56/95/1 41/88/1
f 62/109/9 63/110/9 61/111/9
f 64/112/4 65/113/4 63/114/4
f 70/115/22 71/116/22 69/117/22
f 77/118/11 76/119/11 78/120/11
f 73/121/12 80/122/12 74/123/12
f 79/124/6 78/125/6 80/122/6
f 68/126/13 65/113/13 66/127/13
f 71/116/23 73/128/23 74/129/23
f 69/117/24 68/130/24 70/115/24
f 76/119/3 62/109/3 61/111/3
f 41/131/17 63/132/17 43/133/17
f 64/134/16 42/135/16 44/136/16
f 63/132/17 45/137/17 43/133/17
f 66/138/16 44/136/16 46/139/16
f 65/140/17 47/141/17 45/137/17
f 48/142/16 66/138/16 46/139/16
f 49/143/17 71/144/17 51/145/17
f 72/146/16 50/147/16 52/148/16
f 79/149/16 53/150/16 59/151/16
f 55/152/16 77/153/16 57/154/16
f 78/155/17 56/156/17 58/157/17
f 77/153/16 59/151/16 57/154/16
f 80/158/17 58/157/17 60/159/17
f 54/160/17 80/158/17 60/159/17
f 53/150/25 72/146/25 52/148/25
f 71/144/26 54/160/26 51/145/26
f 70/161/27 48/142/27 50/147/27
f 47/141/28 69/162/28 49/143/28
f 62/163/16 55/152/16 42/135/16
f 76/164/17 41/131/17 56/156/17
f 257/165/5 118/166/5 117/167/5
f 256/168/1 119/169/1 118/170/1
f 258/171/2 120/172/2 119/173/2
f 115/174/29 105/175/29 276/176/29
f 261/177/4 117/167/4 122/178/4
f 85/179/1 130/180/1 83/181/1
f 263/182/5 150/183/5 149/184/5
f 262/185/1 151/186/1 150/187/1
f 264/188/2 152/189/2 151/190/2
f 265/191/6 153/192/6 152/189/6
f 92/193/30 90/194/30 274/195/30
f 266/196/3 154/197/3 153/198/3
f 267/199/4 149/184/4 154/200/4
f 103/201/3 159/202/3 101/203/3
f 269/204/3 123/205/3 270/206/3
f 94/207/31 104/208/31 275/209/31
f 272/210/2 125/211/2 126/212/2
f 273/213/1 126/214/1 127/215/1
f 269/216/4 128/217/4 124/218/4
f 268/219/5 127/220/5 128/217/5
f 116/221/4 136/222/4 106/223/4
f 270/224/6 125/211/6 271/225/6
f 261/226/3 121/227/3 260/228/3
f 260/229/6 120/172/6 259/230/6
f 81/231/16 118/232/16 83/233/16
f 85/234/16 118/232/16 119/235/16
f 87/236/16 119/235/16 120/237/16
f 89/238/16 120/237/16 121/239/16
f 89/238/16 122/240/16 91/241/16
f 91/241/16 117/242/16 81/231/16
f 108/243/16 124/244/16 106/245/16
f 108/243/16 125/246/16 123/247/16
f 112/248/16 125/246/16 110/249/16
f 114/250/16 126/251/16 112/248/16
f 114/250/16 128/252/16 127/253/16
f 106/245/16 128/252/16 116/254/16
f 132/255/2 143/256/2 131/257/2
f 129/258/3 144/259/3 132/260/3
f 110/261/2 138/262/2 112/263/2
f 81/264/4 134/265/4 91/266/4
f 87/267/2 131/257/2 85/268/2
f 112/269/1 139/270/1 114/271/1
f 106/272/3 135/273/3 108/274/3
f 89/275/6 132/255/6 87/267/6
f 114/276/5 140/277/5 116/221/5
f 83/278/5 129/279/5 81/264/5
f 108/280/6 137/281/6 110/261/6
f 91/282/3 133/283/3 89/284/3
f 134/285/16 132/286/16 133/287/16
f 140/288/16 135/289/16 136/290/16
f 142/291/16 144/292/16 141/293/16
f 147/294/16 146/295/16 148/296/16
f 166/297/16 141/293/16 164/298/16
f 138/299/1 147/300/1 139/270/1
f 140/301/3 146/302/3 137/303/3
f 131/304/1 142/305/1 130/180/1
f 139/306/5 148/307/5 140/277/5
f 164/308/3 129/258/3 161/309/3
f 168/310/1 142/305/1 166/311/1
f 168/312/17 129/313/17 130/314/17
f 93/315/16 150/316/16 95/317/16
f 95/317/16 151/318/16 97/319/16
f 97/319/16 152/320/16 99/321/16
f 101/322/16 152/320/16 153/323/16
f 101/322/16 154/324/16 103/325/16
f 93/315/16 154/324/16 149/326/16
f 158/327/2 171/328/2 157/329/2
f 99/330/2 157/329/2 97/331/2
f 95/332/5 155/333/5 93/334/5
f 93/334/4 160/335/4 103/336/4
f 101/337/6 158/327/6 99/330/6
f 97/338/1 156/339/1 95/340/1
f 137/341/17 167/342/17 138/343/17
f 162/344/17 168/312/17 167/342/17
f 138/299/1 165/345/1 145/346/1
f 167/347/1 166/311/1 165/345/1
f 146/302/3 162/348/3 137/303/3
f 146/295/16 165/349/16 163/350/16
f 165/349/16 164/298/16 163/350/16
f 163/351/32 156/352/32 162/353/32
f 171/354/33 163/350/33 164/298/33
f 157/329/34 164/355/34 161/356/34
f 155/357/16 159/358/16 160/359/16
f 170/360/16 172/361/16 169/362/16
f 156/352/5 169/363/5 155/333/5
f 155/364/3 172/365/3 158/366/3
f 162/344/35 157/367/35 161/368/35
f 278/369/36 175/370/36 540/371/36
f 175/372/37 539/373/37 540/374/37
f 438/375/17 280/376/17 539/373/17
f 177/377/38 537/378/38 280/376/38
f 179/379/39 284/380/39 282/381/39
f 181/382/40 286/383/40 284/384/40
f 434/385/16 535/386/16 286/383/16
f 181/387/41 201/388/41 457/389/41
f 183/390/42 288/391/42 535/386/42
f 432/392/43 278/369/43 288/393/43
f 238/394/44 186/395/44 184/396/44
f 237/397/45 188/398/45 186/399/45
f 239/400/46 190/401/46 188/398/46
f 240/402/47 192/403/47 190/404/47
f 241/405/48 194/406/48 192/403/48
f 242/407/49 196/408/49 194/409/49
f 197/410/46 322/411/46 199/412/46
f 243/413/50 198/414/50 196/408/50
f 244/415/51 184/396/51 198/416/51
f 184/396/52 255/417/52 198/416/52
f 177/377/53 458/418/53 436/419/53
f 175/370/54 200/420/54 461/421/54
f 177/377/55 460/422/55 459/423/55
f 438/375/56 461/424/56 460/422/56
f 432/392/57 200/420/57 174/425/57
f 183/390/58 203/426/58 432/427/58
f 434/385/59 202/428/59 183/390/59
f 434/385/60 457/429/60 456/430/60
f 465/431/61 209/432/61 471/433/61
f 202/428/42 208/434/42 203/426/42
f 460/422/17 205/435/17 459/423/17
f 203/436/43 204/437/43 200/420/43
f 459/423/38 464/438/38 458/418/38
f 456/430/16 207/439/16 202/428/16
f 468/440/62 472/441/62 467/442/62
f 207/439/63 467/443/63 208/434/63
f 463/444/64 211/445/64 212/446/64
f 465/431/65 470/447/65 205/448/65
f 208/449/66 210/450/66 204/437/66
f 462/451/67 212/452/67 213/453/67
f 205/448/68 469/454/68 464/455/68
f 466/456/69 210/450/69 209/457/69
f 207/439/70 213/453/70 468/458/70
f 216/459/36 567/460/36 217/461/36
f 212/462/62 216/463/62 217/464/62
f 213/465/62 217/464/62 473/466/62
f 470/447/62 215/467/62 469/454/62
f 209/432/62 214/468/62 476/469/62
f 468/440/62 473/466/62 218/470/62
f 469/454/62 216/463/62 211/471/62
f 471/433/62 476/469/62 475/472/62
f 217/473/37 566/474/37 473/475/37
f 474/476/42 568/477/42 215/478/42
f 473/475/17 314/479/17 218/480/17
f 216/459/43 568/481/43 313/482/43
f 218/480/38 565/483/38 472/484/38
f 481/485/1 225/486/1 229/487/1
f 439/488/36 220/489/36 173/490/36
f 437/491/71 227/492/71 226/493/71
f 221/494/72 231/495/72 232/496/72
f 431/497/43 220/489/43 224/498/43
f 182/499/42 224/500/42 477/501/42
f 433/502/16 477/501/16 478/503/16
f 180/504/40 478/503/40 223/505/40
f 178/506/39 223/507/39 222/508/39
f 178/506/73 479/509/73 435/510/73
f 228/511/74 231/512/74 227/513/74
f 227/514/17 230/515/17 226/516/17
f 226/517/75 229/487/75 225/486/75
f 480/518/76 481/519/76 229/520/76
f 479/509/3 228/511/3 435/510/3
f 176/521/77 228/522/77 227/492/77
f 480/523/78 231/495/78 221/494/78
f 437/491/79 225/524/79 439/525/79
f 479/526/80 221/527/80 232/528/80
f 230/529/81 480/523/81 229/530/81
f 185/531/82 237/532/82 238/533/82
f 187/534/83 239/535/83 237/532/83
f 191/536/84 239/535/84 189/537/84
f 193/538/85 240/539/85 191/536/85
f 193/538/86 242/540/86 241/541/86
f 195/542/87 243/543/87 242/540/87
f 199/544/88 243/543/88 197/545/88
f 185/531/89 244/546/89 199/544/89
f 193/547/44 320/548/44 195/549/44
f 189/550/50 318/551/50 191/552/50
f 185/553/48 315/554/48 187/555/48
f 185/553/47 322/556/47 316/557/47
f 197/410/45 320/558/45 321/559/45
f 193/547/51 318/560/51 319/561/51
f 187/562/49 317/563/49 189/550/49
f 184/396/90 249/564/90 248/565/90
f 190/401/91 250/566/91 188/398/91
f 194/409/92 254/567/92 253/568/92
f 192/403/93 251/569/93 190/404/93
f 198/414/94 254/567/94 196/408/94
f 186/399/95 250/566/95 249/570/95
f 192/403/96 253/571/96 252/572/96
f 233/573/97 481/574/97 495/575/97
f 495/575/97 480/523/97 494/576/97
f 234/577/97 480/523/97 221/494/97
f 235/578/97 221/494/97 479/579/97
f 236/580/97 479/579/97 222/581/97
f 236/580/97 223/582/97 493/583/97
f 493/583/97 478/584/97 492/585/97
f 492/585/97 477/586/97 491/587/97
f 490/588/97 477/586/97 224/589/97
f 233/573/97 224/589/97 220/590/97
f 491/591/98 335/592/98 492/593/98
f 235/594/99 333/595/99 332/596/99
f 493/597/100 333/595/100 236/598/100
f 234/599/101 591/600/101 494/601/101
f 492/593/102 334/602/102 493/603/102
f 234/599/103 332/604/103 590/605/103
f 323/606/104 249/607/104 324/608/104
f 324/608/105 250/609/105 325/610/105
f 326/611/106 250/609/106 251/612/106
f 327/613/107 251/612/107 252/614/107
f 327/613/108 253/615/108 328/616/108
f 328/616/109 254/617/109 329/618/109
f 330/619/110 254/617/110 255/620/110
f 323/606/111 255/620/111 248/621/111
f 84/622/17 257/623/17 82/624/17
f 86/625/17 256/626/17 84/622/17
f 88/627/17 258/628/17 86/625/17
f 88/627/17 260/629/17 259/630/17
f 90/194/17 261/631/17 260/629/17
f 82/624/17 261/631/17 92/193/17
f 94/207/17 262/632/17 263/633/17
f 98/634/17 262/632/17 96/635/17
f 100/636/17 264/637/17 98/634/17
f 100/636/17 266/638/17 265/639/17
f 102/640/17 267/641/17 266/638/17
f 104/208/17 263/633/17 267/641/17
f 105/175/17 268/642/17 269/643/17
f 107/644/17 271/645/17 109/646/17
f 109/646/17 272/647/17 111/648/17
f 111/648/17 273/649/17 113/650/17
f 113/650/17 268/642/17 115/174/17
f 105/175/17 270/651/17 107/644/17
f 82/624/29 92/193/29 274/195/29
f 107/644/112 109/646/112 276/176/112
f 96/635/113 94/207/113 275/209/113
f 109/646/114 111/648/114 276/176/114
f 98/634/115 96/635/115 275/209/115
f 84/622/116 82/624/116 274/195/116
f 111/648/117 113/650/117 276/176/117
f 100/636/118 98/634/118 275/209/118
f 86/625/117 84/622/117 274/195/117
f 113/650/116 115/174/116 276/176/116
f 102/640/119 100/636/119 275/209/119
f 88/627/114 86/625/114 274/195/114
f 105/175/30 107/644/30 276/176/30
f 104/208/120 102/640/120 275/209/120
f 90/194/112 88/627/112 274/195/112
f 289/652/43 173/490/43 431/497/43
f 288/653/17 542/654/17 289/655/17
f 182/499/42 289/656/42 431/657/42
f 535/386/42 289/656/42 536/658/42
f 433/502/16 536/658/16 182/499/16
f 286/383/16 536/658/16 287/659/16
f 285/660/40 433/502/40 180/504/40
f 285/660/40 286/383/40 287/659/40
f 283/661/39 180/662/39 178/506/39
f 282/381/39 285/663/39 283/661/39
f 281/664/38 435/665/38 176/666/38
f 280/376/38 538/667/38 281/664/38
f 279/668/17 176/666/17 437/669/17
f 539/373/17 281/664/17 279/668/17
f 541/670/37 437/669/37 439/671/37
f 540/374/37 279/668/37 541/670/37
f 288/672/97 291/673/97 293/674/97
f 293/675/1 290/676/1 542/677/1
f 290/676/1 543/678/1 292/679/1
f 289/680/62 290/681/62 277/682/62
f 541/683/62 290/681/62 292/684/62
f 541/685/16 543/686/16 540/687/16
f 295/688/121 296/689/121 294/690/121
f 549/691/122 547/692/122 296/693/122
f 298/694/123 299/695/123 297/696/123
f 546/697/124 544/698/124 299/699/124
f 294/700/125 303/701/125 544/702/125
f 297/703/126 302/704/126 301/705/126
f 296/706/127 550/707/127 551/708/127
f 299/709/128 303/701/128 302/704/128
f 294/700/129 551/708/129 300/710/129
f 300/711/130 552/712/130 303/713/130
f 302/714/131 305/715/131 301/716/131
f 303/713/16 553/717/16 302/718/16
f 554/719/132 309/720/132 308/721/132
f 555/722/133 306/723/133 304/724/133
f 555/722/134 308/721/134 307/725/134
f 307/725/135 337/726/135 595/727/135
f 308/721/136 338/728/136 337/726/136
f 307/725/137 336/729/137 306/723/137
f 311/730/16 563/731/16 562/732/16
f 559/733/97 562/734/97 558/735/97
f 564/736/3 559/737/3 561/738/3
f 219/739/62 314/740/62 566/741/62
f 219/739/62 565/742/62 314/740/62
f 245/743/62 315/744/62 316/745/62
f 245/743/62 317/746/62 315/744/62
f 245/743/62 318/747/62 317/746/62
f 245/743/62 319/748/62 318/747/62
f 245/743/62 320/749/62 319/748/62
f 245/743/62 321/750/62 320/749/62
f 245/743/62 322/751/62 321/750/62
f 245/743/62 316/745/62 322/751/62
f 246/752/138 323/606/138 324/608/138
f 246/752/139 324/608/139 325/610/139
f 246/752/140 325/610/140 326/611/140
f 246/752/141 326/611/141 327/613/141
f 246/752/142 327/613/142 328/616/142
f 246/752/143 328/616/143 329/618/143
f 246/752/144 329/618/144 330/619/144
f 246/752/145 330/619/145 323/606/145
f 247/753/97 590/754/97 332/755/97
f 247/753/97 332/755/97 333/756/97
f 247/753/97 333/756/97 334/757/97
f 247/753/97 334/757/97 335/758/97
f 247/753/97 335/758/97 589/759/97
f 310/760/1 595/727/1 337/726/1
f 310/760/1 337/726/1 338/728/1
f 376/761/5 515/762/5 375/763/5
f 377/764/1 514/765/1 376/766/1
f 378/767/2 516/768/2 377/769/2
f 373/770/146 534/771/146 363/772/146
f 375/763/4 519/773/4 380/774/4
f 388/775/1 343/776/1 341/777/1
f 408/778/5 521/779/5 407/780/5
f 409/781/1 520/782/1 408/783/1
f 410/784/2 522/785/2 409/786/2
f 411/787/6 523/788/6 410/784/6
f 350/789/147 532/790/147 348/791/147
f 412/792/3 524/793/3 411/794/3
f 407/780/4 525/795/4 412/796/4
f 417/797/3 361/798/3 359/799/3
f 381/800/3 527/801/3 528/802/3
f 352/803/148 533/804/148 362/805/148
f 383/806/2 530/807/2 384/808/2
f 384/809/1 531/810/1 385/811/1
f 386/812/4 527/813/4 382/814/4
f 385/815/5 526/816/5 386/812/5
f 394/817/4 374/818/4 364/819/4
f 383/806/6 528/820/6 529/821/6
f 379/822/3 519/823/3 518/824/3
f 378/767/6 518/825/6 517/826/6
f 376/827/17 339/828/17 341/829/17
f 343/830/17 376/827/17 341/829/17
f 345/831/17 377/832/17 343/830/17
f 347/833/17 378/834/17 345/831/17
f 380/835/17 347/833/17 349/836/17
f 375/837/17 349/836/17 339/828/17
f 382/838/17 366/839/17 364/840/17
f 366/839/17 383/841/17 368/842/17
f 383/841/17 370/843/17 368/842/17
f 384/844/17 372/845/17 370/843/17
f 372/845/17 386/846/17 374/847/17
f 386/846/17 364/840/17 374/847/17
f 401/848/2 390/849/2 389/850/2
f 402/851/3 387/852/3 390/853/3
f 370/854/2 395/855/2 368/856/2
f 392/857/4 339/858/4 349/859/4
f 389/850/2 345/860/2 343/861/2
f 397/862/1 370/863/1 372/864/1
f 393/865/3 364/866/3 366/867/3
f 390/849/6 347/868/6 345/860/6
f 398/869/5 372/870/5 374/818/5
f 387/871/5 341/872/5 339/858/5
f 395/855/6 366/873/6 368/856/6
f 391/874/3 349/875/3 347/876/3
f 392/877/17 390/878/17 387/879/17
f 393/880/17 398/881/17 394/882/17
f 402/883/17 400/884/17 399/885/17
f 404/886/17 405/887/17 406/888/17
f 399/885/17 424/889/17 422/890/17
f 405/891/1 396/892/1 397/862/1
f 404/893/3 398/894/3 395/895/3
f 400/896/1 389/897/1 388/775/1
f 406/898/5 397/899/5 398/869/5
f 387/852/3 422/900/3 419/901/3
f 400/896/1 426/902/1 424/903/1
f 426/904/16 387/905/16 419/906/16
f 408/907/17 351/908/17 353/909/17
f 409/910/17 353/909/17 355/911/17
f 410/912/17 355/911/17 357/913/17
f 411/914/17 357/913/17 359/915/17
f 412/916/17 359/915/17 361/917/17
f 351/908/17 412/916/17 361/917/17
f 429/918/2 416/919/2 415/920/2
f 415/920/2 357/921/2 355/922/2
f 413/923/5 353/924/5 351/925/5
f 418/926/4 351/925/4 361/927/4
f 416/919/6 359/928/6 357/921/6
f 414/929/1 355/930/1 353/931/1
f 425/932/16 395/933/16 396/934/16
f 426/904/16 420/935/16 425/932/16
f 423/936/1 396/892/1 403/937/1
f 424/903/1 425/938/1 423/936/1
f 420/939/3 404/893/3 395/895/3
f 404/886/17 423/940/17 403/941/17
f 422/890/17 423/940/17 421/942/17
f 421/943/32 414/944/32 428/945/32
f 421/942/149 429/946/149 422/890/149
f 422/947/34 415/920/34 419/948/34
f 417/949/17 413/950/17 418/951/17
f 430/952/17 428/953/17 427/954/17
f 427/955/5 414/944/5 413/923/5
f 430/956/3 413/957/3 416/958/3
f 420/935/150 415/959/150 414/960/150
f 537/961/73 179/379/73 282/381/73
f 436/962/151 201/388/151 179/379/151
f 442/963/51 497/964/51 440/965/51
f 444/966/50 496/967/50 442/968/50
f 446/969/49 498/970/49 444/966/49
f 448/971/48 499/972/48 446/973/48
f 450/974/47 500/975/47 448/971/47
f 452/976/46 501/977/46 450/978/46
f 579/979/49 453/980/49 455/981/49
f 452/976/45 503/982/45 502/983/45
f 440/965/44 503/984/44 454/985/44
f 513/986/90 440/965/90 454/985/90
f 206/987/39 457/389/39 201/388/39
f 466/988/37 460/422/37 461/424/37
f 458/989/73 206/987/73 201/388/73
f 204/437/36 461/421/36 200/420/36
f 463/990/40 456/430/40 457/429/40
f 464/991/152 211/445/152 206/987/152
f 467/442/62 214/468/62 210/992/62
f 471/433/62 474/993/62 470/447/62
f 312/994/39 476/995/39 214/996/39
f 565/997/73 214/996/73 472/998/73
f 570/999/16 474/476/16 475/1000/16
f 571/1001/40 475/1000/40 476/1002/40
f 224/498/1 482/1003/1 431/497/1
f 483/1004/153 433/1005/153 182/1006/153
f 478/584/154 489/1007/154 488/1008/154
f 437/669/37 481/1009/37 439/671/37
f 176/666/17 480/1010/17 437/669/17
f 435/665/38 221/1011/38 176/666/38
f 488/1012/155 485/1013/155 484/1014/155
f 487/1015/16 484/1016/16 483/1017/16
f 486/1018/156 483/1019/156 482/1003/156
f 477/586/157 486/1020/157 224/589/157
f 485/1013/3 223/507/3 180/662/3
f 433/1005/158 485/1021/158 180/1022/158
f 488/1008/159 477/586/159 478/584/159
f 482/1023/160 182/1006/160 431/1024/160
f 223/582/161 489/1007/161 478/584/161
f 487/1025/162 486/1020/162 477/586/162
f 331/1026/163 490/1027/163 233/1028/163
f 441/1029/89 496/1030/89 443/1031/89
f 443/1031/88 498/1032/88 445/1033/88
f 498/1032/87 447/1034/87 445/1033/87
f 499/1035/86 449/1036/86 447/1034/86
f 449/1036/85 501/1037/85 451/1038/85
f 451/1038/84 502/1039/84 453/1040/84
f 502/1039/83 455/1041/83 453/1040/83
f 503/1042/82 441/1029/82 455/1041/82
f 577/1043/51 449/1044/51 451/1045/51
f 575/1046/45 445/1047/45 447/1048/45
f 572/1049/47 441/1050/47 443/1051/47
f 441/1050/48 579/1052/48 455/1053/48
f 453/980/50 577/1054/50 451/1055/50
f 449/1044/44 575/1056/44 447/1057/44
f 445/1047/46 572/1058/46 443/1059/46
f 440/965/52 507/1060/52 442/963/52
f 508/1061/92 446/969/92 444/966/92
f 450/978/91 512/1062/91 452/976/91
f 509/1063/96 448/971/96 446/973/96
f 512/1062/95 454/1064/95 452/976/95
f 442/968/94 508/1061/94 444/966/94
f 448/971/93 511/1065/93 450/974/93
f 588/1066/164 491/591/164 490/1067/164
f 494/601/165 592/1068/165 495/1069/165
f 495/1070/166 331/1026/166 233/1028/166
f 507/1071/111 580/1072/111 581/1073/111
f 508/1074/110 581/1073/110 582/1075/110
f 583/1076/109 508/1074/109 582/1075/109
f 584/1077/108 509/1078/108 583/1076/108
f 511/1079/107 584/1077/107 585/1080/107
f 512/1081/106 585/1080/106 586/1082/106
f 587/1083/105 512/1081/105 586/1082/105
f 580/1072/104 513/1084/104 587/1083/104
f 515/1085/16 342/1086/16 340/1087/16
f 514/1088/16 344/1089/16 342/1086/16
f 516/1090/16 346/1091/16 344/1089/16
f 517/1092/16 348/791/16 346/1091/16
f 518/1093/16 350/789/16 348/791/16
f 519/1094/16 340/1087/16 350/789/16
f 521/1095/16 354/1096/16 352/803/16
f 520/1097/16 356/1098/16 354/1096/16
f 356/1098/16 523/1099/16 358/1100/16
f 523/1099/16 360/1101/16 358/1100/16
f 360/1101/16 525/1102/16 362/805/16
f 525/1102/16 352/803/16 362/805/16
f 527/1103/16 373/770/16 363/772/16
f 529/1104/16 365/1105/16 367/1106/16
f 369/1107/16 529/1104/16 367/1106/16
f 531/1108/16 369/1107/16 371/1109/16
f 373/770/16 531/1108/16 371/1109/16
f 528/1110/16 363/772/16 365/1105/16
f 340/1087/146 532/790/146 350/789/146
f 365/1105/167 534/771/167 367/1106/167
f 354/1096/168 533/804/168 352/803/168
f 367/1106/169 534/771/169 369/1107/169
f 356/1098/170 533/804/170 354/1096/170
f 342/1086/171 532/790/171 340/1087/171
f 369/1107/172 534/771/172 371/1109/172
f 358/1100/173 533/804/173 356/1098/173
f 344/1089/172 532/790/172 342/1086/172
f 371/1109/171 534/771/171 373/770/171
f 360/1101/174 533/804/174 358/1100/174
f 346/1091/169 532/790/169 344/1089/169
f 363/772/147 534/771/147 365/1105/147
f 362/805/175 533/804/175 360/1101/175
f 348/791/167 532/790/167 346/1091/167
f 173/490/36 541/1111/36 439/488/36
f 435/510/73 283/661/73 178/506/73
f 538/1112/73 282/381/73 283/661/73
f 540/1113/97 291/673/97 278/1114/97
f 544/698/176 295/1115/176 294/1116/176
f 547/1117/177 298/694/177 297/696/177
f 546/1118/3 548/1119/3 295/1120/3
f 297/703/178 550/707/178 547/1121/178
f 555/1122/179 300/1123/179 551/1124/179
f 305/715/180 550/1125/180 301/716/180
f 554/1126/17 551/1127/17 550/1128/17
f 553/1129/181 309/720/181 305/1130/181
f 306/723/182 552/1131/182 304/724/182
f 556/1132/183 553/1129/183 552/1131/183
f 556/1132/184 594/1133/184 557/1134/184
f 557/1134/185 338/728/185 309/720/185
f 336/729/186 556/1132/186 306/723/186
f 560/1135/17 559/1136/17 558/1137/17
f 563/1138/62 561/1139/62 560/1140/62
f 219/739/62 312/1141/62 565/742/62
f 219/739/62 566/741/62 567/1142/62
f 219/739/62 567/1142/62 313/1143/62
f 219/739/62 313/1143/62 568/1144/62
f 219/739/62 568/1144/62 569/1145/62
f 219/739/62 569/1145/62 570/1146/62
f 219/739/62 570/1146/62 571/1147/62
f 219/739/62 571/1147/62 312/1141/62
f 504/1148/62 573/1149/62 572/1150/62
f 504/1148/62 572/1150/62 574/1151/62
f 504/1148/62 574/1151/62 575/1152/62
f 504/1148/62 575/1152/62 576/1153/62
f 504/1148/62 576/1153/62 577/1154/62
f 504/1148/62 577/1154/62 578/1155/62
f 504/1148/62 578/1155/62 579/1156/62
f 504/1148/62 579/1156/62 573/1149/62
f 505/1157/145 581/1073/145 580/1072/145
f 505/1157/144 582/1075/144 581/1073/144
f 505/1157/143 583/1076/143 582/1075/143
f 505/1157/142 584/1077/142 583/1076/142
f 505/1157/141 585/1080/141 584/1077/141
f 505/1157/140 586/1082/140 585/1080/140
f 505/1157/139 587/1083/139 586/1082/139
f 505/1157/138 580/1072/138 587/1083/138
f 247/753/97 588/1158/97 331/1159/97
f 247/753/97 589/759/97 588/1158/97
f 247/753/97 591/1160/97 590/754/97
f 247/753/97 592/1161/97 591/1160/97
f 247/753/97 331/1159/97 592/1161/97
f 310/760/1 593/1162/1 336/729/1
f 310/760/1 594/1133/1 593/1162/1
f 310/760/1 338/728/1 594/1133/1
f 310/760/1 336/729/1 595/727/1
f 599/1163/187 607/1164/187 606/1165/187
f 598/1166/188 608/1167/188 607/1168/188
f 600/1169/189 609/1170/189 608/1171/189
f 601/1172/190 610/1173/190 609/1170/190
f 610/1174/191 603/1175/191 611/1176/191
f 611/1176/192 604/1177/192 612/1178/192
f 612/1179/193 605/1180/193 613/1181/193
f 613/1181/194 599/1163/194 606/1165/194
f 597/1182/195 598/1183/195 599/1184/195
f 597/1182/195 600/1185/195 598/1183/195
f 597/1182/195 601/1186/195 600/1185/195
f 597/1182/195 602/1187/195 601/1186/195
f 597/1182/195 603/1188/195 602/1187/195
f 597/1182/195 604/1189/195 603/1188/195
f 597/1182/195 605/1190/195 604/1189/195
f 597/1182/195 599/1184/195 605/1190/195
f 596/1191/1 606/1192/1 607/1193/1
f 596/1191/1 607/1193/1 608/1194/1
f 596/1191/1 608/1194/1 609/1195/1
f 596/1191/1 609/1195/1 610/1196/1
f 596/1191/1 610/1196/1 611/1197/1
f 596/1191/1 611/1197/1 612/1198/1
f 596/1191/1 612/1198/1 613/1199/1
f 596/1191/1 613/1199/1 606/1192/1
f 620/1200/196 629/1201/196 621/1202/196
f 657/1203/197 618/1204/197 658/1205/197
f 655/1206/198 616/1207/198 615/1208/198
f 656/1209/199 622/1210/199 616/1207/199
f 660/1211/200 621/1202/200 661/1212/200
f 659/1213/201 618/1214/201 619/1215/201
f 655/1206/202 617/1216/202 657/1217/202
f 661/1218/203 622/1210/203 662/1219/203
f 660/1211/204 619/1215/204 620/1200/204
f 623/1220/205 632/1221/205 631/1222/205
f 619/1223/206 626/1224/206 627/1225/206
f 615/1208/207 625/1226/207 617/1216/207
f 621/1227/208 630/1228/208 622/1210/208
f 619/1215/209 628/1229/209 620/1200/209
f 617/1230/210 626/1224/210 618/1204/210
f 615/1208/211 624/1231/211 623/1220/211
f 616/1207/212 630/1228/212 624/1231/212
f 637/1232/213 646/1233/213 638/1234/213
f 624/1231/214 638/1234/214 632/1221/214
f 628/1229/215 637/1235/215 629/1201/215
f 627/1225/216 634/1236/216 635/1237/216
f 623/1220/217 633/1238/217 625/1226/217
f 629/1239/218 638/1234/218 630/1228/218
f 627/1240/219 636/1241/219 628/1229/219
f 625/1242/220 634/1236/220 626/1224/220
f 635/1243/221 644/1244/221 636/1241/221
f 633/1245/222 642/1246/222 634/1236/222
f 631/1222/223 640/1247/223 639/1248/223
f 632/1221/224 646/1233/224 640/1247/224
f 636/1241/225 645/1249/225 637/1235/225
f 635/1237/226 642/1246/226 643/1250/226
f 631/1222/227 641/1251/227 633/1238/227
f 614/1252/228 656/1209/228 655/1206/228
f 614/1252/228 655/1206/228 657/1217/228
f 614/1252/228 657/1217/228 658/1253/228
f 614/1252/228 658/1253/228 659/1254/228
f 614/1252/228 659/1254/228 660/1255/228
f 614/1252/228 660/1255/228 661/1218/228
f 614/1252/228 661/1218/228 662/1219/228
f 614/1252/228 662/1219/228 656/1209/228
f 678/1256/229 669/1257/229 670/1258/229
f 667/1259/230 706/1260/230 707/1261/230
f 704/1262/231 665/1263/231 705/1264/231
f 705/1264/232 671/1265/232 711/1266/232
f 670/1258/233 709/1267/233 710/1268/233
f 708/1269/234 667/1259/234 707/1261/234
f 666/1270/235 704/1262/235 706/1271/235
f 671/1265/236 710/1268/236 711/1266/236
f 709/1267/237 668/1272/237 708/1273/237
f 672/1274/238 681/1275/238 673/1276/238
f 668/1277/239 675/1278/239 667/1259/239
f 674/1279/240 664/1280/240 666/1270/240
f 679/1281/241 670/1258/241 671/1265/241
f 677/1282/242 668/1277/242 669/1283/242
f 675/1278/243 666/1284/243 667/1259/243
f 664/1280/244 673/1276/244 665/1263/244
f 665/1263/245 679/1281/245 671/1265/245
f 695/1285/246 686/1286/246 687/1287/246
f 673/1276/247 687/1287/247 679/1281/247
f 686/1288/248 677/1289/248 678/1290/248
f 676/1291/249 683/1292/249 675/1278/249
f 682/1293/250 672/1294/250 674/1295/250
f 687/1287/251 678/1256/251 679/1281/251
f 685/1296/252 676/1291/252 677/1282/252
f 683/1292/253 674/1295/253 675/1278/253
f 693/1297/254 684/1298/254 685/1296/254
f 691/1299/255 682/1293/255 683/1292/255
f 680/1300/256 689/1301/256 681/1275/256
f 681/1275/257 695/1285/257 687/1287/257
f 694/1302/258 685/1303/258 686/1288/258
f 684/1298/259 691/1299/259 683/1292/259
f 690/1304/260 680/1305/260 682/1293/260
f 663/1306/261 704/1262/261 705/1264/261
f 663/1306/261 706/1271/261 704/1262/261
f 663/1306/262 707/1307/262 706/1271/262
f 663/1306/261 708/1273/261 707/1307/261
f 663/1306/261 709/1267/261 708/1273/261
f 663/1306/261 710/1268/261 709/1267/261
f 663/1306/261 711/1266/261 710/1268/261
f 663/1306/261 705/1264/261 711/1266/261
f 639/1248/263 689/1308/263 688/1309/263
f 641/1310/264 688/1311/264 690/1312/264
f 642/1246/265 690/1313/265 691/1314/265
f 642/1246/266 692/1315/266 643/1250/266
f 643/1316/267 693/1317/267 644/1244/267
f 644/1318/268 694/1319/268 645/1320/268
f 645/1320/269 695/1321/269 646/1322/269
f 640/1323/270 695/1321/270 689/1324/270
f 725/1325/271 714/1326/271 712/1327/271
f 724/1328/272 716/1329/272 714/1326/272
f 716/1330/273 727/1331/273 718/1332/273
f 727/1333/274 720/1334/274 718/1335/274
f 721/1336/275 735/1337/275 736/1338/275
f 728/1339/276 722/1340/276 720/1334/276
f 722/1341/277 725/1342/277 712/1343/277
f 714/1326/278 740/1344/278 739/1345/278
f 713/1346/62 724/1347/62 725/1348/62
f 717/1349/62 724/1347/62 715/1350/62
f 717/1349/62 727/1351/62 726/1352/62
f 719/1353/62 728/1354/62 727/1351/62
f 723/1355/62 728/1354/62 721/1336/62
f 723/1355/62 725/1348/62 729/1356/62
f 715/1357/279 734/1358/279 717/1359/279
f 721/1336/280 737/1360/280 723/1355/280
f 719/1361/281 734/1362/281 735/1363/281
f 715/1357/282 733/1364/282 732/1365/282
f 713/1366/283 737/1367/283 733/1368/283
f 720/1334/284 743/1369/284 742/1370/284
f 714/1326/285 738/1371/285 712/1327/285
f 718/1332/286 740/1372/286 716/1330/286
f 712/1343/287 743/1373/287 722/1341/287
f 720/1334/288 741/1374/288 718/1335/288
f 730/1375/62 732/1376/62 733/1377/62
f 730/1375/62 734/1378/62 732/1376/62
f 730/1375/62 735/1337/62 734/1378/62
f 730/1375/62 736/1338/62 735/1337/62
f 730/1375/62 737/1360/62 736/1338/62
f 730/1375/62 733/1377/62 737/1360/62
f 731/1379/97 738/1380/97 739/1381/97
f 731/1379/97 739/1381/97 740/1382/97
f 731/1379/97 740/1382/97 741/1383/97
f 731/1379/97 741/1383/97 742/1384/97
f 731/1379/97 742/1384/97 743/1385/97
f 731/1379/97 743/1385/97 738/1380/97
f 745/1386/289 748/1387/289 749/1388/289
f 757/1389/290 750/1390/290 747/1391/290
f 746/1392/291 745/1393/291 749/1394/291
f 757/1389/292 748/1395/292 744/1396/292
f 748/1397/293 753/1398/293 749/1399/293
f 747/1400/294 750/1401/294 751/1402/294
f 746/1403/295 749/1399/295 753/1398/295
f 748/1397/296 751/1404/296 752/1405/296
f 753/1406/297 755/1407/297 756/1408/297
f 751/1402/298 750/1401/298 754/1409/298
f 746/1392/299 753/1410/299 756/1411/299
f 751/1412/300 755/1407/300 752/1413/300
f 755/1407/301 745/1414/301 756/1408/301
f 754/1409/302 750/1401/302 757/1415/302
f 746/1392/303 756/1411/303 745/1393/303
f 755/1407/304 757/1416/304 744/1417/304
f 758/1418/305 763/1419/305 759/1420/305
f 762/1421/306 758/1422/306 760/1423/306
f 759/1424/307 763/1425/307 761/1426/307
f 761/1427/308 758/1428/308 759/1429/308
f 762/1430/309 761/1431/309 763/1432/309
f 765/1433/310 768/1434/310 769/1435/310
f 777/1436/311 770/1437/311 767/1438/311
f 766/1439/312 765/1440/312 769/1441/312
f 764/1442/313 767/1438/313 768/1434/313
f 768/1443/314 773/1444/314 769/1445/314
f 767/1446/315 770/1447/315 771/1448/315
f 766/1439/316 769/1441/316 773/1449/316
f 767/1450/317 772/1451/317 768/1443/317
f 772/1452/318 776/1453/318 773/1454/318
f 771/1448/319 770/1447/319 774/1455/319
f 766/1456/320 773/1454/320 776/1453/320
f 771/1457/321 775/1458/321 772/1452/321
f 776/1459/322 764/1460/322 765/1461/322
f 774/1462/323 770/1463/323 777/1464/323
f 766/1439/324 776/1465/324 765/1440/324
f 775/1466/325 777/1464/325 764/1460/325
f 779/1467/326 782/1468/326 783/1469/326
f 782/1470/327 778/1471/327 780/1472/327
f 779/1473/328 783/1474/328 781/1475/328
f 780/1476/329 779/1473/329 781/1475/329
f 783/1477/330 780/1478/330 781/1479/330
f 785/1480/331 788/1481/331 789/1482/331
f 797/1483/332 790/1484/332 787/1485/332
f 786/1486/333 785/1480/333 789/1482/333
f 784/1487/334 787/1485/334 788/1488/334
f 788/1489/335 793/1490/335 789/1491/335
f 787/1485/336 790/1484/336 791/1492/336
f 786/1493/337 789/1494/337 793/1495/337
f 787/1485/338 792/1496/338 788/1488/338
f 792/1497/339 796/1498/339 793/1495/339
f 791/1492/340 790/1484/340 794/1499/340
f 786/1493/341 793/1495/341 796/1498/341
f 791/1500/342 795/1501/342 792/1502/342
f 796/1498/343 784/1503/343 785/1504/343
f 794/1499/344 790/1484/344 797/1483/344
f 786/1493/345 796/1498/345 785/1504/345
f 795/1505/346 797/1506/346 784/1507/346
f 799/1508/347 802/1509/347 803/1510/347
f 802/1511/348 798/1512/348 800/1513/348
f 799/1514/349 803/1515/349 801/1516/349
f 800/1517/350 799/1518/350 801/1519/350
f 802/1509/351 801/1520/351 803/1510/351
f 804/1521/352 809/1522/352 805/1523/352
f 817/1524/353 810/1525/353 807/1526/353
f 806/1527/354 805/1528/354 809/1529/354
f 817/1530/355 808/1531/355 804/1521/355
f 809/1532/356 812/1533/356 813/1534/356
f 807/1526/357 810/1525/357 811/1535/357
f 806/1527/358 809/1529/358 813/1536/358
f 808/1537/359 811/1538/359 812/1533/359
f 813/1539/360 815/1540/360 816/1541/360
f 811/1535/361 810/1525/361 814/1542/361
f 806/1527/362 813/1536/362 816/1543/362
f 812/1544/363 814/1545/363 815/1540/363
f 815/1546/364 805/1547/364 816/1548/364
f 814/1542/365 810/1525/365 817/1524/365
f 806/1527/366 816/1543/366 805/1528/366
f 814/1549/367 804/1550/367 815/1546/367
f 819/1551/368 822/1552/368 823/1553/368
f 822/1554/369 818/1555/369 820/1556/369
f 819/1557/370 823/1558/370 821/1559/370
f 820/1560/371 819/1561/371 821/1562/371
f 822/1563/372 821/1564/372 823/1565/372
f 825/1566/373 828/1567/373 829/1568/373
f 837/1569/374 830/1570/374 827/1571/374
f 826/1572/375 825/1566/375 829/1568/375
f 824/1573/376 827/1571/376 828/1574/376
f 828/1575/377 833/1576/377 829/1577/377
f 827/1578/378 830/1579/378 831/1580/378
f 826/1581/379 829/1577/379 833/1576/379
f 827/1578/380 832/1582/380 828/1583/380
f 832/1584/381 836/1585/381 833/1586/381
f 831/1580/382 830/1579/382 834/1587/382
f 826/1588/383 833/1586/383 836/1585/383
f 831/1580/384 835/1589/384 832/1582/384
f 836/1590/385 824/1591/385 825/1592/385
f 834/1587/386 830/1579/386 837/1593/386
f 826/1588/387 836/1585/387 825/1594/387
f 835/1595/388 837/1596/388 824/1591/388
f 838/1597/389 843/1598/389 839/1599/389
f 842/1600/390 838/1601/390 840/1602/390
f 839/1603/391 843/1604/391 841/1605/391
f 841/1606/392 838/1607/392 839/1608/392
f 843/1609/393 840/1610/393 841/1611/393
f 844/1612/394 849/1613/394 845/1614/394
f 857/1615/395 850/1616/395 847/1617/395
f 846/1618/396 845/1619/396 849/1620/396
f 857/1621/397 848/1622/397 844/1612/397
f 849/1623/398 852/1624/398 853/1625/398
f 847/1626/399 850/1627/399 851/1628/399
f 846/1618/400 849/1620/400 853/1629/400
f 848/1630/401 851/1631/401 852/1624/401
f 853/1629/402 855/1632/402 856/1633/402
f 851/1628/403 850/1627/403 854/1634/403
f 846/1618/404 853/1629/404 856/1633/404
f 852/1635/405 854/1634/405 855/1636/405
f 855/1637/406 845/1638/406 856/1639/406
f 854/1640/407 850/1616/407 857/1615/407
f 846/1618/408 856/1633/408 845/1619/408
f 854/1641/409 844/1642/409 855/1637/409
f 859/1643/410 862/1644/410 863/1645/410
f 862/1646/411 858/1647/411 860/1648/411
f 859/1643/412 863/1645/412 861/1649/412
f 860/1650/413 859/1651/413 861/1652/413
f 862/1653/414 861/1654/414 863/1655/414
f 864/1656/415 869/1657/415 865/1658/415
f 877/1659/416 870/1660/416 867/1661/416
f 866/1662/417 865/1663/417 869/1664/417
f 864/1656/418 867/1665/418 868/1666/418
f 869/1667/419 872/1668/419 873/1669/419
f 867/1661/420 870/1660/420 871/1670/420
f 866/1662/421 869/1664/421 873/1671/421
f 867/1661/422 872/1672/422 868/1673/422
f 872/1674/423 876/1675/423 873/1676/423
f 871/1670/424 870/1660/424 874/1677/424
f 866/1662/425 873/1671/425 876/1678/425
f 872/1672/426 874/1677/426 875/1679/426
f 876/1678/427 864/1680/427 865/1663/427
f 874/1677/428 870/1660/428 877/1659/428
f 866/1662/429 876/1678/429 865/1663/429
f 874/1681/430 864/1682/430 875/1683/430
f 879/1684/431 882/1685/431 883/1686/431
f 882/1685/432 878/1687/432 880/1688/432
f 879/1689/433 883/1690/433 881/1691/433
f 880/1692/434 879/1693/434 881/1694/434
f 882/1695/435 881/1696/435 883/1697/435
f 884/1698/436 889/1699/436 885/1700/436
f 897/1701/437 890/1702/437 887/1703/437
f 886/1704/438 885/1700/438 889/1699/438
f 897/1705/439 888/1706/439 884/1707/439
f 889/1708/440 892/1709/440 893/1710/440
f 887/1703/441 890/1702/441 891/1711/441
f 886/1704/442 889/1699/442 893/1712/442
f 888/1713/443 891/1714/443 892/1709/443
f 893/1715/444 895/1716/444 896/1717/444
f 891/1711/445 890/1702/445 894/1718/445
f 886/1719/446 893/1715/446 896/1717/446
f 892/1720/447 894/1718/447 895/1721/447
f 895/1722/448 885/1723/448 896/1724/448
f 894/1718/449 890/1702/449 897/1701/449
f 886/1704/450 896/1725/450 885/1700/450
f 894/1726/451 884/1727/451 895/1722/451
f 899/1728/452 902/1729/452 903/1730/452
f 902/1731/453 898/1732/453 900/1733/453
f 899/1734/454 903/1735/454 901/1736/454
f 900/1737/455 899/1734/455 901/1736/455
f 902/1738/456 901/1739/456 903/1740/456
f 905/1741/457 908/1742/457 909/1743/457
f 917/1744/458 910/1745/458 907/1746/458
f 906/1747/459 905/1741/459 909/1743/459
f 904/1748/460 907/1749/460 908/1750/460
f 909/1751/461 912/1752/461 913/1753/461
f 907/1746/462 910/1745/462 911/1754/462
f 906/1747/463 909/1743/463 913/1755/463
f 907/1746/464 912/1756/464 908/1757/464
f 912/1758/465 916/1759/465 913/1760/465
f 911/1754/466 910/1745/466 914/1761/466
f 906/1747/467 913/1755/467 916/1762/467
f 911/1763/468 915/1764/468 912/1758/468
f 916/1762/469 904/1765/469 905/1741/469
f 914/1761/470 910/1745/470 917/1744/470
f 906/1747/471 916/1762/471 905/1741/471
f 914/1766/472 904/1767/472 915/1768/472
f 919/1769/473 922/1770/473 923/1771/473
f 922/1772/474 918/1773/474 920/1774/474
f 919/1775/475 923/1776/475 921/1777/475
f 920/1778/476 919/1779/476 921/1780/476
f 922/1781/477 921/1782/477 923/1783/477
f 924/1784/478 929/1785/478 925/1786/478
f 937/1787/479 930/1788/479 927/1789/479
f 926/1790/480 925/1786/480 929/1785/480
f 937/1787/481 928/1791/481 924/1792/481
f 929/1793/482 932/1794/482 933/1795/482
f 927/1796/483 930/1797/483 931/1798/483
f 926/1790/484 929/1785/484 933/1799/484
f 928/1800/485 931/1798/485 932/1801/485
f 933/1802/486 935/1803/486 936/1804/486
f 931/1798/487 930/1797/487 934/1805/487
f 926/1790/488 933/1799/488 936/1806/488
f 932/1801/489 934/1805/489 935/1807/489
f 935/1808/490 925/1809/490 936/1810/490
f 934/1805/491 930/1797/491 937/1811/491
f 926/1790/492 936/1806/492 925/1786/492
f 934/1812/493 924/1813/493 935/1808/493
f 939/1814/494 942/1815/494 943/1816/494
f 942/1817/495 938/1818/495 940/1819/495
f 939/1820/496 943/1821/496 941/1822/496
f 940/1823/497 939/1820/497 941/1822/497
f 942/1824/498 941/1825/498 943/1826/498
f 2/1/1 4/1827/1 3/2/1
f 4/4/2 6/19/2 5/5/2
f 10/7/3 12/1828/3 11/8/3
f 17/10/1 15/1829/1 16/11/1
f 13/13/4 19/16/4 20/14/4
f 19/16/5 17/1830/5 18/17/5
f 8/18/6 7/1831/6 5/5/6
f 11/8/7 12/1828/7 13/20/7
f 9/9/8 7/1832/8 8/22/8
f 16/11/1 15/1829/1 2/1/1
f 23/23/9 24/1833/9 22/24/9
f 25/26/4 26/41/4 24/27/4
f 31/29/10 32/43/10 30/30/10
f 36/32/11 35/1834/11 37/33/11
f 40/35/12 39/39/12 33/36/12
f 38/38/6 37/1835/6 39/39/6
f 25/26/13 27/1836/13 28/40/13
f 31/29/23 34/1837/23 33/42/23
f 29/31/499 30/30/499 28/44/499
f 22/24/3 35/1834/3 36/32/3
f 1/46/16 3/53/16 23/47/16
f 2/49/17 22/84/17 24/50/17
f 5/52/16 25/57/16 23/47/16
f 6/54/17 4/51/17 24/50/17
f 7/56/16 27/83/16 25/57/16
f 8/58/17 6/54/17 26/55/17
f 9/60/16 11/81/16 31/61/16
f 10/63/17 30/82/17 32/64/17
f 13/66/17 33/80/17 39/67/17
f 15/69/17 17/75/17 37/70/17
f 16/72/16 36/85/16 38/73/16
f 19/68/17 39/67/17 37/70/17
f 20/76/16 18/74/16 38/73/16
f 14/78/16 20/76/16 40/77/16
f 13/66/500 12/65/500 32/64/500
f 14/78/501 34/79/501 31/61/501
f 8/58/502 28/59/502 30/82/502
f 7/56/503 9/60/503 29/62/503
f 15/69/17 35/71/17 22/84/17
f 1/46/16 21/48/16 36/85/16
f 43/86/1 44/1838/1 42/87/1
f 45/89/2 46/104/2 44/90/2
f 51/92/3 52/106/3 50/93/3
f 56/95/1 55/1839/1 57/96/1
f 60/98/4 59/102/4 53/99/4
f 58/101/5 57/1840/5 59/102/5
f 45/89/6 47/1841/6 48/103/6
f 51/92/7 54/1842/7 53/105/7
f 49/94/8 50/93/8 48/107/8
f 42/87/1 55/1839/1 56/95/1
f 62/109/9 64/1843/9 63/110/9
f 64/112/4 66/127/4 65/113/4
f 70/115/22 72/1844/22 71/116/22
f 77/118/11 75/1845/11 76/119/11
f 73/121/12 79/124/12 80/122/12
f 79/124/6 77/1846/6 78/125/6
f 68/126/13 67/1847/13 65/113/13
f 71/116/504 72/1844/504 73/128/504
f 69/117/15 67/1848/15 68/130/15
f 76/119/3 75/1845/3 62/109/3
f 41/131/17 61/1849/17 63/132/17
f 64/134/16 62/163/16 42/135/16
f 63/132/17 65/140/17 45/137/17
f 66/138/16 64/134/16 44/136/16
f 65/140/17 67/1850/17 47/141/17
f 48/142/16 68/1851/16 66/138/16
f 49/143/17 69/162/17 71/144/17
f 72/146/16 70/161/16 50/147/16
f 79/149/16 73/1852/16 53/150/16
f 55/152/16 75/1853/16 77/153/16
f 78/155/17 76/164/17 56/156/17
f 77/153/16 79/149/16 59/151/16
f 80/158/17 78/155/17 58/157/17
f 54/160/17 74/1854/17 80/158/17
f 53/150/505 73/1852/505 72/146/505
f 71/144/506 74/1854/506 54/160/506
f 70/161/507 68/1851/507 48/142/507
f 47/141/508 67/1850/508 69/162/508
f 62/163/16 75/1853/16 55/152/16
f 76/164/17 61/1849/17 41/131/17
f 257/165/5 256/1855/5 118/166/5
f 256/168/1 258/1856/1 119/169/1
f 258/171/2 259/230/2 120/172/2
f 261/177/4 257/165/4 117/167/4
f 85/179/1 131/304/1 130/180/1
f 263/182/5 262/1857/5 150/183/5
f 262/185/1 264/1858/1 151/186/1
f 264/188/2 265/191/2 152/189/2
f 265/191/6 266/1859/6 153/192/6
f 266/196/3 267/1860/3 154/197/3
f 267/199/4 263/182/4 149/184/4
f 103/201/3 160/1861/3 159/202/3
f 269/204/3 124/1862/3 123/205/3
f 272/210/2 271/225/2 125/211/2
f 273/213/1 272/1863/1 126/214/1
f 269/216/4 268/219/4 128/217/4
f 268/219/5 273/1864/5 127/220/5
f 116/221/4 140/277/4 136/222/4
f 270/224/6 123/1865/6 125/211/6
f 261/226/3 122/1866/3 121/227/3
f 260/229/6 121/1867/6 120/172/6
f 81/231/16 117/242/16 118/232/16
f 85/234/16 83/233/16 118/232/16
f 87/236/16 85/234/16 119/235/16
f 89/238/16 87/236/16 120/237/16
f 89/238/16 121/239/16 122/240/16
f 91/241/16 122/240/16 117/242/16
f 108/243/16 123/247/16 124/244/16
f 108/243/16 110/249/16 125/246/16
f 112/248/16 126/251/16 125/246/16
f 114/250/16 127/253/16 126/251/16
f 114/250/16 116/254/16 128/252/16
f 106/245/16 124/244/16 128/252/16
f 132/255/2 144/1868/2 143/256/2
f 129/258/3 141/1869/3 144/259/3
f 110/261/2 137/281/2 138/262/2
f 81/264/4 129/279/4 134/265/4
f 87/267/2 132/255/2 131/257/2
f 112/269/1 138/299/1 139/270/1
f 106/272/3 136/1870/3 135/273/3
f 89/275/6 133/1871/6 132/255/6
f 114/276/5 139/306/5 140/277/5
f 83/278/5 130/1872/5 129/279/5
f 108/280/6 135/1873/6 137/281/6
f 91/282/3 134/1874/3 133/283/3
f 134/285/16 129/1875/16 132/286/16
f 140/288/16 137/1876/16 135/289/16
f 142/291/16 143/1877/16 144/292/16
f 147/294/16 145/1878/16 146/295/16
f 166/297/16 142/291/16 141/293/16
f 138/299/1 145/346/1 147/300/1
f 140/301/3 148/1879/3 146/302/3
f 131/304/1 143/1880/1 142/305/1
f 139/306/5 147/1881/5 148/307/5
f 164/308/3 141/1869/3 129/258/3
f 168/310/1 130/180/1 142/305/1
f 168/312/17 161/368/17 129/313/17
f 93/315/16 149/326/16 150/316/16
f 95/317/16 150/316/16 151/318/16
f 97/319/16 151/318/16 152/320/16
f 101/322/16 99/321/16 152/320/16
f 101/322/16 153/323/16 154/324/16
f 93/315/16 103/325/16 154/324/16
f 158/327/2 172/1882/2 171/328/2
f 99/330/2 158/327/2 157/329/2
f 95/332/5 156/352/5 155/333/5
f 93/334/4 155/333/4 160/335/4
f 101/337/6 159/1883/6 158/327/6
f 97/338/1 157/1884/1 156/339/1
f 137/341/17 162/344/17 167/342/17
f 162/344/17 161/368/17 168/312/17
f 138/299/1 167/347/1 165/345/1
f 167/347/1 168/310/1 166/311/1
f 146/302/3 163/1885/3 162/348/3
f 146/295/16 145/1878/16 165/349/16
f 165/349/16 166/297/16 164/298/16
f 163/351/32 170/1886/32 156/352/32
f 171/354/33 170/360/33 163/350/33
f 157/329/34 171/328/34 164/355/34
f 155/357/16 158/1887/16 159/358/16
f 170/360/16 171/354/16 172/361/16
f 156/352/5 170/1886/5 169/363/5
f 155/364/3 169/1888/3 172/365/3
f 162/344/35 156/1889/35 157/367/35
f 278/369/36 174/425/36 175/370/36
f 175/372/37 438/375/37 539/373/37
f 438/375/17 177/377/17 280/376/17
f 177/377/38 436/419/38 537/378/38
f 179/379/39 181/387/39 284/380/39
f 181/382/40 434/385/40 286/383/40
f 434/385/16 183/390/16 535/386/16
f 181/387/41 179/379/41 201/388/41
f 183/390/42 432/427/42 288/391/42
f 432/392/43 174/425/43 278/369/43
f 238/394/44 237/1890/44 186/395/44
f 237/397/45 239/400/45 188/398/45
f 239/400/46 240/1891/46 190/401/46
f 240/402/47 241/405/47 192/403/47
f 241/405/48 242/1892/48 194/406/48
f 242/407/49 243/413/49 196/408/49
f 197/410/46 321/559/46 322/411/46
f 243/413/50 244/1893/50 198/414/50
f 244/415/51 238/394/51 184/396/51
f 184/396/52 248/565/52 255/417/52
f 177/377/53 459/423/53 458/418/53
f 175/370/54 174/425/54 200/420/54
f 177/377/55 438/375/55 460/422/55
f 438/375/56 175/372/56 461/424/56
f 432/392/57 203/436/57 200/420/57
f 183/390/58 202/428/58 203/426/58
f 434/385/59 456/430/59 202/428/59
f 434/385/60 181/382/60 457/429/60
f 465/431/61 466/1894/61 209/432/61
f 202/428/42 207/439/42 208/434/42
f 460/422/17 465/1895/17 205/435/17
f 203/436/43 208/449/43 204/437/43
f 459/423/38 205/435/38 464/438/38
f 456/430/16 462/451/16 207/439/16
f 468/440/62 218/470/62 472/441/62
f 207/439/63 468/458/63 467/443/63
f 463/444/64 206/987/64 211/445/64
f 465/431/65 471/433/65 470/447/65
f 208/449/66 467/1896/66 210/450/66
f 462/451/67 463/990/67 212/452/67
f 205/448/68 470/447/68 469/454/68
f 466/456/69 204/437/69 210/450/69
f 207/439/70 462/451/70 213/453/70
f 216/459/36 313/482/36 567/460/36
f 212/462/62 211/471/62 216/463/62
f 213/465/62 212/462/62 217/464/62
f 470/447/62 474/993/62 215/467/62
f 209/432/62 210/992/62 214/468/62
f 468/440/62 213/465/62 473/466/62
f 469/454/62 215/467/62 216/463/62
f 471/433/62 209/432/62 476/469/62
f 217/473/37 567/1897/37 566/474/37
f 474/476/42 569/1898/42 568/477/42
f 473/475/17 566/474/17 314/479/17
f 216/459/43 215/1899/43 568/481/43
f 218/480/38 314/479/38 565/483/38
f 481/485/1 439/488/1 225/486/1
f 439/488/36 481/485/36 220/489/36
f 437/491/71 176/521/71 227/492/71
f 431/497/43 173/490/43 220/489/43
f 182/499/42 431/657/42 224/500/42
f 433/502/16 182/499/16 477/501/16
f 180/504/40 433/502/40 478/503/40
f 178/506/39 180/662/39 223/507/39
f 178/506/73 222/508/73 479/509/73
f 228/511/74 232/1900/74 231/512/74
f 227/514/17 231/1901/17 230/515/17
f 226/517/75 230/1902/75 229/487/75
f 479/509/3 232/1900/3 228/511/3
f 176/521/509 435/1903/509 228/522/509
f 480/523/78 230/529/78 231/495/78
f 437/491/510 226/493/510 225/524/510
f 185/531/82 187/534/82 237/532/82
f 187/534/83 189/537/83 239/535/83
f 191/536/84 240/539/84 239/535/84
f 193/538/85 241/541/85 240/539/85
f 193/538/86 195/542/86 242/540/86
f 195/542/87 197/545/87 243/543/87
f 199/544/88 244/546/88 243/543/88
f 185/531/89 238/533/89 244/546/89
f 193/547/44 319/561/44 320/548/44
f 189/550/50 317/563/50 318/551/50
f 185/553/48 316/557/48 315/554/48
f 185/553/47 199/1904/47 322/556/47
f 197/410/45 195/1905/45 320/558/45
f 193/547/51 191/1906/51 318/560/51
f 187/562/49 315/1907/49 317/563/49
f 184/396/90 186/395/90 249/564/90
f 190/401/91 251/1908/91 250/566/91
f 194/409/92 196/408/92 254/567/92
f 192/403/93 252/572/93 251/569/93
f 198/414/94 255/1909/94 254/567/94
f 186/399/95 188/398/95 250/566/95
f 192/403/96 194/406/96 253/571/96
f 233/573/97 220/590/97 481/574/97
f 495/575/97 481/574/97 480/523/97
f 234/577/97 494/576/97 480/523/97
f 235/578/97 234/577/97 221/494/97
f 236/580/97 235/578/97 479/579/97
f 236/580/97 222/581/97 223/582/97
f 493/583/97 223/582/97 478/584/97
f 492/585/97 478/584/97 477/586/97
f 490/588/97 491/587/97 477/586/97
f 233/573/97 490/588/97 224/589/97
f 491/591/98 589/1910/98 335/592/98
f 235/594/99 236/598/99 333/595/99
f 493/597/100 334/1911/100 333/595/100
f 234/599/101 590/605/101 591/600/101
f 492/593/102 335/592/102 334/602/102
f 234/599/103 235/1912/103 332/604/103
f 323/606/104 248/621/104 249/607/104
f 324/608/105 249/607/105 250/609/105
f 326/611/106 325/610/106 250/609/106
f 327/613/107 326/611/107 251/612/107
f 327/613/108 252/614/108 253/615/108
f 328/616/109 253/615/109 254/617/109
f 330/619/110 329/618/110 254/617/110
f 323/606/111 330/619/111 255/620/111
f 84/622/17 256/626/17 257/623/17
f 86/625/17 258/628/17 256/626/17
f 88/627/17 259/630/17 258/628/17
f 88/627/17 90/194/17 260/629/17
f 90/194/17 92/193/17 261/631/17
f 82/624/17 257/623/17 261/631/17
f 94/207/17 96/635/17 262/632/17
f 98/634/17 264/637/17 262/632/17
f 100/636/17 265/639/17 264/637/17
f 100/636/17 102/640/17 266/638/17
f 102/640/17 104/208/17 267/641/17
f 104/208/17 94/207/17 263/633/17
f 105/175/17 115/174/17 268/642/17
f 107/644/17 270/651/17 271/645/17
f 109/646/17 271/645/17 272/647/17
f 111/648/17 272/647/17 273/649/17
f 113/650/17 273/649/17 268/642/17
f 105/175/17 269/643/17 270/651/17
f 289/652/43 277/1913/43 173/490/43
f 288/653/17 293/1914/17 542/654/17
f 182/499/42 536/658/42 289/656/42
f 535/386/42 288/391/42 289/656/42
f 433/502/16 287/659/16 536/658/16
f 286/383/16 535/386/16 536/658/16
f 285/660/40 287/659/40 433/502/40
f 285/660/40 284/384/40 286/383/40
f 283/661/39 285/663/39 180/662/39
f 282/381/39 284/380/39 285/663/39
f 281/664/38 538/667/38 435/665/38
f 280/376/38 537/378/38 538/667/38
f 279/668/17 281/664/17 176/666/17
f 539/373/17 280/376/17 281/664/17
f 541/670/37 279/668/37 437/669/37
f 540/374/37 539/373/37 279/668/37
f 288/672/97 278/1114/97 291/673/97
f 293/675/1 291/1915/1 290/676/1
f 290/676/1 291/1915/1 543/678/1
f 289/680/62 542/1916/62 290/681/62
f 541/683/62 277/682/62 290/681/62
f 541/685/16 292/1917/16 543/686/16
f 295/688/121 549/1918/121 296/689/121
f 549/691/122 548/1919/122 547/692/122
f 298/694/123 546/1920/123 299/695/123
f 546/697/124 545/1921/124 544/698/124
f 294/700/125 300/710/125 303/701/125
f 297/703/126 299/709/126 302/704/126
f 296/706/127 547/1121/127 550/707/127
f 299/709/128 544/702/128 303/701/128
f 294/700/129 296/706/129 551/708/129
f 300/711/130 304/1922/130 552/712/130
f 302/714/131 553/1923/131 305/715/131
f 303/713/16 552/712/16 553/717/16
f 554/719/132 305/1130/132 309/720/132
f 555/722/133 307/725/133 306/723/133
f 555/722/134 554/719/134 308/721/134
f 307/725/135 308/721/135 337/726/135
f 308/721/136 309/720/136 338/728/136
f 307/725/137 595/727/137 336/729/137
f 311/730/16 564/1924/16 563/731/16
f 559/733/97 311/1925/97 562/734/97
f 564/736/3 311/1926/3 559/737/3
f 376/761/5 514/1927/5 515/762/5
f 377/764/1 516/1928/1 514/765/1
f 378/767/2 517/826/2 516/768/2
f 375/763/4 515/762/4 519/773/4
f 388/775/1 389/897/1 343/776/1
f 408/778/5 520/1929/5 521/779/5
f 409/781/1 522/1930/1 520/782/1
f 410/784/2 523/788/2 522/785/2
f 411/787/6 524/1931/6 523/788/6
f 412/792/3 525/1932/3 524/793/3
f 407/780/4 521/779/4 525/795/4
f 417/797/3 418/1933/3 361/798/3
f 381/800/3 382/1934/3 527/801/3
f 383/806/2 529/821/2 530/807/2
f 384/809/1 530/1935/1 531/810/1
f 386/812/4 526/816/4 527/813/4
f 385/815/5 531/1936/5 526/816/5
f 394/817/4 398/869/4 374/818/4
f 383/806/6 381/1937/6 528/820/6
f 379/822/3 380/1938/3 519/823/3
f 378/767/6 379/1939/6 518/825/6
f 376/827/17 375/837/17 339/828/17
f 343/830/17 377/832/17 376/827/17
f 345/831/17 378/834/17 377/832/17
f 347/833/17 379/1940/17 378/834/17
f 380/835/17 379/1940/17 347/833/17
f 375/837/17 380/835/17 349/836/17
f 382/838/17 381/1941/17 366/839/17
f 366/839/17 381/1941/17 383/841/17
f 383/841/17 384/844/17 370/843/17
f 384/844/17 385/1942/17 372/845/17
f 372/845/17 385/1942/17 386/846/17
f 386/846/17 382/838/17 364/840/17
f 401/848/2 402/1943/2 390/849/2
f 402/851/3 399/1944/3 387/852/3
f 370/854/2 396/1945/2 395/855/2
f 392/857/4 387/871/4 339/858/4
f 389/850/2 390/849/2 345/860/2
f 397/862/1 396/892/1 370/863/1
f 393/865/3 394/1946/3 364/866/3
f 390/849/6 391/1947/6 347/868/6
f 398/869/5 397/899/5 372/870/5
f 387/871/5 388/1948/5 341/872/5
f 395/855/6 393/1949/6 366/873/6
f 391/874/3 392/1950/3 349/875/3
f 392/877/17 391/1951/17 390/878/17
f 393/880/17 395/1952/17 398/881/17
f 402/883/17 401/1953/17 400/884/17
f 404/886/17 403/941/17 405/887/17
f 399/885/17 400/884/17 424/889/17
f 405/891/1 403/937/1 396/892/1
f 404/893/3 406/1954/3 398/894/3
f 400/896/1 401/1955/1 389/897/1
f 406/898/5 405/1956/5 397/899/5
f 387/852/3 399/1944/3 422/900/3
f 400/896/1 388/775/1 426/902/1
f 426/904/16 388/1957/16 387/905/16
f 408/907/17 407/1958/17 351/908/17
f 409/910/17 408/907/17 353/909/17
f 410/912/17 409/910/17 355/911/17
f 411/914/17 410/912/17 357/913/17
f 412/916/17 411/914/17 359/915/17
f 351/908/17 407/1958/17 412/916/17
f 429/918/2 430/1959/2 416/919/2
f 415/920/2 416/919/2 357/921/2
f 413/923/5 414/944/5 353/924/5
f 418/926/4 413/923/4 351/925/4
f 416/919/6 417/1960/6 359/928/6
f 414/929/1 415/1961/1 355/930/1
f 425/932/16 420/935/16 395/933/16
f 426/904/16 419/906/16 420/935/16
f 423/936/1 425/938/1 396/892/1
f 424/903/1 426/902/1 425/938/1
f 420/939/3 421/1962/3 404/893/3
f 404/886/17 421/942/17 423/940/17
f 422/890/17 424/889/17 423/940/17
f 421/943/32 420/1963/32 414/944/32
f 421/942/149 428/953/149 429/946/149
f 422/947/34 429/918/34 415/920/34
f 417/949/17 416/1964/17 413/950/17
f 430/952/17 429/946/17 428/953/17
f 427/955/5 428/945/5 414/944/5
f 430/956/3 427/1965/3 413/957/3
f 420/935/150 419/906/150 415/959/150
f 537/961/73 436/962/73 179/379/73
f 436/962/151 458/989/151 201/388/151
f 442/963/51 496/1966/51 497/964/51
f 444/966/50 498/970/50 496/967/50
f 446/969/49 499/1967/49 498/970/49
f 448/971/48 500/975/48 499/972/48
f 450/974/47 501/1968/47 500/975/47
f 452/976/46 502/983/46 501/977/46
f 579/979/49 578/1969/49 453/980/49
f 452/976/45 454/1064/45 503/982/45
f 440/965/44 497/964/44 503/984/44
f 513/986/90 506/1970/90 440/965/90
f 206/987/39 463/444/39 457/389/39
f 466/988/37 465/1895/37 460/422/37
f 458/989/73 464/991/73 206/987/73
f 204/437/36 466/456/36 461/421/36
f 463/990/40 462/451/40 456/430/40
f 464/991/152 469/1971/152 211/445/152
f 467/442/62 472/441/62 214/468/62
f 471/433/62 475/472/62 474/993/62
f 312/994/39 571/1972/39 476/995/39
f 565/997/73 312/994/73 214/996/73
f 570/999/16 569/1898/16 474/476/16
f 571/1001/40 570/999/40 475/1000/40
f 224/498/1 486/1018/1 482/1003/1
f 483/1004/153 484/1973/153 433/1005/153
f 437/669/37 480/1010/37 481/1009/37
f 176/666/17 221/1011/17 480/1010/17
f 435/665/38 479/1974/38 221/1011/38
f 488/1012/155 489/1975/155 485/1013/155
f 487/1015/16 488/1976/16 484/1016/16
f 486/1018/156 487/1977/156 483/1019/156
f 485/1013/3 489/1975/3 223/507/3
f 433/1005/511 484/1973/511 485/1021/511
f 488/1008/159 487/1025/159 477/586/159
f 482/1023/512 483/1004/512 182/1006/512
f 331/1026/163 588/1978/163 490/1027/163
f 441/1029/89 497/1979/89 496/1030/89
f 443/1031/88 496/1030/88 498/1032/88
f 498/1032/87 499/1035/87 447/1034/87
f 499/1035/86 500/1980/86 449/1036/86
f 449/1036/85 500/1980/85 501/1037/85
f 451/1038/84 501/1037/84 502/1039/84
f 502/1039/83 503/1042/83 455/1041/83
f 503/1042/82 497/1979/82 441/1029/82
f 577/1043/51 576/1981/51 449/1044/51
f 575/1046/45 574/1982/45 445/1047/45
f 572/1049/47 573/1983/47 441/1050/47
f 441/1050/48 573/1983/48 579/1052/48
f 453/980/50 578/1969/50 577/1054/50
f 449/1044/44 576/1981/44 575/1056/44
f 445/1047/46 574/1982/46 572/1058/46
f 440/965/52 506/1970/52 507/1060/52
f 508/1061/92 509/1984/92 446/969/92
f 450/978/91 511/1985/91 512/1062/91
f 509/1063/96 510/1986/96 448/971/96
f 512/1062/95 513/1987/95 454/1064/95
f 442/968/94 507/1988/94 508/1061/94
f 448/971/93 510/1986/93 511/1065/93
f 588/1066/164 589/1910/164 491/591/164
f 494/601/165 591/600/165 592/1068/165
f 495/1070/166 592/1989/166 331/1026/166
f 507/1071/111 506/1990/111 580/1072/111
f 508/1074/110 507/1071/110 581/1073/110
f 583/1076/109 509/1078/109 508/1074/109
f 584/1077/108 510/1991/108 509/1078/108
f 511/1079/107 510/1991/107 584/1077/107
f 512/1081/106 511/1079/106 585/1080/106
f 587/1083/105 513/1084/105 512/1081/105
f 580/1072/104 506/1990/104 513/1084/104
f 515/1085/16 514/1088/16 342/1086/16
f 514/1088/16 516/1090/16 344/1089/16
f 516/1090/16 517/1092/16 346/1091/16
f 517/1092/16 518/1093/16 348/791/16
f 518/1093/16 519/1094/16 350/789/16
f 519/1094/16 515/1085/16 340/1087/16
f 521/1095/16 520/1097/16 354/1096/16
f 520/1097/16 522/1992/16 356/1098/16
f 356/1098/16 522/1992/16 523/1099/16
f 523/1099/16 524/1993/16 360/1101/16
f 360/1101/16 524/1993/16 525/1102/16
f 525/1102/16 521/1095/16 352/803/16
f 527/1103/16 526/1994/16 373/770/16
f 529/1104/16 528/1110/16 365/1105/16
f 369/1107/16 530/1995/16 529/1104/16
f 531/1108/16 530/1995/16 369/1107/16
f 373/770/16 526/1994/16 531/1108/16
f 528/1110/16 527/1103/16 363/772/16
f 173/490/36 277/1913/36 541/1111/36
f 435/510/73 538/1112/73 283/661/73
f 538/1112/73 537/961/73 282/381/73
f 540/1113/97 543/1996/97 291/673/97
f 544/698/176 545/1921/176 295/1115/176
f 547/1117/177 548/1997/177 298/694/177
f 295/1120/3 545/1998/3 546/1118/3
f 546/1118/3 298/1999/3 548/1119/3
f 548/1119/3 549/2000/3 295/1120/3
f 297/703/178 301/705/178 550/707/178
f 555/1122/179 304/2001/179 300/1123/179
f 305/715/180 554/2002/180 550/1125/180
f 554/1126/17 555/2003/17 551/1127/17
f 553/1129/181 557/1134/181 309/720/181
f 306/723/182 556/1132/182 552/1131/182
f 556/1132/183 557/1134/183 553/1129/183
f 556/1132/184 593/1162/184 594/1133/184
f 557/1134/185 594/1133/185 338/728/185
f 336/729/186 593/1162/186 556/1132/186
f 560/1135/17 561/2004/17 559/1136/17
f 563/1138/62 564/2005/62 561/1139/62
f 599/1163/187 598/2006/187 607/1164/187
f 598/1166/513 600/2007/513 608/1167/513
f 600/1169/189 601/1172/189 609/1170/189
f 601/1172/514 602/2008/514 610/1173/514
f 610/1174/191 602/2009/191 603/1175/191
f 611/1176/192 603/1175/192 604/1177/192
f 612/1179/193 604/2010/193 605/1180/193
f 613/1181/194 605/1180/194 599/1163/194
f 620/1200/196 628/1229/196 629/1201/196
f 657/1203/197 617/1230/197 618/1204/197
f 655/1206/198 656/1209/198 616/1207/198
f 656/1209/199 662/1219/199 622/1210/199
f 660/1211/515 620/1200/515 621/1202/515
f 659/1213/201 658/2011/201 618/1214/201
f 655/1206/202 615/1208/202 617/1216/202
f 661/1218/203 621/1227/203 622/1210/203
f 660/1211/204 659/1213/204 619/1215/204
f 623/1220/205 624/1231/205 632/1221/205
f 619/1223/516 618/1204/516 626/1224/516
f 615/1208/207 623/1220/207 625/1226/207
f 621/1227/208 629/1239/208 630/1228/208
f 619/1215/517 627/1240/517 628/1229/517
f 617/1230/210 625/1242/210 626/1224/210
f 615/1208/211 616/1207/211 624/1231/211
f 616/1207/212 622/1210/212 630/1228/212
f 637/1232/518 645/2012/518 646/1233/518
f 624/1231/214 630/1228/214 638/1234/214
f 628/1229/215 636/1241/215 637/1235/215
f 627/1225/216 626/1224/216 634/1236/216
f 623/1220/217 631/1222/217 633/1238/217
f 629/1239/218 637/1232/218 638/1234/218
f 627/1240/219 635/1243/219 636/1241/219
f 625/1242/220 633/1245/220 634/1236/220
f 635/1243/221 643/1316/221 644/1244/221
f 633/1245/222 641/2013/222 642/1246/222
f 631/1222/223 632/1221/223 640/1247/223
f 632/1221/224 638/1234/224 646/1233/224
f 636/1241/225 644/1244/225 645/1249/225
f 635/1237/226 634/1236/226 642/1246/226
f 631/1222/227 639/1248/227 641/1251/227
f 678/1256/229 677/2014/229 669/1257/229
f 667/1259/230 666/1284/230 706/1260/230
f 704/1262/231 664/1280/231 665/1263/231
f 705/1264/232 665/1263/232 671/1265/232
f 670/1258/233 669/1257/233 709/1267/233
f 708/1269/234 668/1277/234 667/1259/234
f 666/1270/235 664/1280/235 704/1262/235
f 671/1265/236 670/1258/236 710/1268/236
f 709/1267/519 669/1257/519 668/1272/519
f 672/1274/238 680/1300/238 681/1275/238
f 668/1277/239 676/1291/239 675/1278/239
f 674/1279/240 672/1274/240 664/1280/240
f 679/1281/241 678/1256/241 670/1258/241
f 677/1282/242 676/1291/242 668/1277/242
f 675/1278/243 674/1295/243 666/1284/243
f 664/1280/244 672/1274/244 673/1276/244
f 665/1263/245 673/1276/245 679/1281/245
f 695/1285/246 694/2015/246 686/1286/246
f 673/1276/247 681/1275/247 687/1287/247
f 686/1288/248 685/1303/248 677/1289/248
f 676/1291/249 684/1298/249 683/1292/249
f 682/1293/250 680/1305/250 672/1294/250
f 687/1287/520 686/1286/520 678/1256/520
f 685/1296/252 684/1298/252 676/1291/252
f 683/1292/521 682/1293/521 674/1295/521
f 693/1297/254 692/2016/254 684/1298/254
f 691/1299/255 690/1304/255 682/1293/255
f 680/1300/256 688/2017/256 689/1301/256
f 681/1275/257 689/1301/257 695/1285/257
f 694/1302/258 693/2018/258 685/1303/258
f 684/1298/259 692/2016/259 691/1299/259
f 690/1304/260 688/2019/260 680/1305/260
f 639/1248/263 640/1247/263 689/1308/263
f 641/1310/522 639/2020/522 688/1311/522
f 642/1246/265 641/2013/265 690/1313/265
f 642/1246/266 691/1314/266 692/1315/266
f 643/1316/267 692/2021/267 693/1317/267
f 644/1318/268 693/2022/268 694/1319/268
f 645/1320/269 694/1319/269 695/1321/269
f 640/1323/270 646/1322/270 695/1321/270
f 725/1325/271 724/1328/271 714/1326/271
f 724/1328/272 726/2023/272 716/1329/272
f 716/1330/273 726/2024/273 727/1331/273
f 727/1333/274 728/1339/274 720/1334/274
f 721/1336/275 719/1353/275 735/1337/275
f 728/1339/276 729/2025/276 722/1340/276
f 722/1341/277 729/2026/277 725/1342/277
f 714/1326/523 716/1329/523 740/1344/523
f 713/1346/62 715/1350/62 724/1347/62
f 717/1349/62 726/1352/62 724/1347/62
f 717/1349/62 719/1353/62 727/1351/62
f 719/1353/62 721/1336/62 728/1354/62
f 723/1355/62 729/1356/62 728/1354/62
f 723/1355/62 713/1346/62 725/1348/62
f 715/1357/279 732/1365/279 734/1358/279
f 721/1336/280 736/1338/280 737/1360/280
f 719/1361/281 717/2027/281 734/1362/281
f 715/1357/282 713/2028/282 733/1364/282
f 713/1366/283 723/2029/283 737/1367/283
f 720/1334/524 722/1340/524 743/1369/524
f 714/1326/285 739/1345/285 738/1371/285
f 718/1332/286 741/2030/286 740/1372/286
f 712/1343/287 738/2031/287 743/1373/287
f 720/1334/288 742/1370/288 741/1374/288
f 745/1386/289 744/2032/289 748/1387/289
f 757/1389/292 747/1391/292 748/1395/292
f 748/1397/293 752/1405/293 753/1398/293
f 748/1397/296 747/2033/296 751/1404/296
f 753/1406/297 752/1413/297 755/1407/297
f 751/1412/300 754/2034/300 755/1407/300
f 755/1407/301 744/1417/301 745/1414/301
f 755/1407/304 754/2034/304 757/1416/304
f 758/1418/305 762/2035/305 763/1419/305
f 761/1427/308 760/2036/308 758/1428/308
f 762/1430/309 760/2037/309 761/1431/309
f 765/1433/310 764/1442/310 768/1434/310
f 764/1442/313 777/1436/313 767/1438/313
f 768/1443/314 772/1451/314 773/1444/314
f 767/1450/317 771/2038/317 772/1451/317
f 772/1452/318 775/1458/318 776/1453/318
f 771/1457/525 774/2039/525 775/1458/525
f 776/1459/322 775/1466/322 764/1460/322
f 775/1466/325 774/1462/325 777/1464/325
f 779/1467/326 778/2040/326 782/1468/326
f 780/1476/329 778/2041/329 779/1473/329
f 783/1477/330 782/2042/330 780/1478/330
f 785/1480/331 784/2043/331 788/1481/331
f 784/1487/334 797/1483/334 787/1485/334
f 788/1489/335 792/2044/335 793/1490/335
f 787/1485/338 791/1492/338 792/1496/338
f 792/1497/339 795/2045/339 796/1498/339
f 791/1500/342 794/2046/342 795/1501/342
f 796/1498/343 795/2045/343 784/1503/343
f 795/1505/346 794/2047/346 797/1506/346
f 799/1508/347 798/2048/347 802/1509/347
f 800/1517/350 798/2049/350 799/1518/350
f 802/1509/351 800/2050/351 801/1520/351
f 804/1521/352 808/1531/352 809/1522/352
f 817/1530/355 807/2051/355 808/1531/355
f 809/1532/356 808/1537/356 812/1533/356
f 808/1537/359 807/2052/359 811/1538/359
f 813/1539/360 812/1544/360 815/1540/360
f 812/1544/363 811/2053/363 814/1545/363
f 815/1546/364 804/1550/364 805/1547/364
f 814/1549/367 817/2054/367 804/1550/367
f 819/1551/368 818/2055/368 822/1552/368
f 820/1560/371 818/2056/371 819/1561/371
f 822/1563/372 820/2057/372 821/1564/372
f 825/1566/373 824/2058/373 828/1567/373
f 824/1573/376 837/1569/376 827/1571/376
f 828/1575/377 832/2059/377 833/1576/377
f 827/1578/380 831/1580/380 832/1582/380
f 832/1584/381 835/2060/381 836/1585/381
f 831/1580/384 834/1587/384 835/1589/384
f 836/1590/385 835/1595/385 824/1591/385
f 835/1595/388 834/2061/388 837/1596/388
f 838/1597/389 842/2062/389 843/1598/389
f 841/1606/392 840/2063/392 838/1607/392
f 843/1609/393 842/2064/393 840/1610/393
f 844/1612/394 848/1622/394 849/1613/394
f 857/1621/397 847/2065/397 848/1622/397
f 849/1623/398 848/1630/398 852/1624/398
f 848/1630/401 847/2066/401 851/1631/401
f 853/1629/402 852/2067/402 855/1632/402
f 852/1635/405 851/1628/405 854/1634/405
f 855/1637/406 844/1642/406 845/1638/406
f 854/1641/409 857/2068/409 844/1642/409
f 859/1643/410 858/2069/410 862/1644/410
f 860/1650/413 858/2070/413 859/1651/413
f 862/1653/414 860/2071/414 861/1654/414
f 864/1656/415 868/1666/415 869/1657/415
f 864/1656/418 877/2072/418 867/1665/418
f 869/1667/419 868/2073/419 872/1668/419
f 867/1661/422 871/1670/422 872/1672/422
f 872/1674/423 875/2074/423 876/1675/423
f 872/1672/426 871/1670/426 874/1677/426
f 876/1678/427 875/2075/427 864/1680/427
f 874/1681/430 877/2076/430 864/1682/430
f 879/1684/431 878/1687/431 882/1685/431
f 880/1692/434 878/2077/434 879/1693/434
f 882/1695/435 880/2078/435 881/1696/435
f 884/1698/436 888/2079/436 889/1699/436
f 897/1705/439 887/2080/439 888/1706/439
f 889/1708/440 888/1713/440 892/1709/440
f 888/1713/443 887/2081/443 891/1714/443
f 893/1715/526 892/2082/526 895/1716/526
f 892/1720/447 891/1711/447 894/1718/447
f 895/1722/448 884/1727/448 885/1723/448
f 894/1726/451 897/2083/451 884/1727/451
f 899/1728/452 898/2084/452 902/1729/452
f 900/1737/455 898/2085/455 899/1734/455
f 902/1738/456 900/2086/456 901/1739/456
f 905/1741/457 904/1765/457 908/1742/457
f 904/1748/527 917/2087/527 907/1749/527
f 909/1751/461 908/2088/461 912/1752/461
f 907/1746/464 911/1754/464 912/1756/464
f 912/1758/465 915/1764/465 916/1759/465
f 911/1763/468 914/2089/468 915/1764/468
f 916/1762/469 915/2090/469 904/1765/469
f 914/1766/472 917/2091/472 904/1767/472
f 919/1769/473 918/2092/473 922/1770/473
f 920/1778/476 918/2093/476 919/1779/476
f 922/1781/477 920/2094/477 921/1782/477
f 924/1784/528 928/2095/528 929/1785/528
f 937/1787/481 927/1789/481 928/1791/481
f 929/1793/482 928/2096/482 932/1794/482
f 928/1800/485 927/1796/485 931/1798/485
f 933/1802/486 932/2097/486 935/1803/486
f 932/1801/489 931/1798/489 934/1805/489
f 935/1808/490 924/1813/490 925/1809/490
f 934/1812/493 937/2098/493 924/1813/493
f 939/1814/494 938/2099/494 942/1815/494
f 940/1823/497 938/2100/497 939/1820/497
f 942/1824/498 940/2101/498 941/1825/498
l 639 647
l 649 641
l 645 653
l 654 646
l 643 651
l 652 644
l 650 642
l 640 648
l 688 696
l 698 690
l 694 702
l 703 695
l 692 700
l 701 693
l 699 691
l 689 697
